Date,method,gross_return,net_return,rf,gross_turnover,conditioning_alpha,pre_lambda_min,rank_pre_conditioning,correlation_identity_shrinkage_alpha,matched_correlation_kappa
2000-01-31,AIQ,-0.0037366234937862733,-0.0047328868702924964,0.0046777558769326,1.0,0.0,0.08473190688077546,10,,
2000-01-31,HC,-0.00641240292920599,-0.007405990526276773,0.0046777558769326,1.0,0.0,0.04198646431864013,10,,
2000-01-31,LS1,-0.008729610343371398,-0.009720880733028014,0.0046777558769326,1.0,0.0,0.3011630779343095,10,,
2000-01-31,LS2,-0.007886753239053412,-0.008878866485814374,0.0046777558769326,1.0,0.0,0.2120588316360675,10,,
2000-01-31,LS3,-0.0033744776559590304,-0.004371103178303026,0.0046777558769326,1.0,0.0,0.5343106300049868,10,,
2000-01-31,LS4,-0.005532094124615482,-0.006526562030490957,0.0046777558769326,1.0,0.0,0.33836197716420774,10,,
2000-01-31,LS5,-0.003629576649969956,-0.00462594707331998,0.0046777558769326,1.0,0.0,0.15127858704766645,10,,
2000-01-31,NLS6,-0.007469071659081905,-0.0084616025874229,0.0046777558769326,1.0,0.0,0.11399021838926754,10,,
2000-01-31,NLS7,-0.007356086719580391,-0.008348730632860901,0.0046777558769326,1.0,0.0,0.1062903710482417,10,,
2000-01-31,NLS8,-0.007517174206182824,-0.008509657031976592,0.0046777558769326,0.9999999999999998,0.0,0.1220715726942686,10,,
2000-01-31,CRE,-0.003588332280709464,-0.004584743948428671,0.0046777558769326,1.0,0.0,0.41007601031893026,10,,
2000-01-31,SRE_STAR,-0.0036399790856558364,-0.004636339106570131,0.0046777558769326,1.0,0.0,0.12223950983073607,10,,
2000-01-31,GS_STAR,-0.0030972947740037764,-0.004094197479229789,0.0046777558769326,1.0,0.0,0.34090643746983507,10,,
2000-01-31,ID_KAPPA,-0.0061606704030422845,-0.007154509732639203,0.0046777558769326,1.0,0.0,0.09960111783923614,10,0.06013970719069204,48.7002130760621
2000-01-31,EW,-0.012430382294819232,-0.013417951912524373,0.0046777558769326,1.0,0.0,,10,,
2000-02-29,AIQ,0.009973034096756653,0.009937462864833435,0.0046935871724245,0.0352199818435277,0.0,0.09165157922373503,10,,
2000-02-29,HC,0.011070043317104478,0.010989848552563464,0.0046935871724245,0.07931672496002362,0.0,0.044431346033570504,10,,
2000-02-29,LS1,0.011468553147110504,0.011396861886195264,0.0046935871724245,0.07087838835164897,0.0,0.32705264638172127,10,,
2000-02-29,LS2,0.01143091957347214,0.011358651775073003,0.0046935871724245,0.07145104722477766,0.0,0.23150279633992926,10,,
2000-02-29,LS3,0.01119177364616449,0.011176900984672056,0.0046935871724245,0.014708052300356295,0.0,0.5583536800783971,10,,
2000-02-29,LS4,0.010702742244504303,0.01066282608406377,0.0046935871724245,0.03949347198941497,0.0,0.3780099551742343,10,,
2000-02-29,LS5,0.01060198501212724,0.01057637598082084,0.0046935871724245,0.02534037305126536,0.0,0.15759357961064122,10,,
2000-02-29,NLS6,0.010759554559346672,0.010662094840647507,0.0046935871724245,0.09642225815174627,0.0,0.11429817046294487,10,,
2000-02-29,NLS7,0.010813937829876625,0.010706615816827636,0.0046935871724245,0.1061738555755887,0.0,0.10708325584139562,10,,
2000-02-29,NLS8,0.010697930492279632,0.010607432446535947,0.0046935871724245,0.08954015142750732,0.0,0.12189132540896204,10,,
2000-02-29,CRE,0.010495972507954166,0.01046993629118953,0.0046935871724245,0.02576577984774887,0.0,0.41596570435036107,10,,
2000-02-29,SRE_STAR,0.010571946213205124,0.010548371405811663,0.0046935871724245,0.023328183096627913,0.0,0.1296194081927131,10,,
2000-02-29,GS_STAR,0.009715408579259148,0.00968637762811575,0.0046935871724245,0.028751617432854214,0.0,0.3430580161122521,10,,
2000-02-29,ID_KAPPA,0.011002414739218154,0.010934351388634633,0.0046935871724245,0.06732263898826345,0.0,0.10979024708843685,10,0.068397912367228,43.33784391751609
2000-02-29,EW,0.04575318140541451,0.04572719916526413,0.0046935871724245,0.02484548037961329,0.0,,10,,
2000-03-31,AIQ,0.009012297767225182,0.008966205901488555,0.0047727025161425,0.04568018233137343,0.0,0.11240332631945235,10,,
2000-03-31,HC,0.008314931992693718,0.00827437961446087,0.0047727025161425,0.04021796855929579,0.0,0.042228247771040874,10,,
2000-03-31,LS1,0.002860601415688183,0.0028323224369144473,0.0047727025161425,0.028198314635089317,0.0,0.31376507108284524,10,,
2000-03-31,LS2,0.001298484042844856,0.0012660367972823217,0.0047727025161425,0.032405167969238646,0.0,0.22281278231616777,10,,
2000-03-31,LS3,0.010050458668191485,0.010043697537382323,0.0047727025161425,0.00669385450119242,0.0,0.5691602893846368,10,,
2000-03-31,LS4,0.008208279349541098,0.008178121048824316,0.0047727025161425,0.029912768357829536,0.0,0.3702216114733861,10,,
2000-03-31,LS5,0.006682832502602473,0.00667699500769392,0.0047727025161425,0.005798742881252858,0.0,0.20677063351111657,10,,
2000-03-31,NLS6,0.00950377223512141,0.00948570638159274,0.0047727025161425,0.017895776148332633,0.0,0.10668116363011051,10,,
2000-03-31,NLS7,0.009399865529785972,0.009377232481205366,0.0047727025161425,0.022422282143596137,0.0,0.09850701283828893,10,,
2000-03-31,NLS8,0.00959789502991516,0.00958403787655171,0.0047727025161425,0.01372541824001116,0.0,0.11537406251827091,10,,
2000-03-31,CRE,0.005725403564228722,0.00571609106107851,0.0047727025161425,0.009259488839728835,0.0,0.4408107756600969,10,,
2000-03-31,SRE_STAR,0.005683691916659059,0.005678693795156731,0.0047727025161425,0.004969874267978959,0.0,0.19660036755129118,10,,
2000-03-31,GS_STAR,0.007417760104513849,0.007374518742637504,0.0047727025161425,0.04292296958493574,0.0,0.3269932877028011,10,,
2000-03-31,ID_KAPPA,0.008155655773849019,0.00811525913023714,0.0047727025161425,0.04006984772677308,0.0,0.12818548698835355,10,0.0897471020807095,35.82964832707626
2000-03-31,EW,0.003942048029089931,0.003890454726340309,0.0047727025161425,0.05139071807084246,0.0,,10,,
2000-04-30,AIQ,-0.0017702475656781347,-0.001937747931368028,0.0047252415336795,0.16779740864414008,0.0,0.11727130023114705,10,,
2000-04-30,HC,-0.002826803291012822,-0.002903172907144147,0.0047252415336795,0.07658610999916188,0.0,0.026396183922500593,10,,
2000-04-30,LS1,-0.0019373215362772094,-0.002005905364553806,0.0047252415336795,0.06871695511361936,0.0,0.3060872999936558,10,,
2000-04-30,LS2,-0.000649362579270129,-0.0007122490411718418,0.0047252415336795,0.0629273245514576,0.0,0.20937572226488388,10,,
2000-04-30,LS3,-0.002409446445834325,-0.0024355856697952927,0.0047252415336795,0.026202357137280197,0.0,0.5949278552109103,10,,
2000-04-30,LS4,-0.0027754626386726168,-0.002827341213866408,0.0047252415336795,0.052022962984043075,0.0,0.381725551397339,10,,
2000-04-30,LS5,-0.0023193238712890564,-0.002342181512057784,0.0047252415336795,0.02291077828361629,0.0,0.22241207563048243,10,,
2000-04-30,NLS6,-0.004326733658721626,-0.004420035138722134,0.0047252415336795,0.09370692490665755,0.0,0.07310319770193828,10,,
2000-04-30,NLS7,-0.004255149885970712,-0.00434797700305356,0.0047252415336795,0.09322379831753297,0.0,0.0661451870334603,10,,
2000-04-30,NLS8,-0.0044231711021723505,-0.004518935060913165,0.0047252415336795,0.09618942100805412,0.0,0.08067682184482257,10,,
2000-04-30,CRE,-0.0020038858615144504,-0.002029851526061499,0.0047252415336795,0.026017801251056936,0.0,0.44936769094736123,10,,
2000-04-30,SRE_STAR,-0.002390590594511055,-0.002415613156282581,0.0047252415336795,0.025082523817015145,0.0,0.19088770816332548,10,,
2000-04-30,GS_STAR,-0.000989434308836221,-0.00106499059024745,0.0047252415336795,0.07563111342964138,0.0,0.3706915613557838,10,,
2000-04-30,ID_KAPPA,-0.0029021839771963933,-0.0029671330664440276,0.0047252415336795,0.06513813209081437,0.0,0.13480595970249742,10,0.11134896350012578,32.33561213461578
2000-04-30,EW,-0.035504321264193964,-0.035541120076604926,0.0047252415336795,0.038153423827804664,0.0,,10,,
2000-05-31,AIQ,-0.003202136904156176,-0.0032708771319445162,0.0045747855128817,0.06896105051310514,0.0,0.14277085217626118,10,,
2000-05-31,HC,-0.003087742939350713,-0.003163383483569704,0.0045747855128817,0.0758748261778026,0.0,0.04135613528394464,10,,
2000-05-31,LS1,-0.0011220759114551311,-0.0012571674123834642,0.0045747855128817,0.13524325412602142,0.0,0.22660030462462105,10,,
2000-05-31,LS2,-0.0013849633505693371,-0.001553510302819694,0.0045747855128817,0.16878070734425243,0.0,0.20463820793510545,10,,
2000-05-31,LS3,-0.0027259608277453895,-0.0029840532181588664,0.0045747855128817,0.2587978632510476,0.0,0.4156912389056236,10,,
2000-05-31,LS4,-0.003185623610717635,-0.00329586497693668,0.0045747855128817,0.11059367604475992,0.0,0.2841302615012911,10,,
2000-05-31,LS5,-0.0022779270533196914,-0.0024250860824960307,0.0045747855128817,0.14749501205458,0.0,0.2976976239319001,10,,
2000-05-31,NLS6,-0.00410135136317514,-0.0041367110641385985,0.0045747855128817,0.035505320759123216,0.0,0.10050571394532587,10,,
2000-05-31,NLS7,-0.004104477165908482,-0.004158524579981782,0.0045747855128817,0.05427016472521265,0.0,0.08941600840677756,10,,
2000-05-31,NLS8,-0.004117312755552286,-0.004152056733674359,0.0045747855128817,0.034887621370656374,0.0,0.11271313472457642,10,,
2000-05-31,CRE,-0.0022964010508824645,-0.0024105210160911827,0.0045747855128817,0.11438263360873102,0.0,0.5568496369681993,10,,
2000-05-31,SRE_STAR,-0.0022071220899754756,-0.00230842768374806,0.0045747855128817,0.10152968217693578,0.0,0.28592873208083996,10,,
2000-05-31,GS_STAR,-0.0022833269576299094,-0.002411314850932045,0.0045747855128817,0.1282808003116835,0.0,0.32714914877511336,10,,
2000-05-31,ID_KAPPA,-0.003165477831435466,-0.003253534026409821,0.0045747855128817,0.08833582005440971,0.0,0.13849851829111187,10,0.10133312962467086,23.803996524716418
2000-05-31,EW,-0.01770046080540345,-0.017743356944683986,0.0045747855128817,0.04366910251808394,0.0,,10,,
2000-06-30,AIQ,0.020907763732973286,0.020706039447445868,0.0047727025161425,0.19759305658517945,0.0,0.11579480778317319,10,,
2000-06-30,HC,0.020913839340636044,0.02069152863563195,0.0047727025161425,0.2177565788977417,0.0,0.04712498436661926,10,,
2000-06-30,LS1,0.02924567486951838,0.02907079988710004,0.0047727025161425,0.16990596772779587,0.0,0.20313490393352485,10,,
2000-06-30,LS2,0.02869074630462495,0.02850795774379855,0.0047727025161425,0.17769048811106858,0.0,0.1821537036723699,10,,
2000-06-30,LS3,0.02082142095461546,0.02064981612413397,0.0047727025161425,0.16810465274219924,0.0,0.2929131941461351,10,,
2000-06-30,LS4,0.02100202445612748,0.020785853002923238,0.0047727025161425,0.2117248036991423,0.0,0.24268294647111718,10,,
2000-06-30,LS5,0.021526378906656356,0.021379652337755628,0.0047727025161425,0.1436346353167941,0.0,0.29150245925812157,10,,
2000-06-30,NLS6,0.021466908265382105,0.02117247503203301,0.0047727025161425,0.28824549377625613,0.0,0.11713867431833742,10,,
2000-06-30,NLS7,0.021394831472666284,0.021068251847646824,0.0047727025161425,0.3197388658687278,0.0,0.10708723277566198,10,,
2000-06-30,NLS8,0.021580760211025805,0.021320063747405138,0.0047727025161425,0.2551892848559486,0.0,0.12780285201848868,10,,
2000-06-30,CRE,0.022311675090079672,0.022166786701551144,0.0047727025161425,0.14172623873800114,0.0,0.5340039130358983,10,,
2000-06-30,SRE_STAR,0.022323901073495394,0.022188984356759978,0.0047727025161425,0.13197061772082044,0.0,0.24699251337468664,10,,
2000-06-30,GS_STAR,0.02159784014213718,0.02137760915211917,0.0047727025161425,0.21557503487614632,0.0,0.3166768997173343,10,,
2000-06-30,ID_KAPPA,0.02094477101733998,0.02072152583575404,0.0047727025161425,0.2186652872159184,0.0,0.11552472920877667,10,0.07178249373732544,30.366705978633632
2000-06-30,EW,0.04986903954879107,0.049830409751775884,0.0047727025161425,0.03679487208396108,0.0,,10,,
2000-07-31,AIQ,0.010961601858920256,0.010883159178253443,0.0050805993126556,0.07759214645009342,0.0,0.07283671598008609,10,,
2000-07-31,HC,0.01049763297497162,0.010400378360825524,0.0050805993126556,0.09624427704971424,0.0,0.04261602846647657,10,,
2000-07-31,LS1,0.00588165868683008,0.005777795702971211,0.0050805993126556,0.10325566925472736,0.0,0.16759101284609937,10,,
2000-07-31,LS2,0.0066616264784619406,0.006547139263434865,0.0050805993126556,0.11372959097240523,0.0,0.14856699985626673,10,,
2000-07-31,LS3,0.009734694847571924,0.009648843525377204,0.0050805993126556,0.08502364297535282,0.0,0.28554015324579035,10,,
2000-07-31,LS4,0.010450220305589302,0.010346907641608283,0.0050805993126556,0.10224418967409611,0.0,0.22806508377967397,10,,
2000-07-31,LS5,0.011944134006594338,0.011879629897252775,0.0050805993126556,0.06374275730646083,0.0,0.2733522563660198,10,,
2000-07-31,NLS6,0.008264531248777527,0.008194057760951612,0.0050805993126556,0.06989583154180568,0.0,0.09610729633784079,10,,
2000-07-31,NLS7,0.008696082266750208,0.008642729841533914,0.0050805993126556,0.05289246796355292,0.0,0.09086935900378107,10,,
2000-07-31,NLS8,0.007820671958281896,0.007732978126570256,0.0050805993126556,0.08701332900949095,0.0,0.10148244715357299,10,,
2000-07-31,CRE,0.010589387783366598,0.010546327578425885,0.0050805993126556,0.04260900169866423,0.0,0.5056034392811628,10,,
2000-07-31,SRE_STAR,0.010591273853236282,0.010569506446529653,0.0050805993126556,0.021539278311488212,0.0,0.2178695344812025,10,,
2000-07-31,GS_STAR,0.010199846621414382,0.010054790595575014,0.0050805993126556,0.143591415425873,0.0,0.3003894131451056,10,,
2000-07-31,ID_KAPPA,0.010483990398186108,0.010392060050261165,0.0050805993126556,0.09097655064150631,0.0,0.07595742756533737,10,0.034825524648647625,51.296878146936464
2000-07-31,EW,-0.021909851443735456,-0.02193564422868466,0.0050805993126556,0.026370560001349963,0.0,,10,,
2000-08-31,AIQ,0.0117529195729333,0.011429304883425084,0.0051121198812691,0.3198554540814953,0.0,0.0961960784877194,10,,
2000-08-31,HC,0.011970767393223582,0.011666802073128535,0.0051121198812691,0.30036966470694154,0.0,0.05306525357011631,10,,
2000-08-31,LS1,0.013813025370159628,0.013737519446528346,0.0051121198812691,0.07447716861178381,0.0,0.16110530171958656,10,,
2000-08-31,LS2,0.013663594805591444,0.013579383923203903,0.0051121198812691,0.08307576874521512,0.0,0.1443378794062956,10,,
2000-08-31,LS3,0.011968998087665416,0.0116812345370918,0.0051121198812691,0.28436004572998264,0.0,0.2764188665570115,10,,
2000-08-31,LS4,0.01189997172599384,0.0116102421490214,0.0051121198812691,0.2863223491133222,0.0,0.21628321288515984,10,,
2000-08-31,LS5,0.009557156274088738,0.009251732433170679,0.0051121198812691,0.30253249062728854,0.0,0.2657450427211202,10,,
2000-08-31,NLS6,0.011585129859510282,0.011143326000438547,0.0051121198812691,0.43674412170627447,0.0,0.11458356953151191,10,,
2000-08-31,NLS7,0.011597630371464539,0.011123795369051726,0.0051121198812691,0.468402641709253,0.0,0.10717320197036026,10,,
2000-08-31,NLS8,0.01157089662505611,0.011162391180148168,0.0051121198812691,0.403832738042186,0.0,0.12238603689619082,10,,
2000-08-31,CRE,0.009243719928050538,0.008918200398181142,0.0051121198812691,0.3225380782084245,0.0,0.5033757125756358,10,,
2000-08-31,SRE_STAR,0.009287414812519332,0.008939592127259921,0.0051121198812691,0.3446220374440998,0.0,0.21313528915064603,10,,
2000-08-31,GS_STAR,0.014558669769219837,0.01428925806503245,0.0051121198812691,0.26554571185982717,0.0,0.37810933051226436,10,,
2000-08-31,ID_KAPPA,0.01194799439364475,0.01164429173912307,0.0051121198812691,0.3001168599613663,0.0,0.10359994101609764,10,0.053366599585142005,37.176356235798295
2000-08-31,EW,0.04047591123671409,0.04043859206961242,0.0051121198812691,0.035867401348566474,0.0,,10,,
2000-09-30,AIQ,0.0013669594274564266,0.0013230628159952573,0.005049067866526,0.04383668848636215,0.0,0.13612751872599527,10,,
2000-09-30,HC,0.0014625893657321796,0.001414438701073939,0.005049067866526,0.048080342859998786,0.0,0.06331362098636659,10,,
2000-09-30,LS1,-0.003624635004599755,-0.0036991297982089666,0.005049067866526,0.07476579231729572,0.0,0.1718470827510708,10,,
2000-09-30,LS2,-0.0031628620740543323,-0.003244560752314163,0.005049067866526,0.08195789979275604,0.0,0.15576633962919015,10,,
2000-09-30,LS3,0.0009968591331189147,0.0009489755899438901,0.005049067866526,0.04783585756341491,0.0,0.2911893163772432,10,,
2000-09-30,LS4,0.001425142998914144,0.0013738597780184048,0.005049067866526,0.05121023898208666,0.0,0.22172060875697128,10,,
2000-09-30,LS5,0.0024419212083254672,0.0023868112008487152,0.005049067866526,0.054975761000089884,0.0,0.25073575774297757,10,,
2000-09-30,NLS6,-0.0015458963519116348,-0.0015622356763804746,0.005049067866526,0.01636462247906524,0.0,0.12088650490591579,10,,
2000-09-30,NLS7,-0.0013228879264249168,-0.0013405080349989662,0.005049067866526,0.01764344887956189,0.0,0.1181742591512197,10,,
2000-09-30,NLS8,-0.001792604391740121,-0.0018094451324814909,0.005049067866526,0.01687098374088398,0.0,0.12334200910033949,10,,
2000-09-30,CRE,0.0026463784467702024,0.0025872349042159737,0.005049067866526,0.0589874394659331,0.0,0.49857499227634083,10,,
2000-09-30,SRE_STAR,0.0026347096312182407,0.0025767047764582163,0.005049067866526,0.05785243040453935,0.0,0.22033130293995096,10,,
2000-09-30,GS_STAR,0.00125459992206312,0.0011892052390718444,0.005049067866526,0.06531274163085098,0.0,0.40184215631047643,10,,
2000-09-30,ID_KAPPA,0.001443644867844817,0.001391310430791215,0.005049067866526,0.05225899362564868,0.0,0.13660247888186508,10,0.0782426856390015,28.426857250582685
2000-09-30,EW,-0.03585088903259307,-0.035896991753166185,0.005049067866526,0.047817002628267394,0.0,,10,,
2000-10-31,AIQ,-0.00844215358322042,-0.008509222233738178,0.0051672547259051,0.06763967504276563,0.0,0.1204672816747719,10,,
2000-10-31,HC,-0.007760567418404261,-0.007826938386450544,0.0051672547259051,0.06689007296724356,0.0,0.0532079201254534,10,,
2000-10-31,LS1,-0.0173768778757447,-0.01746343351108992,0.0051672547259051,0.08808630022683853,0.0,0.14002892979141907,10,,
2000-10-31,LS2,-0.016780101172646063,-0.016879414278836102,0.0051672547259051,0.10100803117236054,0.0,0.12636070218440848,10,,
2000-10-31,LS3,-0.00767664891539532,-0.007718635422323428,0.0051672547259051,0.042311316046588276,0.0,0.22763979667311696,10,,
2000-10-31,LS4,-0.008023549353450916,-0.008078058755078166,0.0051672547259051,0.05495029805565131,0.0,0.17733943882484132,10,,
2000-10-31,LS5,-0.009828569179436681,-0.009871359603013552,0.0051672547259051,0.04321516683372043,0.0,0.20696970020536687,10,,
2000-10-31,NLS6,-0.011235879693464483,-0.011422206275950364,0.0051672547259051,0.18844391565107127,0.0,0.11270464665618576,10,,
2000-10-31,NLS7,-0.011122622538912373,-0.011304003442823007,0.0051672547259051,0.1834210267569439,0.0,0.10955879053175277,10,,
2000-10-31,NLS8,-0.011339748641142925,-0.01152987018085172,0.0051672547259051,0.19230219830067108,0.0,0.11572349873426084,10,,
2000-10-31,CRE,-0.010202611651177706,-0.010247716711052512,0.0051672547259051,0.04556999281433032,0.0,0.47422126817610405,10,,
2000-10-31,SRE_STAR,-0.010156911809266173,-0.010206870742290097,0.0051672547259051,0.0504715682919414,0.0,0.18450162230652795,10,,
2000-10-31,GS_STAR,-0.010019511199674551,-0.010056090497472803,0.0051672547259051,0.03694951386623361,0.0,0.3508646329261026,10,,
2000-10-31,ID_KAPPA,-0.007925123480929283,-0.007986330523048313,0.0051672547259051,0.06169599046167776,0.0,0.13141277225982895,10,0.08259981657719156,30.932078368471156
2000-10-31,EW,-0.033398800146501456,-0.033433427869305476,0.0051672547259051,0.03582420838011702,0.0,,10,,
2000-11-30,AIQ,0.0018841604525072538,0.0016400309615960396,0.0050332980619396,0.24367037682380938,0.0,0.08418049170292465,10,,
2000-11-30,HC,0.0043599346160336765,0.004062632637017005,0.0050332980619396,0.29601138871642946,0.0,0.06944144318881691,10,,
2000-11-30,LS1,-0.004506724191587097,-0.004621260832402552,0.0050332980619396,0.11505516270062807,0.0,0.15021447986259492,10,,
2000-11-30,LS2,-0.004460017325801595,-0.0045848457551393995,0.0050332980619396,0.12538766047598696,0.0,0.13718688424639588,10,,
2000-11-30,LS3,0.004264829094360105,0.003973641787880844,0.0050332980619396,0.2899507162288205,0.0,0.2371229281226907,10,,
2000-11-30,LS4,0.0041013190828720885,0.0038097342881677765,0.0050332980619396,0.2903937970827761,0.0,0.1886599797892818,10,,
2000-11-30,LS5,0.004203731909302291,0.003906460043312965,0.0050332980619396,0.2960274459685365,0.0,0.20594880462533122,10,,
2000-11-30,NLS6,-0.0017320956024936855,-0.001971452476844049,0.0050332980619396,0.23977218269366077,0.0,0.14683004172976752,10,,
2000-11-30,NLS7,-0.001495998569067394,-0.0017417393500019918,0.0050332980619396,0.24610895958603557,0.0,0.140060374218572,10,,
2000-11-30,NLS8,-0.0019679983124058767,-0.002200284351895565,0.0050332980619396,0.23274407944515996,0.0,0.1533405830230483,10,,
2000-11-30,CRE,0.004239659575214252,0.003940682132049345,0.0050332980619396,0.29771523193120086,0.0,0.47578178905427404,10,,
2000-11-30,SRE_STAR,0.004222890000742745,0.003925805308350627,0.0050332980619396,0.2958354119889254,0.0,0.1810800749899801,10,,
2000-11-30,GS_STAR,0.005472762112818777,0.005090804672162719,0.0050332980619396,0.37987845623338135,0.0,0.27486651606266793,10,,
2000-11-30,ID_KAPPA,0.004311318687647225,0.0040136249685434056,0.0050332980619396,0.2964157762286096,0.0,0.09184425331500108,10,0.024074583982069662,45.93389215476591
2000-11-30,EW,-0.045420793407729435,-0.045442315862322835,0.0050332980619396,0.022546536154216465,0.0,,10,,
2000-12-31,AIQ,0.018800493910920056,0.01877011001987161,0.0047806102828795,0.029823200155663615,0.0,0.07053906108295045,10,,
2000-12-31,HC,0.019200327116148573,0.01914269573587357,0.0047806102828795,0.05654568463290632,0.0,0.05713162472948982,10,,
2000-12-31,LS1,0.021255367348893134,0.021168334051216986,0.0047806102828795,0.08522187540816432,0.0,0.12913106646400402,10,,
2000-12-31,LS2,0.021033952512036838,0.020955611584856593,0.0047806102828795,0.07672705397060614,0.0,0.11499712271058389,10,,
2000-12-31,LS3,0.018903389108090377,0.018866199119540017,0.0047806102828795,0.03650001457250343,0.0,0.2044311333857539,10,,
2000-12-31,LS4,0.019392512284830722,0.019358108416095865,0.0047806102828795,0.0337493834025563,0.0,0.17477656832633945,10,,
2000-12-31,LS5,0.02060320732210941,0.020586524951718976,0.0047806102828795,0.01634559863295818,0.0,0.18424169749391764,10,,
2000-12-31,NLS6,0.018710496140630722,0.018677373604927272,0.0047806102828795,0.032514179277776056,0.0,0.1151536232843367,10,,
2000-12-31,NLS7,0.018520744910767665,0.018493001825061306,0.0047806102828795,0.02723860642509825,0.0,0.11317114233642549,10,,
2000-12-31,NLS8,0.018922441000936607,0.018873084604817514,0.0047806102828795,0.04843979691976297,0.0,0.11674551403651776,10,,
2000-12-31,CRE,0.020308423546022643,0.020272638499157836,0.0047806102828795,0.03507277411331188,0.0,0.4642036183831876,10,,
2000-12-31,SRE_STAR,0.020279806895318667,0.020248488511074303,0.0047806102828795,0.030695877770731662,0.0,0.14870679363290076,10,,
2000-12-31,GS_STAR,0.020401553087353922,0.020320784059975505,0.0047806102828795,0.07915415958947439,0.0,0.3281462283440955,10,,
2000-12-31,ID_KAPPA,0.019239327953329048,0.019186647497864806,0.0047806102828795,0.05168605058633902,0.0,0.07896366686119798,10,0.023154920351893468,53.858022517799505
2000-12-31,EW,0.015772735942693017,0.01570321696763921,0.0047806102828795,0.0684394969406507,0.0,,10,,
2001-01-31,AIQ,0.02820308772172547,0.0280381642372014,0.0040661545935285,0.16039971722847274,0.0,0.06678525815353235,10,,
2001-01-31,HC,0.02811148848391061,0.028062919080291016,0.0040661545935285,0.047241378161638786,0.0,0.0636518674538863,10,,
2001-01-31,LS1,0.018069162874911338,0.01787582364960305,0.0040661545935285,0.18990775122030465,0.0,0.1551602262839963,10,,
2001-01-31,LS2,0.019509120307725322,0.01930179925397235,0.0040661545935285,0.20335380000374656,0.0,0.14071275091259003,10,,
2001-01-31,LS3,0.02920156952167968,0.029189201545060106,0.0040661545935285,0.01201705961761233,0.0,0.21395682231047686,10,,
2001-01-31,LS4,0.02796954303361096,0.027917254029862004,0.0040661545935285,0.050866296675063184,0.0,0.19048318817291018,10,,
2001-01-31,LS5,0.028381665925155158,0.028288637695790042,0.0040661545935285,0.09046080112816207,0.0,0.16802749896254215,10,,
2001-01-31,NLS6,0.03087364204983102,0.030786244214309644,0.0040661545935285,0.08478035712280393,0.0,0.15170285805969477,10,,
2001-01-31,NLS7,0.03142254130044001,0.03133886624633897,0.0040661545935285,0.08112587300608907,0.0,0.1476984344979573,10,,
2001-01-31,NLS8,0.030274386667645606,0.030183345293508967,0.0040661545935285,0.08836614334462352,0.0,0.15325587655037937,10,,
2001-01-31,CRE,0.02817302236314203,0.028083845300594046,0.0040661545935285,0.08673351722739442,0.0,0.46810291630128964,10,,
2001-01-31,SRE_STAR,0.028149244771566665,0.02806071916376207,0.0040661545935285,0.0861019042273332,0.0,0.14435131623839267,10,,
2001-01-31,GS_STAR,0.02728943108821098,0.02724933623691972,0.0040661545935285,0.03902975157524531,0.0,0.31867917255996814,10,,
2001-01-31,ID_KAPPA,0.0280947576141352,0.028047605596761338,0.0040661545935285,0.045863493636907636,0.0,0.07139713011768757,10,0.008271776697776189,59.09075797940115
2001-01-31,EW,0.03253946934985452,0.03250794852506855,0.0040661545935285,0.030527476887320146,0.0,,10,,
2001-02-28,AIQ,0.0037685392163291807,0.003320299272521199,0.0039545128129423,0.44655707595497196,0.0,0.06914351184690577,10,,
2001-02-28,HC,0.003152039192057978,0.0028377691045669007,0.0039545128129423,0.31328260843118994,0.0,0.06452810748459083,10,,
2001-02-28,LS1,-0.010594726482429607,-0.010752586882379678,0.0039545128129423,0.15955079700438857,0.0,0.15325806533893244,10,,
2001-02-28,LS2,-0.009392103395283293,-0.009574603993187769,0.0039545128129423,0.1842309136945048,0.0,0.13936319255634028,10,,
2001-02-28,LS3,0.005499205058156537,0.005156184074224024,0.0039545128129423,0.3411449578548806,0.0,0.20910886089853162,10,,
2001-02-28,LS4,0.0035187363576189928,0.003208490994444757,0.0039545128129423,0.3091575193706474,0.0,0.18905147266493288,10,,
2001-02-28,LS5,0.007344167540474378,0.007069229766487162,0.0039545128129423,0.2729333060601792,0.0,0.15740842218887097,10,,
2001-02-28,NLS6,-0.001655073373545929,-0.002058004457967777,0.0039545128129423,0.40359907049694194,0.0,0.15233248842946204,10,,
2001-02-28,NLS7,-0.0011902066372428775,-0.0015873493105434955,0.0039545128129423,0.39761591840580424,0.0,0.14879914374873682,10,,
2001-02-28,NLS8,-0.002148807702072566,-0.0025562404107520864,0.0039545128129423,0.4083100885426233,0.0,0.15474296082520325,10,,
2001-02-28,CRE,7.313011828202214e-05,-0.00043175408200379906,0.0039545128129423,0.504847280744384,0.0,0.30403712238480374,10,,
2001-02-28,SRE_STAR,-0.0010807138518500485,-0.0015858684481587781,0.0039545128129423,0.505701114508063,0.0,0.11853761332654073,10,,
2001-02-28,GS_STAR,0.00424044878830893,0.004063570140663719,0.0039545128129423,0.1761317698949961,0.0,0.34926017358280337,10,,
2001-02-28,ID_KAPPA,0.0031891785523000113,0.002875325392895922,0.0039545128129423,0.31285540764800185,0.0,0.07399734067467796,10,0.010122413367893943,55.080471674862494
2001-02-28,EW,-0.058921732553687066,-0.05896565458227987,0.0039545128129423,0.04667202517811117,0.0,,10,,
2001-03-31,AIQ,-0.0013233011402101456,-0.0014558848455360485,0.0035145930840192,0.13275938597270287,0.0,0.09824797392514925,10,,
2001-03-31,HC,1.854770780014165e-05,-3.919789195683254e-05,0.0035145930840192,0.05774452872832204,0.0,0.047296363287139175,10,,
2001-03-31,LS1,-0.014447128440388783,-0.014518757366367985,0.0035145930840192,0.07267892778383891,0.0,0.137775323128676,10,,
2001-03-31,LS2,-0.013095099378337501,-0.013176041508562997,0.0035145930840192,0.08201613972580878,0.0,0.12367136794396623,10,,
2001-03-31,LS3,0.0014049126793121555,0.0013677679956827227,0.0035145930840192,0.037092571804928365,0.0,0.18736110684427912,10,,
2001-03-31,LS4,5.5388528206535625e-05,1.0047803509882769e-05,0.0035145930840192,0.04533821347972962,0.0,0.16603893771388298,10,,
2001-03-31,LS5,0.0017259770380995746,0.0016817998025773218,0.0035145930840192,0.04410111800520311,0.0,0.14223277359997816,10,,
2001-03-31,NLS6,-0.005566208958645117,-0.0056370984885212305,0.0035145930840192,0.07128632445385343,0.0,0.11911524497347291,10,,
2001-03-31,NLS7,-0.004979311793017087,-0.005067871802989843,0.0035145930840192,0.08900318457931114,0.0,0.11310211915943844,10,,
2001-03-31,NLS8,-0.00614021293901354,-0.006192785587282867,0.0035145930840192,0.052897449875422956,0.0,0.12383583484663144,10,,
2001-03-31,CRE,0.0013904471676529728,0.0011706210465138867,0.0035145930840192,0.21952088894087135,0.0,0.47562847229121485,10,,
2001-03-31,SRE_STAR,0.00132714334956944,0.0010475823014539642,0.0035145930840192,0.2791905222706609,0.0,0.14242896300912647,10,,
2001-03-31,GS_STAR,-0.0038408765144364136,-0.003926578002769632,0.0035145930840192,0.08603192633863384,0.0,0.2694981723351679,10,,
2001-03-31,ID_KAPPA,4.3637129312774656e-05,-2.0580892157062713e-05,0.0035145930840192,0.06421521930214974,0.0,0.10403975092168403,10,0.059560376855837475,37.754915508630035
2001-03-31,EW,-0.05468724146118504,-0.054744212706213546,0.0035145930840192,0.06026708569609804,0.0,,10,,
2001-04-30,AIQ,-0.0017433607358367804,-0.0018804206802628398,0.0032335356603379,0.13729930664631762,0.0,0.07800095118782542,10,,
2001-04-30,HC,0.0002514921221957454,0.00015151413014513615,0.0032335356603379,0.09995285469498492,0.0,0.018202806090235227,10,,
2001-04-30,LS1,0.012755242004737436,0.012647249139768224,0.0032335356603379,0.10663273858300833,0.0,0.11858068041152951,10,,
2001-04-30,LS2,0.011255604162383612,0.011146491281971871,0.0032335356603379,0.10789841852313832,0.0,0.10437904272636847,10,,
2001-04-30,LS3,-0.0016437634997580588,-0.0017177587263200733,0.0032335356603379,0.07411705747584535,0.0,0.14713853133139143,10,,
2001-04-30,LS4,-0.00012430115451551895,-0.00021716691862794235,0.0032335356603379,0.09287730886911769,0.0,0.12264026925164605,10,,
2001-04-30,LS5,-0.0027218777681781,-0.002755846769095127,0.0032335356603379,0.03406171273564321,0.0,0.12930254834468125,10,,
2001-04-30,NLS6,0.002288252282493333,0.0021219328553114813,0.0032335356603379,0.1659397152496569,0.0,0.04107926983129026,10,,
2001-04-30,NLS7,0.0017686302588242333,0.001672889477168038,0.0032335356603379,0.09557175056620695,0.0,0.040473527960637926,10,,
2001-04-30,NLS8,0.0028289977961424933,0.0025874642601901865,0.0032335356603379,0.24085216570624157,0.0,0.04143241230702599,10,,
2001-04-30,CRE,-0.002337488180411706,-0.00238997244454886,0.0032335356603379,0.0526072329223558,0.0,0.46197054582084585,10,,
2001-04-30,SRE_STAR,-0.0023280068647305017,-0.0023768463347735302,0.0032335356603379,0.04895343397332886,0.0,0.13205988464957105,10,,
2001-04-30,GS_STAR,0.0016275666229457462,0.0015341987311727756,0.0032335356603379,0.09321617623582629,0.0,0.31303382636595717,10,,
2001-04-30,ID_KAPPA,1.404859614811383e-05,-8.19963491465181e-05,0.0032335356603379,0.0960435960169588,0.0,0.08169241149358797,10,0.06466672118965941,49.875046254246016
2001-04-30,EW,0.053207670117669977,0.05316468126168883,0.0032335356603379,0.040817074543778725,0.0,,10,,
2001-05-31,AIQ,0.006987569717580857,0.006907382417135066,0.0029758087216387,0.0796308741610352,0.0,0.06516310050120513,10,,
2001-05-31,HC,0.006156089833006372,0.006113677821399266,0.0029758087216387,0.04215251692633397,0.0,0.015121032933548884,10,,
2001-05-31,LS1,0.008288494163610969,0.008194269585003022,0.0029758087216387,0.09345001867363856,0.0,0.09442656224510707,10,,
2001-05-31,LS2,0.008124045457838496,0.008034044345508473,0.0029758087216387,0.0892758314171547,0.0,0.08206129130150727,10,,
2001-05-31,LS3,0.006229102977641041,0.006174227942401522,0.0029758087216387,0.05453532905896358,0.0,0.12454928443819127,10,,
2001-05-31,LS4,0.006241741366913613,0.006200376444579492,0.0029758087216387,0.04110833474064796,0.0,0.10203609629749993,10,,
2001-05-31,LS5,0.007612033332154106,0.007572974585988934,0.0029758087216387,0.038763675773053514,0.0,0.1164086537595602,10,,
2001-05-31,NLS6,0.005100406113008402,0.0049978468880005344,0.0029758087216387,0.10203878576115084,0.0,0.048179689464340446,10,,
2001-05-31,NLS7,0.005282696410531028,0.005140601351107277,0.0029758087216387,0.1413483589552833,0.0,0.04927454076665416,10,,
2001-05-31,NLS8,0.004911222529468529,0.004846779977786486,0.0029758087216387,0.06412760673512875,0.0,0.04670345549368219,10,,
2001-05-31,CRE,0.0075519985254426086,0.007502344183157428,0.0029758087216387,0.049282163459394776,0.0,0.4550145208628439,10,,
2001-05-31,SRE_STAR,0.007532437664793031,0.007485777524116388,0.0029758087216387,0.04631130366852585,0.0,0.1105418351869218,10,,
2001-05-31,GS_STAR,0.005610730182514191,0.005549638018774283,0.0029758087216387,0.06075130456166925,0.0,0.31283085955942647,10,,
2001-05-31,ID_KAPPA,0.006209854153768882,0.006168175351269456,0.0029758087216387,0.041421580525669965,0.0,0.07001201727387599,10,0.05573373599786063,58.81577879018723
2001-05-31,EW,-0.000551436987089315,-0.0005872337710363107,0.0029758087216387,0.035816534508886846,0.0,,10,,
2001-06-30,AIQ,0.0029987942915948892,0.0028233721452592953,0.0029919380133611,0.17489766421859426,0.0,0.09099358964649962,10,,
2001-06-30,HC,0.0031706764266568013,0.0031627216277034798,0.0029919380133611,0.007929656578079255,0.0,0.027305738944954534,10,,
2001-06-30,LS1,0.001172196527387883,0.0010974123596123597,0.0029919380133611,0.07469660867036966,0.0,0.09116595456865927,10,,
2001-06-30,LS2,0.0011027834526193324,0.0010311680549324187,0.0029919380133611,0.07153650840928061,0.0,0.07932580951798386,10,,
2001-06-30,LS3,0.003383418432238325,0.0033684842137882143,0.0029919380133611,0.01488386012346055,0.0,0.13717206952711464,10,,
2001-06-30,LS4,0.002972859301752541,0.0029664964984257303,0.0029919380133611,0.006343943674827067,0.0,0.11310885645736786,10,,
2001-06-30,LS5,0.004409382488318881,0.004327529308233435,0.0029919380133611,0.08149384256306791,0.0,0.11510092528256272,10,,
2001-06-30,NLS6,-0.0016874077170755677,-0.0019719488537777163,0.0029919380133611,0.28502208516825067,0.0,0.06457196536633451,10,,
2001-06-30,NLS7,-0.001761581620757147,-0.0020357400631149103,0.0029919380133611,0.27464224709249496,0.0,0.06065675067415306,10,,
2001-06-30,NLS8,-0.001602019011766207,-0.0019014963873265067,0.0029919380133611,0.29995791384111087,0.0,0.06818941603449315,10,,
2001-06-30,CRE,0.004718653348197314,0.0046383137242533845,0.0029919380133611,0.07996230952440254,0.0,0.4540351830315488,10,,
2001-06-30,SRE_STAR,0.004548656735250007,0.004468005758475169,0.0029919380133611,0.0802857843012072,0.0,0.12091826982440457,10,,
2001-06-30,GS_STAR,0.0001930493307797025,0.00010182259857316467,0.0029919380133611,0.09120912434618593,0.0,0.31374501800077714,10,,
2001-06-30,ID_KAPPA,0.0030065950299806763,0.002997784845180318,0.0029919380133611,0.008783775544480042,0.0,0.0980992526112372,10,0.07278084851605421,42.00670667803883
2001-06-30,EW,-0.005597868819013552,-0.005616923829004583,0.0029919380133611,0.019162277909008582,0.0,,10,,
2001-07-31,AIQ,0.016636163871445196,0.016559918917728567,0.0029031915789923,0.07499728656739964,0.0,0.0960360692481285,10,,
2001-07-31,HC,0.016161771878755574,0.016074833338106664,0.0029031915789923,0.08555580721008141,0.0,0.034376692133276376,10,,
2001-07-31,LS1,0.005578750498689986,0.005491262001401598,0.0029031915789923,0.08700312854162724,0.0,0.09396011958316408,10,,
2001-07-31,LS2,0.006953311484223209,0.0068543830584451015,0.0029031915789923,0.0982452956357861,0.0,0.08108742161582137,10,,
2001-07-31,LS3,0.018281212826883938,0.01823687632023341,0.0029031915789923,0.04354053290205864,0.0,0.14954790351600267,10,,
2001-07-31,LS4,0.016746398577032102,0.016682388571192863,0.0029031915789923,0.06295572418937737,0.0,0.12355672824633522,10,,
2001-07-31,LS5,0.0176323917014628,0.01761544844405538,0.0029031915789923,0.016649683663205968,0.0,0.11516049954244026,10,,
2001-07-31,NLS6,0.01316847571230389,0.013010019833440634,0.0029031915789923,0.15639637697148334,0.0,0.09219545988562992,10,,
2001-07-31,NLS7,0.013345297744273288,0.013165934979234128,0.0029031915789923,0.17700063881327327,0.0,0.08869909349383409,10,,
2001-07-31,NLS8,0.012791825040073477,0.012650515350784985,0.0029031915789923,0.1395249110377461,0.0,0.0954326416226183,10,,
2001-07-31,CRE,0.017602994946464903,0.017580149177657045,0.0029031915789923,0.0224505715110729,0.0,0.45624888867244184,10,,
2001-07-31,SRE_STAR,0.0175594228673337,0.017538308792409252,0.0029031915789923,0.02074972178525131,0.0,0.13034858462044954,10,,
2001-07-31,GS_STAR,0.016902787342862144,0.016880220469973395,0.0029031915789923,0.022191770117775636,0.0,0.3020816188962534,10,,
2001-07-31,ID_KAPPA,0.01663427061183644,0.016565497490976355,0.0029031915789923,0.06764784824614863,0.0,0.10419075000693998,10,0.07229947465528566,39.63123979909199
2001-07-31,EW,-0.023312691711585454,-0.023343974151730285,0.0029031915789923,0.03202912526802429,0.0,,10,,
2001-08-31,AIQ,0.01201365784033696,0.011943526858194886,0.0027658678568047,0.06929845422415719,0.0,0.11750963337819825,10,,
2001-08-31,HC,0.014408260891340011,0.014337172368624307,0.0027658678568047,0.07007880895353813,0.0,0.044359281012896906,10,,
2001-08-31,LS1,0.0154156333336149,0.015365098296321822,0.0027658678568047,0.04976783460299354,0.0,0.10456946200439235,10,,
2001-08-31,LS2,0.01560468221702441,0.01554931521761449,0.0027658678568047,0.05451629002825033,0.0,0.09083119095028558,10,,
2001-08-31,LS3,0.013608052206342668,0.01355286745221762,0.0027658678568047,0.054443878977597074,0.0,0.17363365697385763,10,,
2001-08-31,LS4,0.01387565880308966,0.013811743088692374,0.0027658678568047,0.06304097927834294,0.0,0.1446197646777982,10,,
2001-08-31,LS5,0.01370281343691702,0.013667298011030393,0.0027658678568047,0.03503534311626301,0.0,0.11871321090685606,10,,
2001-08-31,NLS6,0.013174404024150573,0.013083828756899285,0.0027658678568047,0.08939750835740388,0.0,0.11489493737999602,10,,
2001-08-31,NLS7,0.013240254484006182,0.013146757730932768,0.0027658678568047,0.09227500847873875,0.0,0.1187198401983299,10,,
2001-08-31,NLS8,0.01348059506086792,0.013380554678002143,0.0027658678568047,0.09870971714044983,0.0,0.11079933669489708,10,,
2001-08-31,CRE,0.013671513862906232,0.013649792938706273,0.0027658678568047,0.021427971391911868,0.0,0.45900871595149784,10,,
2001-08-31,SRE_STAR,0.01369040807220099,0.013664742505083094,0.0027658678568047,0.025318940490590844,0.0,0.13505306571829379,10,,
2001-08-31,GS_STAR,0.011720255013619306,0.01166856317881515,0.0027658678568047,0.05109301167786934,0.0,0.34894276395159796,10,,
2001-08-31,ID_KAPPA,0.013982291393285632,0.013917235862061172,0.0027658678568047,0.06415844909400831,0.0,0.1241444051364473,10,0.08348861924606543,32.78616870561957
2001-08-31,EW,-0.016807449652398367,-0.016833793693641463,0.0027658678568047,0.026794386545984164,0.0,,10,,
2001-09-30,AIQ,0.008479055173772627,0.008372381647629101,0.0019783315388433,0.10577664017536877,0.0,0.11870410279850054,10,,
2001-09-30,HC,-0.00011664134876787135,-0.00021002848159346055,0.0019783315388433,0.09339802689749815,0.0,0.04509978162916938,10,,
2001-09-30,LS1,-0.023624471883315123,-0.02366472577433265,0.0019783315388433,0.04122787785871378,0.0,0.12222191481160016,10,,
2001-09-30,LS2,-0.02257966762658065,-0.02262041005477522,0.0019783315388433,0.04168363072163745,0.0,0.10731226681375255,10,,
2001-09-30,LS3,0.00518315497682727,0.005094879108003214,0.0019783315388433,0.08782068062630426,0.0,0.2132699636541668,10,,
2001-09-30,LS4,0.001062165370221318,0.00096134263618608,0.0019783315388433,0.10071575724576705,0.0,0.1724032430076026,10,,
2001-09-30,LS5,0.006476742437246286,0.006380605320690513,0.0019783315388433,0.09551846804030448,0.0,0.14757685692599223,10,,
2001-09-30,NLS6,-0.009442490078253148,-0.00952807466482064,0.0019783315388433,0.08640042169201882,0.0,0.11363504928080663,10,,
2001-09-30,NLS7,-0.008506105094462256,-0.008590082507674568,0.0019783315388433,0.08469786212884885,0.0,0.11071722284753979,10,,
2001-09-30,NLS8,-0.010379545688428181,-0.010467749708036433,0.0019783315388433,0.08912913958475649,0.0,0.11649618595355764,10,,
2001-09-30,CRE,0.007141768248683199,0.007012061403680381,0.0019783315388433,0.1287870775416095,0.0,0.4794359077252177,10,,
2001-09-30,SRE_STAR,0.007010500506737861,0.006884199332907404,0.0019783315388433,0.1254219035121413,0.0,0.18485848860625662,10,,
2001-09-30,GS_STAR,-0.00015561392164208148,-0.0003036987160620619,0.0019783315388433,0.14810784206211586,0.0,0.35194915663654386,10,,
2001-09-30,ID_KAPPA,0.0008773348690434224,0.0007776916261352795,0.0019783315388433,0.09955589904642188,0.0,0.1244312015667915,10,0.08307822996728502,32.04036220430113
2001-09-30,EW,-0.08153062381318588,-0.08156509012555957,0.0019783315388433,0.03752581552227205,0.0,,10,,
2001-10-31,AIQ,0.017236234456460973,0.01709439808266877,0.0016924892515723,0.13943307266067972,0.0,0.08866321321279998,10,,
2001-10-31,HC,0.014553540419947743,0.014457964174944715,0.0016924892515723,0.09420522544666772,0.0,0.04039538127350858,10,,
2001-10-31,LS1,-0.0022966731349134224,-0.0025158487174222754,0.0016924892515723,0.2196801159293194,0.0,0.11609562742537122,10,,
2001-10-31,LS2,-0.0007401257855660913,-0.0009873583568402733,0.0016924892515723,0.2474156900061789,0.0,0.09901536674941379,10,,
2001-10-31,LS3,0.01742613738884335,0.01737388610741064,0.0016924892515723,0.05135633881665678,0.0,0.21236381097254306,10,,
2001-10-31,LS4,0.014685275672988796,0.01459865252422543,0.0016924892515723,0.08536947449620214,0.0,0.16325371569670744,10,,
2001-10-31,LS5,0.016848556978790553,0.01676987040021305,0.0016924892515723,0.07738279022716195,0.0,0.14153405565134627,10,,
2001-10-31,NLS6,0.009271915780648194,0.009107260469869871,0.0016924892515723,0.16314266572161407,0.0,0.10412397274418798,10,,
2001-10-31,NLS7,0.009575209616154148,0.009407467509388034,0.0016924892515723,0.16615117444280197,0.0,0.1071261338298664,10,,
2001-10-31,NLS8,0.00891290926779572,0.008759497837154795,0.0016924892515723,0.15205616781349912,0.0,0.10025833687733135,10,,
2001-10-31,CRE,0.016559731344165513,0.01647392821126603,0.0016924892515723,0.08440540211631413,0.0,0.45692279687378096,10,,
2001-10-31,SRE_STAR,0.016423611336900876,0.016343896626974885,0.0016924892515723,0.07842666092852604,0.0,0.15515792246357912,10,,
2001-10-31,GS_STAR,0.01835233895194471,0.01828051213403037,0.0016924892515723,0.07053238370154823,0.0,0.2554272188343895,10,,
2001-10-31,ID_KAPPA,0.01461479568594491,0.014534769270878156,0.0016924892515723,0.07887369217053435,0.0,0.09463703274110243,10,0.05652500041066839,45.24959688119338
2001-10-31,EW,0.026634949409442443,0.026568388365331597,0.0016924892515723,0.06483418877276724,0.0,,10,,
2001-11-30,AIQ,-0.008245300456690348,-0.008349394476906413,0.0014713676651572,0.10495944235403908,0.0,0.08199780698341819,10,,
2001-11-30,HC,-0.008199897130518004,-0.008254420324596334,0.0014713676651572,0.05497397501827453,0.0,0.04500495857779088,10,,
2001-11-30,LS1,0.006602727736925941,0.0065787830468437836,0.0014713676651572,0.023787626858507112,0.0,0.12658914641089106,10,,
2001-11-30,LS2,0.004647793914523468,0.004623297278531613,0.0014713676651572,0.024383307404150623,0.0,0.10817557935335403,10,,
2001-11-30,LS3,-0.009615476563758432,-0.009682116931850948,0.0014713676651572,0.06728736820463646,0.0,0.1996135318135878,10,,
2001-11-30,LS4,-0.008414632519395684,-0.008467100480070044,0.0014713676651572,0.05291320585705694,0.0,0.16557009349151627,10,,
2001-11-30,LS5,-0.010497164477450185,-0.010528774490029313,0.0014713676651572,0.03194534815294607,0.0,0.15301470945335735,10,,
2001-11-30,NLS6,-0.0034447073764199386,-0.0035145871125522588,0.0014713676651572,0.07012128343468223,0.0,0.11991778663286849,10,,
2001-11-30,NLS7,-0.003733118183791819,-0.0037907352384440873,0.0014713676651572,0.05783295189654846,0.0,0.11715724707671597,10,,
2001-11-30,NLS8,-0.0029368603526645433,-0.0030195202238584296,0.0014713676651572,0.08290334674611638,0.0,0.12203810340072556,10,,
2001-11-30,CRE,-0.011436441999276188,-0.011492267105265852,0.0014713676651572,0.056470932534237205,0.0,0.44144505761640324,10,,
2001-11-30,SRE_STAR,-0.01123855072124228,-0.011290148040537962,0.0014713676651572,0.05218378946039262,0.0,0.13707031421454188,10,,
2001-11-30,GS_STAR,-0.006574683025531729,-0.006680168262824804,0.0014713676651572,0.10618335922253098,0.0,0.26723289953908536,10,,
2001-11-30,ID_KAPPA,-0.0083620734232953,-0.00841648214937718,0.0014713676651572,0.054867532416405955,0.0,0.0891025644218202,10,0.04617574325659101,50.27089156141693
2001-11-30,EW,0.048602192205366296,0.048559862781190066,0.0014713676651572,0.04036747633273717,0.0,,10,,
2001-12-31,AIQ,-0.00236203890942195,-0.002573660116132137,0.0014385631912894,0.21212224771287042,0.0,0.05490130707864642,10,,
2001-12-31,HC,-0.0016131930479927606,-0.0017311155274732926,0.0014385631912894,0.11811301858104117,0.0,0.033134050592321114,10,,
2001-12-31,LS1,0.0032177220672445573,0.0031501689319668458,0.0014385631912894,0.06733646524749937,0.0,0.10756297080415118,10,,
2001-12-31,LS2,0.002521081733266339,0.002459196386962237,0.0014385631912894,0.0617297206329989,0.0,0.09146856718794391,10,,
2001-12-31,LS3,-0.0024446017577370864,-0.002565108117935533,0.0014385631912894,0.12080167217859264,0.0,0.1530821750701943,10,,
2001-12-31,LS4,-0.0016831392538920555,-0.0017987416658609146,0.0014385631912894,0.11579731497509807,0.0,0.1303280961606574,10,,
2001-12-31,LS5,-0.003254149904976192,-0.0034073454608948284,0.0014385631912894,0.15369570478179653,0.0,0.11849523426409414,10,,
2001-12-31,NLS6,0.0017789595983925426,0.0015835435552333799,0.0014385631912894,0.19506902324787267,0.0,0.09116185302893487,10,,
2001-12-31,NLS7,0.001974224647694346,0.0017420564231076519,0.0014385631912894,0.2317107754626356,0.0,0.08860336973869179,10,,
2001-12-31,NLS8,0.0016716350712186199,0.001503940398335013,0.0014385631912894,0.16741481640515424,0.0,0.09187157849555912,10,,
2001-12-31,CRE,-0.002896415533553568,-0.003102265823868744,0.0014385631912894,0.2064482502339434,0.0,0.4170749280032771,10,,
2001-12-31,SRE_STAR,-0.0030311584356049223,-0.0032196142686147233,0.0014385631912894,0.18902880927963905,0.0,0.11554330764357817,10,,
2001-12-31,GS_STAR,-0.003026720803886003,-0.0031221338778573138,0.0014385631912894,0.09570273944379251,0.0,0.27238396336826054,10,,
2001-12-31,ID_KAPPA,-0.0016313508143395053,-0.0017513729258540334,0.0014385631912894,0.12021822962127017,0.0,0.05958881868683652,10,0.027361360807795543,81.2588150271145
2001-12-31,EW,0.0167606552890705,0.01671487012119921,0.0014385631912894,0.04503042838356175,0.0,,10,,
2002-01-31,AIQ,0.0062983396423112025,0.006269752735233558,0.001454966905757,0.02840798394629134,0.0,0.05062940784351743,10,,
2002-01-31,HC,0.0062382456700385384,0.006177177499319786,0.001454966905757,0.06068957424492861,0.0,0.036527722888742294,10,,
2002-01-31,LS1,0.005637783987058202,0.005624056928476673,0.001454966905757,0.013650102253673274,0.0,0.12176089635607011,10,,
2002-01-31,LS2,0.005875647947449571,0.005855704360846481,0.001454966905757,0.01982708960469695,0.0,0.10594291720386648,10,,
2002-01-31,LS3,0.0067026991508080894,0.006647445865423096,0.001454966905757,0.054885405027422965,0.0,0.16146382395744818,10,,
2002-01-31,LS4,0.006300677513747656,0.006247699258460138,0.001454966905757,0.052646546376616754,0.0,0.13564895833788732,10,,
2002-01-31,LS5,0.006777926776033075,0.006744758488967495,0.001454966905757,0.032944988346900975,0.0,0.12426216164365886,10,,
2002-01-31,NLS6,0.005042569260652191,0.00497133912640213,0.001454966905757,0.07087275348199447,0.0,0.09385280467590998,10,,
2002-01-31,NLS7,0.004960244068624806,0.004875350927943112,0.001454966905757,0.08447412838737714,0.0,0.0864421453225321,10,,
2002-01-31,NLS8,0.005113237789147887,0.005052074537426288,0.001454966905757,0.06085210046189496,0.0,0.09830927428879578,10,,
2002-01-31,CRE,0.0059993332274754585,0.0059536193543332505,0.001454966905757,0.045441255905733516,0.0,0.4171626955179868,10,,
2002-01-31,SRE_STAR,0.006278209664595617,0.006240564698433815,0.001454966905757,0.03741009772478396,0.0,0.12003296651436157,10,,
2002-01-31,GS_STAR,0.004927712787356523,0.004910643654361557,0.001454966905757,0.01698543365641183,0.0,0.2241265188227226,10,,
2002-01-31,ID_KAPPA,0.006249423996930692,0.006190864306752086,0.001454966905757,0.05819599870769308,0.0,0.054354811007791444,10,0.018502959080980968,90.07051191413262
2002-01-31,EW,-0.005325682923982067,-0.005347637590260246,0.001454966905757,0.022072215901610237,0.0,,10,,
2002-02-28,AIQ,0.00991189667357492,0.009789392731983426,0.0014795669370546,0.12130161254178472,0.0,0.06142435456214343,10,,
2002-02-28,HC,0.0113516275495709,0.01131167603818195,0.0014795669370546,0.03950308705749304,0.0,0.04004025956617761,10,,
2002-02-28,LS1,0.015788541603318985,0.01577548193152034,0.0014795669370546,0.012856683516130223,0.0,0.12534393414489806,10,,
2002-02-28,LS2,0.015168764473943204,0.015150571111036015,0.0014795669370546,0.01792151565703038,0.0,0.10835512386164962,10,,
2002-02-28,LS3,0.011076827393705323,0.011059216830094254,0.0014795669370546,0.01741763151315487,0.0,0.16981541976566808,10,,
2002-02-28,LS4,0.011432223141940973,0.011393361676479863,0.0014795669370546,0.03842221413560487,0.0,0.14166101535681966,10,,
2002-02-28,LS5,0.011746871170731402,0.011731712395522953,0.0014795669370546,0.01498277448669127,0.0,0.11554590303314255,10,,
2002-02-28,NLS6,0.013683117462872062,0.013665111130634289,0.0014795669370546,0.017763275255832017,0.0,0.10138049066543807,10,,
2002-02-28,NLS7,0.013676719382943106,0.013655263111208127,0.0014795669370546,0.02116677962972175,0.0,0.09695478230793236,10,,
2002-02-28,NLS8,0.01376778921004466,0.01374890194139855,0.0014795669370546,0.01863076421160193,0.0,0.10178262580572618,10,,
2002-02-28,CRE,0.011467398451235863,0.011449562653507384,0.0014795669370546,0.01763358636750915,0.0,0.41595099860270834,10,,
2002-02-28,SRE_STAR,0.011876070381713531,0.011858680396491739,0.0014795669370546,0.01718588444855004,0.0,0.11431328012369812,10,,
2002-02-28,GS_STAR,0.009434606554369633,0.009400689897030023,0.0014795669370546,0.033599657788002314,0.0,0.22504300893819143,10,,
2002-02-28,ID_KAPPA,0.01137213486828798,0.011331902600620003,0.0014795669370546,0.039779885445687384,0.0,0.06640115090172626,10,0.027460413416541245,73.10928882307361
2002-02-28,EW,-0.002352323643287147,-0.00237020901799212,0.0014795669370546,0.017927546095543145,0.0,,10,,
2002-03-31,AIQ,-0.0051027273187435815,-0.00519081907763741,0.0014795669370546,0.08854357260052448,0.0,0.09387233493242779,10,,
2002-03-31,HC,-0.002921616860046032,-0.003013694734759209,0.0014795669370546,0.09234767924997213,0.0,0.03568428417418935,10,,
2002-03-31,LS1,0.01737157877133238,0.01727134081510595,0.0014795669370546,0.09852639715716084,0.0,0.1311536689347222,10,,
2002-03-31,LS2,0.014262434111718037,0.014143038789239393,0.0014795669370546,0.11771640007868264,0.0,0.1091265593537927,10,,
2002-03-31,LS3,-0.005101182232819366,-0.005183433948641847,0.0014795669370546,0.08267344814722721,0.0,0.17338254306262482,10,,
2002-03-31,LS4,-0.0032787834425262686,-0.0033639326418937188,0.0014795669370546,0.08542930355336309,0.0,0.15212122267702605,10,,
2002-03-31,LS5,-0.004413983034219903,-0.004464033109251919,0.0014795669370546,0.05027197467530246,0.0,0.13415780067566424,10,,
2002-03-31,NLS6,0.007181241754542104,0.007074194460748862,0.0014795669370546,0.10628404239017591,0.0,0.10541408526462266,10,,
2002-03-31,NLS7,0.008142286256040621,0.008018785911173332,0.0014795669370546,0.12250289125938184,0.0,0.10414377384506486,10,,
2002-03-31,NLS8,0.006580249764092049,0.0064790473558389294,0.0014795669370546,0.10054082451631621,0.0,0.10385673858170635,10,,
2002-03-31,CRE,-0.0026708448713072945,-0.002718590198388937,0.0014795669370546,0.04787318894285125,0.0,0.4180498944290928,10,,
2002-03-31,SRE_STAR,-0.003390197436130978,-0.003443352865601379,0.0014795669370546,0.053336249888068,0.0,0.12248889619211824,10,,
2002-03-31,GS_STAR,-0.003972268170968883,-0.004005133359405888,0.0014795669370546,0.032996258424158695,0.0,0.1583598095019877,10,,
2002-03-31,ID_KAPPA,-0.003198621809718062,-0.003283389904944034,0.0014795669370546,0.08504010636489895,0.0,0.09391255462646447,10,0.06038299438313123,50.328245926442165
2002-03-31,EW,0.05197167137546329,0.0519343494682758,0.0014795669370546,0.03547805345229378,0.0,,10,,
2002-04-30,AIQ,0.015605490772297823,0.015350412318455797,0.0014631676547709,0.2511589944713329,0.0,0.05470842128112856,10,,
2002-04-30,HC,0.012808729717082249,0.012746583546558332,0.0014631676547709,0.06136022399938881,0.0,0.040658625683459036,10,,
2002-04-30,LS1,0.012654243326496038,0.012544578731462197,0.0014631676547709,0.1082942137028404,0.0,0.12088453636619735,10,,
2002-04-30,LS2,0.013023874924269105,0.01292668781904438,0.0014631676547709,0.09593762558847323,0.0,0.10091601204440424,10,,
2002-04-30,LS3,0.014066411058365081,0.013973001376191396,0.0014631676547709,0.09211396921837518,0.0,0.17095514190968691,10,,
2002-04-30,LS4,0.013478443318634485,0.013389204223500872,0.0014631676547709,0.08805228736925619,0.0,0.14601375317284487,10,,
2002-04-30,LS5,0.01672260528484361,0.016631621012451747,0.0014631676547709,0.08948780318155225,0.0,0.12990832519668993,10,,
2002-04-30,NLS6,0.009163469901728862,0.009108069834881771,0.0014631676547709,0.05489701965978627,0.0,0.11375067220467303,10,,
2002-04-30,NLS7,0.008029898655480816,0.007988799691157844,0.0014631676547709,0.0407715727259673,0.0,0.11990087413170561,10,,
2002-04-30,NLS8,0.010718263050145808,0.01059687995717118,0.0014631676547709,0.12009587380800583,0.0,0.10609386482706606,10,,
2002-04-30,CRE,0.016009628608610646,0.01593751674425925,0.0014631676547709,0.07097557180650463,0.0,0.3998596338078676,10,,
2002-04-30,SRE_STAR,0.016249956446591333,0.01617371230638809,0.0014631676547709,0.07502498742522624,0.0,0.11254713603399001,10,,
2002-04-30,GS_STAR,0.01440229581370217,0.014274915681643074,0.0014631676547709,0.12557161254932508,0.0,0.08890072727526,10,,
2002-04-30,ID_KAPPA,0.012863144007579716,0.01279846419686459,0.0014631676547709,0.06385839103507529,0.0,0.0595027271855433,10,0.019642748667551866,86.34040509917259
2002-04-30,EW,-0.008798082843732425,-0.008825217154690312,0.0014631676547709,0.027375159882391892,0.0,,10,,
2002-05-31,AIQ,0.006844391283636399,0.006626139853400437,0.0014385631912894,0.21676778668628105,0.0,0.12596996835046878,10,,
2002-05-31,HC,0.010800484575845926,0.010727456669119118,0.0014385631912894,0.07224759766251695,0.0,0.03567105955984046,10,,
2002-05-31,LS1,0.01432952518775365,0.014263623791106905,0.0014385631912894,0.06497040163990742,0.0,0.1274456938588406,10,,
2002-05-31,LS2,0.014263940441550065,0.014188223365516839,0.0014385631912894,0.07465224091503964,0.0,0.10556332426059081,10,,
2002-05-31,LS3,0.010789339060590228,0.010724081857622414,0.0014385631912894,0.06456063637206547,0.0,0.16855537895783512,10,,
2002-05-31,LS4,0.010808914747808854,0.010729624601937049,0.0014385631912894,0.0784422700619776,0.0,0.14360796578019855,10,,
2002-05-31,LS5,0.011038998316111492,0.011001032604732508,0.0014385631912894,0.03755118392274983,0.0,0.14060333790604537,10,,
2002-05-31,NLS6,0.011145501207345405,0.011011651082449614,0.0014385631912894,0.13237474204838734,0.0,0.1012687574668585,10,,
2002-05-31,NLS7,0.01095332233850834,0.010784983652639468,0.0014385631912894,0.1665147956379754,0.0,0.10195115951835088,10,,
2002-05-31,NLS8,0.011348648945693091,0.01123052386868384,0.0014385631912894,0.11679955980797117,0.0,0.09979532948998268,10,,
2002-05-31,CRE,0.010288532247732487,0.01024817248502674,0.0014385631912894,0.03994874871610476,0.0,0.39525576510443544,10,,
2002-05-31,SRE_STAR,0.010991766878849164,0.010948902216585177,0.0014385631912894,0.042398626446085816,0.0,0.11218227469225288,10,,
2002-05-31,GS_STAR,0.00777814109915288,0.00763344172464997,0.0014385631912894,0.14358256902163474,0.0,0.15211665672396113,10,,
2002-05-31,ID_KAPPA,0.010789932351035402,0.010726104065570174,0.0014385631912894,0.06314693431586016,0.0,0.13010159315952777,10,0.09792357113806524,37.46077521124007
2002-05-31,EW,-0.009078491304197701,-0.009111439393351572,0.0014385631912894,0.033249948522343975,0.0,,10,,
2002-06-30,AIQ,-0.0047332307950871426,-0.00481048596729472,0.0014057468926966,0.0776225777830831,0.0,0.09858817218313935,10,,
2002-06-30,HC,-0.00011711098334166112,-0.00015578531929305584,0.0014057468926966,0.03867886567139964,0.0,0.04481965499284663,10,,
2002-06-30,LS1,-0.016064713581368958,-0.016115911322187926,0.0014057468926966,0.05203364644569242,0.0,0.13156205193469478,10,,
2002-06-30,LS2,-0.01427929988055518,-0.014329320491637154,0.0014057468926966,0.05074521725671789,0.0,0.10825172016335198,10,,
2002-06-30,LS3,0.0019084423403462275,0.0018743128539568943,0.0014057468926966,0.03406447630040317,0.0,0.18168055895435062,10,,
2002-06-30,LS4,0.0002640500019043546,0.00022901232632199786,0.0014057468926966,0.03502842632642252,0.0,0.15944878574729285,10,,
2002-06-30,LS5,-0.0026046316868449377,-0.0026307891798112992,0.0014057468926966,0.026225801520099623,0.0,0.15044198850118853,10,,
2002-06-30,NLS6,-0.005415813963635673,-0.005440895231757281,0.0014057468926966,0.02521784326939975,0.0,0.12073376909021857,10,,
2002-06-30,NLS7,-0.00501590183924775,-0.0050398207496827885,0.0014057468926966,0.024039490157941712,0.0,0.12592654253969546,10,,
2002-06-30,NLS8,-0.005860876211395507,-0.005887846700641575,0.0014057468926966,0.02712949183934875,0.0,0.11442593331144846,10,,
2002-06-30,CRE,-0.003980468762907655,-0.004004994109139237,0.0014057468926966,0.024623358741903516,0.0,0.3967588332951033,10,,
2002-06-30,SRE_STAR,-0.0035620552229999945,-0.003589500351980912,0.0014057468926966,0.02754323952113267,0.0,0.11926319157561406,10,,
2002-06-30,GS_STAR,-0.0032039262273815877,-0.0032404760046415015,0.0014057468926966,0.03666725644445943,0.0,0.1682645685271275,10,,
2002-06-30,ID_KAPPA,0.0003171148722000105,0.00027893683826896165,0.0014057468926966,0.03816593094677832,0.0,0.10302861994712981,10,0.06094028762060355,48.90555559835367
2002-06-30,EW,-0.04023202784724085,-0.04025725463149843,0.0014057468926966,0.026284253058454193,0.0,,10,,
2002-07-31,AIQ,-0.005953906606078625,-0.006100134936799839,0.0014139520764002,0.14710417524201425,0.0,0.08761434729033468,10,,
2002-07-31,HC,-0.0054633274880393524,-0.005541044599753908,0.0014139520764002,0.07814403818641716,0.0,0.03977217613198364,10,,
2002-07-31,LS1,-0.017848587971419107,-0.017968702166229922,0.0014139520764002,0.12229702400239885,0.0,0.12482768935252322,10,,
2002-07-31,LS2,-0.015617792826426466,-0.01574551702511262,0.0014139520764002,0.12975061694062595,0.0,0.10067703726618431,10,,
2002-07-31,LS3,-0.0040948412496400214,-0.0041661157701567975,0.0014139520764002,0.07156757838884827,0.0,0.16736847978155847,10,,
2002-07-31,LS4,-0.00501793356502141,-0.005096476526754046,0.0014139520764002,0.07893907275532668,0.0,0.14983362675742654,10,,
2002-07-31,LS5,-0.005399810801466627,-0.00543296681120653,0.0014139520764002,0.033336017929499306,0.0,0.14394409762447938,10,,
2002-07-31,NLS6,-0.010092990663280803,-0.010157717474888917,0.0014139520764002,0.0653867595617739,0.0,0.14434307657799392,10,,
2002-07-31,NLS7,-0.009734650271584386,-0.009784923936196344,0.0014139520764002,0.05076787209182468,0.0,0.142654348086357,10,,
2002-07-31,NLS8,-0.010872211555217904,-0.010924324407676433,0.0014139520764002,0.0526856621230596,0.0,0.13286614780937064,10,,
2002-07-31,CRE,-0.007305047226544918,-0.007336852985619813,0.0014139520764002,0.03203981141041327,0.0,0.3964892007280334,10,,
2002-07-31,SRE_STAR,-0.006002098628848996,-0.006036597273317401,0.0014139520764002,0.03470695905971238,0.0,0.11269746326460196,10,,
2002-07-31,GS_STAR,-0.0052109645679648715,-0.005313015428104695,0.0014139520764002,0.10258542917641376,0.0,0.1512308030191747,10,,
2002-07-31,ID_KAPPA,-0.005233983034662907,-0.005308972659823441,0.0014139520764002,0.075384184704308,0.0,0.09824952565062538,10,0.060899453301698256,51.04931076718995
2002-07-31,EW,-0.06091963128124783,-0.06095946266501995,0.0014139520764002,0.04241530874125819,0.0,,10,,
2002-08-31,AIQ,0.019144825131022128,0.01897909554193422,0.0013975409693907,0.16261632792648464,0.0,0.09622215752109509,10,,
2002-08-31,HC,0.01750359586905369,0.017402818333580372,0.0013975409693907,0.09904391088394215,0.0,0.04156513278192603,10,,
2002-08-31,LS1,0.02099524339910952,0.02090026869223971,0.0013975409693907,0.09302169376756408,0.0,0.14331677856817435,10,,
2002-08-31,LS2,0.02041747571735985,0.020316590920557154,0.0013975409693907,0.09886619859365292,0.0,0.11477761636439777,10,,
2002-08-31,LS3,0.017011244461396298,0.01691776855014182,0.0013975409693907,0.09191236750187663,0.0,0.18398646192456355,10,,
2002-08-31,LS4,0.017429722010201865,0.01734025879685608,0.0013975409693907,0.08793060730412834,0.0,0.1544140399436006,10,,
2002-08-31,LS5,0.017097813910277135,0.017043166111481156,0.0013975409693907,0.05372914782483601,0.0,0.14291832623313788,10,,
2002-08-31,NLS6,0.018151801731384608,0.01805802462876005,0.0013975409693907,0.09210522680916207,0.0,0.1387566396721422,10,,
2002-08-31,NLS7,0.018226518155834072,0.018142915181443175,0.0013975409693907,0.08210645951588495,0.0,0.13181024450116013,10,,
2002-08-31,NLS8,0.018092110265124306,0.017965850828523644,0.0013975409693907,0.1240157303328337,0.0,0.13570784258388777,10,,
2002-08-31,CRE,0.01677866879835583,0.01671862826442916,0.0013975409693907,0.05904975760125933,0.0,0.3978278132053583,10,,
2002-08-31,SRE_STAR,0.01690951598348828,0.0168528085716948,0.0013975409693907,0.05576446173626067,0.0,0.12576757446389555,10,,
2002-08-31,GS_STAR,0.01725932192794851,0.017140401931429183,0.0013975409693907,0.11690234137532118,0.0,0.20047082625834728,10,,
2002-08-31,ID_KAPPA,0.01746222378458821,0.017366269410973967,0.0013975409693907,0.09430755400179601,0.0,0.10120099015532796,10,0.062222128402422375,49.837533847742996
2002-08-31,EW,0.012234947012095689,0.012194178405440015,0.0013975409693907,0.040275833961313845,0.0,,10,,
2002-09-30,AIQ,0.0016492956695555168,0.001404001741151184,0.0012990121499387,0.24489003233443835,0.0,0.06617378515035834,10,,
2002-09-30,HC,0.004166651585067377,0.004013586650825296,0.0012990121499387,0.15242981232283376,0.0,0.03826102760341114,10,,
2002-09-30,LS1,0.004328857161398144,0.00419701477289558,0.0012990121499387,0.13127412158117205,0.0,0.1361962519066641,10,,
2002-09-30,LS2,0.004543102433049853,0.004394323876125039,0.0012990121499387,0.14810569756985248,0.0,0.10817418587364022,10,,
2002-09-30,LS3,0.005274400657454889,0.005145701714163842,0.0012990121499387,0.12802369502989525,0.0,0.17870889406464452,10,,
2002-09-30,LS4,0.004700860969016842,0.004571223978275807,0.0012990121499387,0.12903043659781563,0.0,0.15088959623411877,10,,
2002-09-30,LS5,0.006520147548359171,0.006490445424254032,0.0012990121499387,0.029509716399986424,0.0,0.13863396928392419,10,,
2002-09-30,NLS6,0.0003633665537660497,0.00024411718110872727,0.0012990121499387,0.11920605716326547,0.0,0.1361268882078615,10,,
2002-09-30,NLS7,-0.000666682811834069,-0.0007859027090687531,0.0012990121499387,0.11929943211559126,0.0,0.13550356167248973,10,,
2002-09-30,NLS8,0.0012896105929113158,0.001170265705361162,0.0012990121499387,0.11919117734530225,0.0,0.12760570476762223,10,,
2002-09-30,CRE,0.0046299337631370355,0.004599604818054992,0.0012990121499387,0.030189171218884803,0.0,0.39042256411587534,10,,
2002-09-30,SRE_STAR,0.004988017662473251,0.0049535202885462315,0.0012990121499387,0.03432615446236029,0.0,0.1157987382426257,10,,
2002-09-30,GS_STAR,0.003019029425401007,0.0028647296745087925,0.0012990121499387,0.1538353175420618,0.0,0.2036498669459608,10,,
2002-09-30,ID_KAPPA,0.0043291804461,0.004184408812507812,0.0012990121499387,0.1441475926528408,0.0,0.07265596640030776,10,0.03576327858606675,72.0034612907265
2002-09-30,EW,-0.046208978184648135,-0.046225405504137895,0.0012990121499387,0.017223185282829415,0.0,,10,,
2002-10-31,AIQ,0.000844473997488599,0.0007267298949982237,0.0011921521074573,0.11764475455422413,0.0,0.08509152505910136,10,,
2002-10-31,HC,-0.008258204387261629,-0.008288182141276246,0.0011921521074573,0.030227377879127635,0.0,0.04365814193309615,10,,
2002-10-31,LS1,-0.012429687646590965,-0.012484174901536749,0.0011921521074573,0.05517303858198132,0.0,0.1604422976050537,10,,
2002-10-31,LS2,-0.012024538946536288,-0.012080745018481442,0.0011921521074573,0.05689014976666379,0.0,0.1271669613632048,10,,
2002-10-31,LS3,-0.008080199621344562,-0.008110773368686486,0.0011921521074573,0.030822801732780996,0.0,0.1896751276433093,10,,
2002-10-31,LS4,-0.007832386163960458,-0.007858161187380253,0.0011921521074573,0.02597849704055141,0.0,0.1578923066509067,10,,
2002-10-31,LS5,-0.004688529899062496,-0.004741403773229069,0.0011921521074573,0.05312294267155258,0.0,0.13451729945633614,10,,
2002-10-31,NLS6,-0.0058900157598959935,-0.005928918181306697,0.0011921521074573,0.03913291489626194,0.0,0.14298199173341766,10,,
2002-10-31,NLS7,-0.005816641429579539,-0.005881727281295435,0.0011921521074573,0.06546664773142939,0.0,0.13634394733092978,10,,
2002-10-31,NLS8,-0.00599110713598837,-0.006044776170130883,0.0011921521074573,0.05399250904885244,0.0,0.14848389499847817,10,,
2002-10-31,CRE,-0.004167387675749797,-0.004215732586820176,0.0011921521074573,0.04854722618251108,0.0,0.37891546479767996,10,,
2002-10-31,SRE_STAR,-0.0036287635293439924,-0.003676521779117814,0.0011921521074573,0.047932184336338585,0.0,0.1152721828214881,10,,
2002-10-31,GS_STAR,-0.003991047649663997,-0.004075582689448409,0.0011921521074573,0.08487377506492277,0.0,0.18300210722133872,10,,
2002-10-31,ID_KAPPA,-0.008087459325409182,-0.008116430960055765,0.0011921521074573,0.02920785196121852,0.0,0.08704115736837721,10,0.04536350162793568,61.62587227867082
2002-10-31,EW,0.02994434088349367,0.029882272996864634,0.0011921521074573,0.06026334061496075,0.0,,10,,
2002-11-30,AIQ,0.009467810317510211,0.009298753728040676,0.001011025725442,0.16747100575357998,0.0,0.0842165056514903,10,,
2002-11-30,HC,0.010069240235041863,0.009992314381417344,0.001011025725442,0.0761589904536163,0.0,0.04114552545207474,10,,
2002-11-30,LS1,0.01693967462313282,0.016837638330426508,0.001011025725442,0.10033662296051224,0.0,0.14278218779084925,10,,
2002-11-30,LS2,0.015195080598055155,0.015075325291953767,0.001011025725442,0.11796285107185209,0.0,0.1140330822015848,10,,
2002-11-30,LS3,0.009110774574325787,0.009047766427435988,0.001011025725442,0.06243927671500508,0.0,0.18304790556231557,10,,
2002-11-30,LS4,0.009924841891397997,0.009863931527490877,0.001011025725442,0.06031177903603524,0.0,0.1582694067150411,10,,
2002-11-30,LS5,0.009970594862771343,0.009929342661912033,0.001011025725442,0.040844952386811066,0.0,0.13081924209059256,10,,
2002-11-30,NLS6,0.01109073011776263,0.011024546980096916,0.001011025725442,0.06545716986064548,0.0,0.13817776502154386,10,,
2002-11-30,NLS7,0.011111619228928497,0.011043306218442295,0.001011025725442,0.06756228411090356,0.0,0.13046433386620382,10,,
2002-11-30,NLS8,0.011081388078764064,0.01101609245654167,0.001011025725442,0.06457998633177568,0.0,0.14327261866367583,10,,
2002-11-30,CRE,0.011148617484783865,0.011105900426764848,0.001011025725442,0.04224607271404494,0.0,0.39094744583293733,10,,
2002-11-30,SRE_STAR,0.01024895653688791,0.01020315198809496,0.001011025725442,0.045339862512688865,0.0,0.11696900955628144,10,,
2002-11-30,GS_STAR,0.011127625184068617,0.011056888435122314,0.001011025725442,0.06995827943428744,0.0,0.1810862784618768,10,,
2002-11-30,ID_KAPPA,0.010063895513270428,0.009994596609867346,0.001011025725442,0.06860843527915671,0.0,0.08395852463836058,10,0.04465015320126758,61.80161110473694
2002-11-30,EW,0.04953795386803643,0.04948222177406092,0.001011025725442,0.053101551754438675,0.0,,10,,
2002-12-31,AIQ,0.018480000343805744,0.018383758155400942,0.001011025725442,0.09449590406506751,0.0,0.06850316332880335,10,,
2002-12-31,HC,0.018605147770973933,0.018479238995952496,0.001011025725442,0.12360901110402746,0.0,0.039147248971094055,10,,
2002-12-31,LS1,0.027606416349481494,0.02744293953292054,0.001011025725442,0.1590850484777189,0.0,0.12434590141385102,10,,
2002-12-31,LS2,0.0259033008894068,0.025727154379549866,0.001011025725442,0.1716989405376535,0.0,0.09681101320474989,10,,
2002-12-31,LS3,0.018019441350550135,0.017945187226305004,0.001011025725442,0.07293978997747673,0.0,0.1699259436670605,10,,
2002-12-31,LS4,0.01905757650938223,0.01897254518989344,0.001011025725442,0.08344113369923958,0.0,0.15230578073345008,10,,
2002-12-31,LS5,0.020063665909239463,0.020013729989363016,0.001011025725442,0.048953728620481245,0.0,0.11690296879557463,10,,
2002-12-31,NLS6,0.019729085471695582,0.019689095237121812,0.001011025725442,0.03921652833439833,0.0,0.13818124551158248,10,,
2002-12-31,NLS7,0.019429869632894965,0.019392880738166696,0.001011025725442,0.036283903219008436,0.0,0.12850172168570062,10,,
2002-12-31,NLS8,0.020098542405581076,0.020055353435579848,0.001011025725442,0.04233803716587033,0.0,0.14448367465081907,10,,
2002-12-31,CRE,0.019044595612990822,0.0190071455113765,0.001011025725442,0.03675020874978327,0.0,0.3773950447490595,10,,
2002-12-31,SRE_STAR,0.018805387794842948,0.018761759825119073,0.001011025725442,0.042822672756224756,0.0,0.10964749670985435,10,,
2002-12-31,GS_STAR,0.015995756439467625,0.015890437724990214,0.001011025725442,0.10366058500738771,0.0,0.17502431232113275,10,,
2002-12-31,ID_KAPPA,0.018740111328568728,0.018635618660177267,0.001011025725442,0.1025704860637122,0.0,0.0767962260211614,10,0.03918287896844929,70.21961774788036
2002-12-31,EW,-0.008675228359155495,-0.008704509853947773,0.001011025725442,0.02953774144449524,0.0,,10,,
2003-01-31,AIQ,-0.003158422256246417,-0.0033055819190007663,0.0009780548903548,0.14762592777014807,0.0,0.11044936372352437,10,,
2003-01-31,HC,-0.0018501336252111536,-0.001965356358204162,0.0009780548903548,0.11543630558350425,0.0,0.043910125645051125,10,,
2003-01-31,LS1,0.008689283767083129,0.008559700713067997,0.0009780548903548,0.12846676979774305,0.0,0.14504113343209538,10,,
2003-01-31,LS2,0.006230436747624888,0.006098352050823097,0.0009780548903548,0.13126684701448973,0.0,0.11520414885398501,10,,
2003-01-31,LS3,-0.002572129843311969,-0.0026633124073113246,0.0009780548903548,0.0914177021993206,0.0,0.17983504690581015,10,,
2003-01-31,LS4,-0.0007613720280779889,-0.0008502565397774386,0.0009780548903548,0.08895223744488451,0.0,0.16851073670019998,10,,
2003-01-31,LS5,0.003513452495009401,0.003461320570732118,0.0009780548903548,0.05194940251924851,0.0,0.12189111561700916,10,,
2003-01-31,NLS6,0.001516910680259358,0.0014502399439288993,0.0009780548903548,0.066569755956657,0.0,0.14068742692712474,10,,
2003-01-31,NLS7,0.0014150821676417098,0.0013450213456978055,0.0009780548903548,0.06996182021967626,0.0,0.12803793485235251,10,,
2003-01-31,NLS8,0.001775516006076414,0.0017119656910056236,0.0009780548903548,0.0634376804537213,0.0,0.15024278254304685,10,,
2003-01-31,CRE,0.002738461517337932,0.0027012093358280698,0.0009780548903548,0.037150446442031027,0.0,0.37784508868885575,10,,
2003-01-31,SRE_STAR,0.002310414247263991,0.002270975334255354,0.0009780548903548,0.039348002822512676,0.0,0.10949778042866094,10,,
2003-01-31,GS_STAR,-0.0022485173245698543,-0.0023572230411624817,0.0009780548903548,0.1089506941158438,0.0,0.1800175082370861,10,,
2003-01-31,ID_KAPPA,-0.0011355017753788257,-0.0012295858209951938,0.0009780548903548,0.09419099966380902,0.0,0.11397022069591549,10,0.07327772935377226,45.88430743519457
2003-01-31,EW,0.0035470696670120813,0.003494318614092773,0.0009780548903548,0.052564602611917685,0.0,,10,,
2003-02-28,AIQ,0.009420235687729305,0.009278077331717816,0.0009945418011427,0.14083168831536574,0.0,0.11341086528644094,10,,
2003-02-28,HC,0.010178771078849918,0.010115381964273418,0.0009945418011427,0.06275039269416793,0.0,0.032621670642750615,10,,
2003-02-28,LS1,0.005209705556419861,0.005166852265379829,0.0009945418011427,0.04263119506624359,0.0,0.1385082701591043,10,,
2003-02-28,LS2,0.005861305655743814,0.005834559130040606,0.0009945418011427,0.02659066966067554,0.0,0.1070228525327001,10,,
2003-02-28,LS3,0.01064621029196456,0.01060077729074882,0.0009945418011427,0.04495440714387163,0.0,0.17231247091214158,10,,
2003-02-28,LS4,0.010396761290802489,0.01036087961665566,0.0009945418011427,0.03551245958166603,0.0,0.16130377566707244,10,,
2003-02-28,LS5,0.009533444451686794,0.009508770113022535,0.0009945418011427,0.02444132861570104,0.0,0.12410259574437471,10,,
2003-02-28,NLS6,0.007199722469308083,0.007150919007953949,0.0009945418011427,0.04845460166978759,0.0,0.10835697580197277,10,,
2003-02-28,NLS7,0.007354957431515078,0.007304428028224175,0.0009945418011427,0.050160475131611766,0.0,0.10034581845625462,10,,
2003-02-28,NLS8,0.007018332509910069,0.006975873109346553,0.0009945418011427,0.042163483218431705,0.0,0.11650280367352443,10,,
2003-02-28,CRE,0.008586823141535659,0.008566689396300564,0.0009945418011427,0.019962332218714143,0.0,0.3807064837946137,10,,
2003-02-28,SRE_STAR,0.008564688357505118,0.008543275833181374,0.0009945418011427,0.021230690079401475,0.0,0.10909786548887217,10,,
2003-02-28,GS_STAR,0.0076256106875992906,0.00761142682597904,0.0009945418011427,0.01407651956227169,0.0,0.18861863149833785,10,,
2003-02-28,ID_KAPPA,0.010327967419164363,0.010283452298882167,0.0009945418011427,0.044060069321628384,0.0,0.1152294067307906,10,0.08539341184428538,44.52405842624302
2003-02-28,EW,0.0014995526046273524,0.0014679749059776093,0.0009945418011427,0.03153041713065191,0.0,,10,,
2003-03-31,AIQ,-0.0002426970944233655,-0.0003481833499111575,0.0009450721047856,0.10551186291031978,0.0,0.07309505657417179,10,,
2003-03-31,HC,-0.001342875713350379,-0.0013966890626812,0.0009450721047856,0.05388571114359572,0.0,0.0327104787884354,10,,
2003-03-31,LS1,-0.009274297651504167,-0.009297420023215208,0.0009450721047856,0.023338822901508592,0.0,0.13990158875276426,10,,
2003-03-31,LS2,-0.008654744452857646,-0.00868902352912948,0.0009450721047856,0.0345783429940742,0.0,0.10792355953076918,10,,
2003-03-31,LS3,0.00018024478501564735,0.00014793094710841004,0.0009450721047856,0.03230801455601345,0.0,0.1752395296404035,10,,
2003-03-31,LS4,-0.001871103693601506,-0.0019058030057952369,0.0009450721047856,0.03476435991591204,0.0,0.16453815615738784,10,,
2003-03-31,LS5,-0.001833535152825523,-0.001863509635737226,0.0009450721047856,0.030029543134731808,0.0,0.11898914418264114,10,,
2003-03-31,NLS6,-0.005362461295318514,-0.005439896728478222,0.0009450721047856,0.0778529164107236,0.0,0.11023596994567554,10,,
2003-03-31,NLS7,-0.005506004537584345,-0.005634043041426007,0.0009450721047856,0.12874738754162468,0.0,0.09877801775493923,10,,
2003-03-31,NLS8,-0.005343952807983021,-0.005392088884818014,0.0009450721047856,0.04839469580554933,0.0,0.12090070839249224,10,,
2003-03-31,CRE,-0.0021166684686792095,-0.002138142293324985,0.0009450721047856,0.02151937402630464,0.0,0.37514290193949723,10,,
2003-03-31,SRE_STAR,-0.0024952015421500196,-0.0025262693195182706,0.0009450721047856,0.031145491647088387,0.0,0.10177301904072074,10,,
2003-03-31,GS_STAR,-0.000252253105125351,-0.000312583817118961,0.0009450721047856,0.06034593444293068,0.0,0.19998376538658874,10,,
2003-03-31,ID_KAPPA,-0.0015437868370264366,-0.0015863630848627075,0.0009450721047856,0.04264207811523044,0.0,0.07844563857468756,10,0.04728176909118891,68.30781217691212
2003-03-31,EW,-0.018150913823790395,-0.018182577962471802,0.0009450721047856,0.032249496513457154,0.0,,10,,
2003-04-30,AIQ,0.018272463466612633,0.018251203294173735,0.0009368245400691,0.02087866774547277,0.0,0.07773354049761752,10,,
2003-04-30,HC,0.018891565483848575,0.018750699570488694,0.0009368245400691,0.13825407740320855,0.0,0.022859883284963804,10,,
2003-04-30,LS1,0.022486095456574613,0.02240982980723283,0.0009368245400691,0.07458844641575793,0.0,0.1376626983184396,10,,
2003-04-30,LS2,0.02153954012476908,0.021446459309931054,0.0009368245400691,0.09111817133063183,0.0,0.1048137505784546,10,,
2003-04-30,LS3,0.017553125700821758,0.01748561202813259,0.0009368245400691,0.06634903965580248,0.0,0.16374020184659213,10,,
2003-04-30,LS4,0.017954395947231597,0.01788996971370671,0.0009368245400691,0.06328990157278118,0.0,0.1581135814972486,10,,
2003-04-30,LS5,0.01790296023779666,0.017874018667328295,0.0009368245400691,0.02843254376784646,0.0,0.1338017964059906,10,,
2003-04-30,NLS6,0.019988540759365146,0.019921331051558466,0.0009368245400691,0.06589261067257748,0.0,0.07116098945967059,10,,
2003-04-30,NLS7,0.020046787839718822,0.01996016956106761,0.0009368245400691,0.08491598589766734,0.0,0.0650013535634826,10,,
2003-04-30,NLS8,0.019934315098109275,0.01987759575947412,0.0009368245400691,0.05561077590544404,0.0,0.07781908802339381,10,,
2003-04-30,CRE,0.01974315524664359,0.01956063985383283,0.0009368245400691,0.17898172875359644,0.0,0.3029292319097345,10,,
2003-04-30,SRE_STAR,0.018798326036877817,0.018598895639261315,0.0009368245400691,0.1957506137571212,0.0,0.09461036722041034,10,,
2003-04-30,GS_STAR,0.017798746094744765,0.01777147943950652,0.0009368245400691,0.026789829858721206,0.0,0.19468319691137986,10,,
2003-04-30,ID_KAPPA,0.01833219642734649,0.018240947682472086,0.0009368245400691,0.08960606881966401,0.0,0.08280490651777721,10,0.061347418049253234,64.23672929609417
2003-04-30,EW,0.0481577254655734,0.048118169818692325,0.0009368245400691,0.03773825820304484,0.0,,10,,
2003-05-31,AIQ,0.025889872110072407,0.02578725166575846,0.0009203271676554,0.10003066323559229,0.0,0.056008693344748804,10,,
2003-05-31,HC,0.028948386496619023,0.028823732387774914,0.0009203271676554,0.12114709588955262,0.0,0.01944753164846793,10,,
2003-05-31,LS1,0.04016746987495435,0.040054285449553806,0.0009203271676554,0.10881365614532061,0.0,0.13011007820797274,10,,
2003-05-31,LS2,0.03901678856196639,0.03889150849860945,0.0009203271676554,0.12057559101652539,0.0,0.0975084821384403,10,,
2003-05-31,LS3,0.02703868423465048,0.02697842533660655,0.0009203271676554,0.05867247161074898,0.0,0.14105136634181448,10,,
2003-05-31,LS4,0.028837238946340136,0.028777876832828397,0.0009203271676554,0.05769825514145796,0.0,0.13885532337107515,10,,
2003-05-31,LS5,0.025085523904432375,0.02503363984250173,0.0009203271676554,0.05061437384550218,0.0,0.12155885791093919,10,,
2003-05-31,NLS6,0.03493635877885025,0.03480641144592833,0.0009203271676554,0.1255606992832682,0.0,0.06026270177587296,10,,
2003-05-31,NLS7,0.03554828900972155,0.035401414631029304,0.0009203271676554,0.14183247681542188,0.0,0.05452040936118292,10,,
2003-05-31,NLS8,0.03442124372644946,0.03430350635996904,0.0009203271676554,0.11381955580909914,0.0,0.06651695151195718,10,,
2003-05-31,CRE,0.027240573916405723,0.02708516967918695,0.0009203271676554,0.15128319613221655,0.0,0.3625835694658759,10,,
2003-05-31,SRE_STAR,0.02619404635770184,0.026029671648695407,0.0009203271676554,0.16017897354781324,0.0,0.09421740618370104,10,,
2003-05-31,GS_STAR,0.02928606157960507,0.02917676212399578,0.0009203271676554,0.10618958100096461,0.0,0.10830664521070006,10,,
2003-05-31,ID_KAPPA,0.02888524862490988,0.02880661185232225,0.0009203271676554,0.07642909905914384,0.0,0.06204734265373892,10,0.04344470324661797,89.26194683589014
2003-05-31,EW,0.062211214861612914,0.062168895845028604,0.0009203271676554,0.039840491224642324,0.0,,10,,
2003-06-30,AIQ,0.0006705834804317298,0.0005901402458092786,0.0007469239231387,0.08038932686766974,0.0,0.09560565346045108,10,,
2003-06-30,HC,0.0009422768665982747,0.000755300670972181,0.0007469239231387,0.18680017813949376,0.0,0.020297350568950094,10,,
2003-06-30,LS1,0.0021837426484120474,0.0018937431146788253,0.0007469239231387,0.28936762930018795,0.0,0.12098655498268666,10,,
2003-06-30,LS2,0.0022881014589949916,0.001979511006670709,0.0007469239231387,0.30788597796892214,0.0,0.09372701116607586,10,,
2003-06-30,LS3,0.0013596110348677562,0.0012486925797305926,0.0007469239231387,0.11076785394054142,0.0,0.12410373066633819,10,,
2003-06-30,LS4,0.0013158125467769128,0.0011689192724162467,0.0007469239231387,0.1467002443386254,0.0,0.12683753392210678,10,,
2003-06-30,LS5,0.0006599909288617876,0.0006172011660996457,0.0007469239231387,0.04276154053343612,0.0,0.14903496975158836,10,,
2003-06-30,NLS6,0.0010843182129550023,0.0009184305551563909,0.0007469239231387,0.1657079776204105,0.0,0.06981424604852575,10,,
2003-06-30,NLS7,0.000802613623727918,0.0006327325903827674,0.0007469239231387,0.16974479386114527,0.0,0.06484636297709366,10,,
2003-06-30,NLS8,0.0015269395541573395,0.0013447474799610504,0.0007469239231387,0.18191430205310824,0.0,0.07494436274303524,10,,
2003-06-30,CRE,0.0018666953641985771,0.0018148373776243343,0.0007469239231387,0.05176136387617496,0.0,0.3846450546918713,10,,
2003-06-30,SRE_STAR,0.0011510949311313453,0.0010956832057862353,0.0007469239231387,0.05534801452611129,0.0,0.09370203582556262,10,,
2003-06-30,GS_STAR,-8.826734973400883e-05,-0.0002508680218517023,0.0007469239231387,0.16261502571499512,0.0,0.1090169035462658,10,,
2003-06-30,ID_KAPPA,0.0013216971931172153,0.0011658268416117057,0.0007469239231387,0.15566461002737775,0.0,0.10760539607081719,10,0.08911688209945168,46.42928429163639
2003-06-30,EW,0.009802596172967604,0.009780880200289,0.0007469239231387,0.02150516621850286,0.0,,10,,
2003-07-31,AIQ,-0.02481061311770468,-0.024896246542409406,0.0007965014393356,0.0878120966619445,0.0,0.06261874112396269,10,,
2003-07-31,HC,-0.021478616736276726,-0.021691488654774882,0.0007965014393356,0.21754447285366563,0.0,0.013254191451722838,10,,
2003-07-31,LS1,-0.010166392938925881,-0.010194688495879012,0.0007965014393356,0.028586175243260004,0.0,0.12345453863192787,10,,
2003-07-31,LS2,-0.012689453598461953,-0.012717576722557578,0.0007965014393356,0.028484577824231604,0.0,0.09347090627258266,10,,
2003-07-31,LS3,-0.02311270821817034,-0.02324191151760946,0.0007965014393356,0.13226019063401054,0.0,0.1288869428503677,10,,
2003-07-31,LS4,-0.022096141591270314,-0.022245069184407606,0.0007965014393356,0.15229267361697954,0.0,0.12949918950091838,10,,
2003-07-31,LS5,-0.0220598622749635,-0.02209233892760676,0.0007965014393356,0.033209243991988026,0.0,0.15364997766183455,10,,
2003-07-31,NLS6,-0.01762209434235244,-0.018006997337682074,0.0007965014393356,0.39180746341396794,0.0,0.05934973895177567,10,,
2003-07-31,NLS7,-0.01768156051681672,-0.018060475005353904,0.0007965014393356,0.38573488321827426,0.0,0.06826554467926502,10,,
2003-07-31,NLS8,-0.01752629724526379,-0.017923975735335773,0.0007965014393356,0.40477265595704126,0.0,0.051520276225781036,10,,
2003-07-31,CRE,-0.01957689428966547,-0.01961316033758964,0.0007965014393356,0.03699020118238213,0.0,0.374717716965146,10,,
2003-07-31,SRE_STAR,-0.021007315853691935,-0.021057161267339253,0.0007965014393356,0.05091500115830411,0.0,0.09784715008352368,10,,
2003-07-31,GS_STAR,-0.01993645370767764,-0.019992376817672186,0.0007965014393356,0.057060697957983686,0.0,0.15351443553318256,10,,
2003-07-31,ID_KAPPA,-0.021748703013091092,-0.021935252952543616,0.0007965014393356,0.1906973596938944,0.0,0.07159819020656143,10,0.05912768845775537,73.96159540857285
2003-07-31,EW,0.025527617454907666,0.02550807457571369,0.0007965014393356,0.019056414338583114,0.0,,10,,
2003-08-31,AIQ,0.010063413999961381,0.009907884028534708,0.0008130212763268,0.15398040288454246,0.0,0.0910040070533813,10,,
2003-08-31,HC,0.009821633656530477,0.00968485293050314,0.0008130212763268,0.1354503819965774,0.0,0.015509381871332576,10,,
2003-08-31,LS1,0.014494953550330977,0.014374601591038871,0.0008130212763268,0.11863238833360018,0.0,0.14688045958982177,10,,
2003-08-31,LS2,0.013577508272382017,0.013420232009022204,0.0008130212763268,0.1551694488839332,0.0,0.11232645903810587,10,,
2003-08-31,LS3,0.009492989734364849,0.00934778519149737,0.0008130212763268,0.14383907995796724,0.0,0.15256293244755523,10,,
2003-08-31,LS4,0.010618870402756206,0.01044617711214535,0.0008130212763268,0.1708787512961425,0.0,0.14892890476695794,10,,
2003-08-31,LS5,0.010585647545004807,0.010462443067343674,0.0008130212763268,0.12191393966500368,0.0,0.16287276620386854,10,,
2003-08-31,NLS6,0.014714963992063103,0.014415616620232274,0.0008130212763268,0.2950063638100585,0.0,0.0631772105687155,10,,
2003-08-31,NLS7,0.01532192004602646,0.015044207274990784,0.0008130212763268,0.27352189049853237,0.0,0.05861384072479095,10,,
2003-08-31,NLS8,0.014095478111174356,0.013759650119860023,0.0008130212763268,0.3311601309373353,0.0,0.06798279888096537,10,,
2003-08-31,CRE,0.012024902863252671,0.011912153212749299,0.0008130212763268,0.11140995659719527,0.0,0.39296384904913745,10,,
2003-08-31,SRE_STAR,0.01141223885856317,0.011276979786895236,0.0008130212763268,0.13373288009694248,0.0,0.10796782173951666,10,,
2003-08-31,GS_STAR,0.009333470900805479,0.009172301317010856,0.0008130212763268,0.15967922241863777,0.0,0.09413979242029229,10,,
2003-08-31,ID_KAPPA,0.010349130465771596,0.010205451214680306,0.0008130212763268,0.1422075268428863,0.0,0.09955636854211605,10,0.08537103871090326,49.66314055610071
2003-08-31,EW,0.032292187416974615,0.032264875134490056,0.0008130212763268,0.02645789904970744,0.0,,10,,
2003-09-30,AIQ,0.023130693584851418,0.023057803160416057,0.0007882403958696,0.071242535183786,0.0,0.06426403936633264,10,,
2003-09-30,HC,0.02448490207396797,0.024445236062415887,0.0007882403958696,0.038718004991180416,0.0,0.015372733656960725,10,,
2003-09-30,LS1,0.021857849715783587,0.02181322959525578,0.0007882403958696,0.0436656825997206,0.0,0.1406848482307637,10,,
2003-09-30,LS2,0.022588399282589808,0.02254530534487187,0.0007882403958696,0.04214201701086205,0.0,0.10808280593212692,10,,
2003-09-30,LS3,0.024971320664834974,0.024932185281480113,0.0007882403958696,0.038181930133968874,0.0,0.14923089843181828,10,,
2003-09-30,LS4,0.024449661282488856,0.024398351525902084,0.0007882403958696,0.05008519064031632,0.0,0.1444580456759122,10,,
2003-09-30,LS5,0.025759177968796895,0.025732527340753153,0.0007882403958696,0.025981369327336003,0.0,0.14614189637590955,10,,
2003-09-30,NLS6,0.02371302708605659,0.023604022059929397,0.0007882403958696,0.10648006154373808,0.0,0.06533341196524481,10,,
2003-09-30,NLS7,0.023774797654195795,0.02363507277531518,0.0007882403958696,0.13648009230240343,0.0,0.06168103960286903,10,,
2003-09-30,NLS8,0.02364783763705318,0.023569904358850424,0.0007882403958696,0.07613289975076236,0.0,0.06917419383980235,10,,
2003-09-30,CRE,0.02421026958218751,0.02417905209722848,0.0007882403958696,0.030479566438786805,0.0,0.3904032006960572,10,,
2003-09-30,SRE_STAR,0.02470414847487647,0.024672228209509983,0.0007882403958696,0.03115071351465973,0.0,0.10368180174789324,10,,
2003-09-30,GS_STAR,0.02604509155709516,0.02594863560769367,0.0007882403958696,0.09400751506464919,0.0,0.10990798925117289,10,,
2003-09-30,ID_KAPPA,0.024603872588888975,0.02454412003074835,0.0007882403958696,0.05831771647487474,0.0,0.07257348264512677,10,0.05809380965104981,70.04903891983196
2003-09-30,EW,0.004865100608295336,0.004845924485942454,0.0007882403958696,0.01908328027443608,0.0,,10,,
2003-10-31,AIQ,0.0003217343038808834,0.00025072769680622997,0.0007965014393356,0.07098376916098414,0.0,0.05687390886051373,10,,
2003-10-31,HC,0.0006110532164366972,0.0005583101652235634,0.0007965014393356,0.052710842083614325,0.0,0.02240224185055509,10,,
2003-10-31,LS1,0.0069497279566912516,0.006889903126100716,0.0007965014393356,0.05941193381323466,0.0,0.14698877700490617,10,,
2003-10-31,LS2,0.005814201828349969,0.00574876388485257,0.0007965014393356,0.06505967342529194,0.0,0.11401759853267678,10,,
2003-10-31,LS3,-0.00029141625774173124,-0.0003352847642277279,0.0007965014393356,0.043881294208481414,0.0,0.15372846787437147,10,,
2003-10-31,LS4,0.0009405393889887231,0.0008701653002920473,0.0007965014393356,0.07030796128981617,0.0,0.15186728113495215,10,,
2003-10-31,LS5,-0.0014000094233809998,-0.0014400363724794696,0.0007965014393356,0.040083065768221696,0.0,0.13707061938038342,10,,
2003-10-31,NLS6,0.004627184910736663,0.004524595644271656,0.0007965014393356,0.10211675336481515,0.0,0.06990429251708268,10,,
2003-10-31,NLS7,0.004548675196018878,0.004420986629507739,0.0007965014393356,0.12711038266631386,0.0,0.06638361750825529,10,,
2003-10-31,NLS8,0.004716658251373253,0.0046389040366559,0.0007965014393356,0.07738919632592475,0.0,0.07346657979416002,10,,
2003-10-31,CRE,0.002200178488389017,0.002155274853137046,0.0007965014393356,0.044805056131082883,0.0,0.3919549703338738,10,,
2003-10-31,SRE_STAR,0.0007344918198369512,0.0006719301271012057,0.0007965014393356,0.06251577541004139,0.0,0.10445342069134485,10,,
2003-10-31,GS_STAR,-0.0008866421286135077,-0.0010025627688964311,0.0007965014393356,0.11602351161626032,0.0,0.17287480278157452,10,,
2003-10-31,ID_KAPPA,0.0005401366908676184,0.0004870496477447084,0.0007965014393356,0.053058384342752334,0.0,0.06283785990958722,10,0.04136222461841069,81.72117413952637
2003-10-31,EW,0.04208491754677923,0.04206013727619373,0.0007965014393356,0.023779511792388602,0.0,,10,,
2003-11-30,AIQ,0.006749075636056393,0.006494653949119078,0.0007717160582849,0.2527160869520766,0.0,0.0462956894965527,10,,
2003-11-30,HC,0.008085243305672847,0.008073475609922554,0.0007717160582849,0.01167331416519356,0.0,0.015211659583988622,10,,
2003-11-30,LS1,0.014437593449079411,0.014399493499155591,0.0007717160582849,0.037557707019003406,0.0,0.12719631605111112,10,,
2003-11-30,LS2,0.013351126846500748,0.013311105602184847,0.0007717160582849,0.039493955506295614,0.0,0.09663934270904329,10,,
2003-11-30,LS3,0.007644006299637889,0.007631729797924924,0.0007717160582849,0.012183371941040886,0.0,0.13712533173020505,10,,
2003-11-30,LS4,0.008111840611332627,0.008088731532736482,0.0007717160582849,0.02292312982065894,0.0,0.1329973663129531,10,,
2003-11-30,LS5,0.010298301627045274,0.01027889406351612,0.0007717160582849,0.019209735874983213,0.0,0.12678815927764073,10,,
2003-11-30,NLS6,0.011739172891683513,0.011594862382804383,0.0007717160582849,0.1426360792839925,0.0,0.060127317815415054,10,,
2003-11-30,NLS7,0.011720448377678137,0.011578399004638085,0.0007717160582849,0.14040377781019192,0.0,0.0593486917683267,10,,
2003-11-30,NLS8,0.01176431215719947,0.011618330614576733,0.0007717160582849,0.14428413897265469,0.0,0.05994081751694145,10,,
2003-11-30,CRE,0.010186361547641708,0.010174022515851311,0.0007717160582849,0.012214609363236543,0.0,0.3829927934384161,10,,
2003-11-30,SRE_STAR,0.010234817673309441,0.01022267486978734,0.0007717160582849,0.012019783232063964,0.0,0.09168170914952795,10,,
2003-11-30,GS_STAR,0.009943535834724227,0.00987282490607888,0.0007717160582849,0.07001473462260907,1.0000000001283693e-06,-1.2836953722228372e-16,9,,
2003-11-30,ID_KAPPA,0.008173189280754388,0.008157946512213243,0.0007717160582849,0.015119196486489262,0.0,0.054572149547850037,10,0.039968476827451575,95.81673508736
2003-11-30,EW,0.02063967030657379,0.020608490355621623,0.0007717160582849,0.030549420975198235,0.0,,10,,
2003-12-31,AIQ,0.017012147445517475,0.016791497705897163,0.0007882403958696,0.21695880444929327,0.0,0.04356381676769088,10,,
2003-12-31,HC,0.014366432885151412,0.014295815006232226,0.0007882403958696,0.06961772060847367,0.0,0.01562146979380049,10,,
2003-12-31,LS1,0.024145171946329053,0.02410824295132108,0.0007882403958696,0.03605835971259755,0.0,0.12810009283615165,10,,
2003-12-31,LS2,0.022370480709659645,0.022343149050561006,0.0007882403958696,0.026733615273955465,0.0,0.09560806876960293,10,,
2003-12-31,LS3,0.01496564282658988,0.014883203131617062,0.0007882403958696,0.08122412374784929,0.0,0.13493552399148226,10,,
2003-12-31,LS4,0.01570795305597467,0.015627139273486135,0.0007882403958696,0.0795639949904629,0.0,0.13554361387947542,10,,
2003-12-31,LS5,0.017492968468931086,0.017443386633443136,0.0007882403958696,0.048729413395873285,0.0,0.12953311845513535,10,,
2003-12-31,NLS6,0.020876417103478987,0.020836335430074238,0.0007882403958696,0.03926202303565309,0.0,0.043617481863098086,10,,
2003-12-31,NLS7,0.020621003405233512,0.020576014193545378,0.0007882403958696,0.04408023305218836,0.0,0.04138586832183843,10,,
2003-12-31,NLS8,0.021151684515746588,0.021116639957278416,0.0007882403958696,0.034318660978223,0.0,0.04586214884982202,10,,
2003-12-31,CRE,0.02006659683808517,0.02003402575483526,0.0007882403958696,0.03193034979354452,0.0,0.38629707057835677,10,,
2003-12-31,SRE_STAR,0.019833430678252096,0.019794612508124754,0.0007882403958696,0.03806324538873165,0.0,0.0939831149406246,10,,
2003-12-31,GS_STAR,0.017058847701714064,0.01698090207023495,0.0007882403958696,0.07663827088811573,1.0000000004440887e-06,-4.440892104547567e-16,9,,
2003-12-31,ID_KAPPA,0.014677199797203335,0.01460013200727528,0.0007882403958696,0.07595301238990226,0.0,0.04999196928020683,10,0.034915937753342605,104.1894733790453
2003-12-31,EW,0.04206495120800478,0.04205215840469223,0.0007882403958696,0.01227639726062657,0.0,,10,,
2004-01-31,AIQ,0.011341919673242657,0.01118712198611127,0.0007634527638813,0.15306167392076128,0.0,0.05742742075400724,10,,
2004-01-31,HC,0.012164956898253573,0.012136054602947643,0.0007634527638813,0.028554925863653696,0.0,0.012421498039626928,10,,
2004-01-31,LS1,0.012878891089571824,0.012797907439657585,0.0007634527638813,0.07995393193287093,0.0,0.13701702928577358,10,,
2004-01-31,LS2,0.013008677193829527,0.012920427278715785,0.0007634527638813,0.08711664282906355,0.0,0.10182429360938969,10,,
2004-01-31,LS3,0.012126523535902912,0.012089222370344821,0.0007634527638813,0.0368542516085236,0.0,0.13540088523754942,10,,
2004-01-31,LS4,0.012420859135180474,0.01236864843204466,0.0007634527638813,0.05157015747428084,0.0,0.13597826886713293,10,,
2004-01-31,LS5,0.01032974614969136,0.010287090230410634,0.0007634527638813,0.04221979946968665,0.0,0.12343443427129111,10,,
2004-01-31,NLS6,0.012370760782756974,0.012149333396615614,0.0007634527638813,0.21872163313989482,0.0,0.054388355737620526,10,,
2004-01-31,NLS7,0.012191878401915091,0.011970460094965496,0.0007634527638813,0.21875131748643156,0.0,0.05436748921779864,10,,
2004-01-31,NLS8,0.01255443025270822,0.01232847555276062,0.0007634527638813,0.22315313942317488,0.0,0.053177702264817384,10,,
2004-01-31,CRE,0.010816747783470053,0.010769810014582548,0.0007634527638813,0.046435487926358966,0.0,0.38088131742265025,10,,
2004-01-31,SRE_STAR,0.010218800986369752,0.010165350870878553,0.0007634527638813,0.05290944440850321,0.0,0.0802258714731576,10,,
2004-01-31,GS_STAR,0.01115629185980141,0.011073555450859418,0.0007634527638813,0.08182356140997912,0.0,0.06822965255248784,10,,
2004-01-31,ID_KAPPA,0.01227629336224795,0.012246574552966738,0.0007634527638813,0.029358396987263106,0.0,0.06474179968947827,10,0.05297837239874527,79.67940712995944
2004-01-31,EW,0.016084893076823016,0.016066788234505136,0.0007634527638813,0.017818237866806932,0.0,,10,,
2004-02-29,AIQ,0.010630486045006922,0.010551863573326159,0.0007965014393356,0.07779546804335813,0.0,0.04104658241910094,10,,
2004-02-29,HC,0.00988302185449746,0.009863500614275988,0.0007965014393356,0.01933019943799584,0.0,0.013119625627200704,10,,
2004-02-29,LS1,0.011870818756269417,0.011835058966801038,0.0007965014393356,0.035340271510534496,0.0,0.14425255318811767,10,,
2004-02-29,LS2,0.011377511975842285,0.011342778251705044,0.0007965014393356,0.03434298639833881,0.0,0.10526308401000702,10,,
2004-02-29,LS3,0.010848611667766532,0.010829030271682916,0.0007965014393356,0.01937124496952645,0.0,0.1370127403295385,10,,
2004-02-29,LS4,0.01084746680780814,0.010826355208088279,0.0007965014393356,0.020885049835082724,0.0,0.14105110107858929,10,,
2004-02-29,LS5,0.010245596539247637,0.010231346416339937,0.0007965014393356,0.014105602594472279,0.0,0.12447064580429526,10,,
2004-02-29,NLS6,0.011332116155919733,0.011290037753107773,0.0007965014393356,0.04160690849201326,0.0,0.0661950902373297,10,,
2004-02-29,NLS7,0.010861949289935214,0.010817089165152893,0.0007965014393356,0.04437809219526333,0.0,0.06930778624302854,10,,
2004-02-29,NLS8,0.01180644563331392,0.011765817204805629,0.0007965014393356,0.040154348377316545,0.0,0.05701531578092325,10,,
2004-02-29,CRE,0.011580999532453118,0.011565418060228483,0.0007965014393356,0.015403089057468494,0.0,0.37862943192872883,10,,
2004-02-29,SRE_STAR,0.010988512651066224,0.010973463550113527,0.0007965014393356,0.014885531105829599,0.0,0.07831608680958893,10,,
2004-02-29,GS_STAR,0.009263972402461065,0.009247211694702884,0.0007965014393356,0.016606862244737484,0.0,0.06905791145529747,10,,
2004-02-29,ID_KAPPA,0.0099955531783744,0.009968436241576839,0.0007965014393356,0.026848570483551288,0.0,0.04631189180337728,10,0.0336335254384519,113.82454059888508
2004-02-29,EW,0.015356646633353187,0.015341531366894978,0.0007965014393356,0.014886657322215807,0.0,,10,,
2004-03-31,AIQ,0.008406972118632004,0.008212142626480068,0.0007882403958696,0.19320522124373926,0.0,0.03965675868119459,10,,
2004-03-31,HC,0.00969758641031873,0.00962133261313558,0.0007882403958696,0.07552142167080439,0.0,0.015065810825575905,10,,
2004-03-31,LS1,0.01664437866692556,0.016403746532018593,0.0007882403958696,0.23669253473114482,0.0,0.18484926464049017,10,,
2004-03-31,LS2,0.01543950538513415,0.01518790123403968,0.0007882403958696,0.24777857249016896,0.0,0.1326537641567392,10,,
2004-03-31,LS3,0.008953686739326571,0.008811741037487497,0.0007882403958696,0.1406860430805451,0.0,0.1664229963241175,10,,
2004-03-31,LS4,0.01010152437952089,0.009935632069296263,0.0007882403958696,0.16423330350524334,0.0,0.17674895474034313,10,,
2004-03-31,LS5,0.01437513052585565,0.01424461328684723,0.0007882403958696,0.12866762510312568,0.0,0.1386822464684174,10,,
2004-03-31,NLS6,0.012876918514353538,0.01263574715393423,0.0007882403958696,0.23810529790035567,0.0,0.06630909440019431,10,,
2004-03-31,NLS7,0.012722492915345066,0.012486880645396159,0.0007882403958696,0.2326523520483083,0.0,0.0663046807206191,10,,
2004-03-31,NLS8,0.013038564911464805,0.012791518103713262,0.0007882403958696,0.24386713034269336,0.0,0.05710590030718507,10,,
2004-03-31,CRE,0.0133798506982157,0.013254801160126783,0.0007882403958696,0.1233984847861063,0.0,0.38423181094039177,10,,
2004-03-31,SRE_STAR,0.013698305080817885,0.013567109463671123,0.0007882403958696,0.1294227449028059,0.0,0.08948838291478231,10,,
2004-03-31,GS_STAR,0.012220348819251372,0.01207726903550399,0.0007882403958696,0.14135240801492435,0.0,0.07855180077560962,10,,
2004-03-31,ID_KAPPA,0.009828168472350369,0.009730119734768117,0.0007882403958696,0.09709447670761251,0.0,0.04277262476446667,10,0.028130624607634734,122.7999326937102
2004-03-31,EW,0.01391295926110461,0.01389414333045802,0.0007882403958696,0.01855773759955158,0.0,,10,,
2004-04-30,AIQ,-0.0276180537654703,-0.027725440784933664,0.0008130212763268,0.11043707658211147,0.0,0.05919186355439327,10,,
2004-04-30,HC,-0.03547482913013028,-0.03568035779558776,0.0008130212763268,0.2130879231198179,0.0,0.016857287995075628,10,,
2004-04-30,LS1,-0.040228026474767975,-0.04041401742975337,0.0008130212763268,0.19378660777339493,0.0,0.2245937734126593,10,,
2004-04-30,LS2,-0.03933367510932045,-0.039573255066501,0.0008130212763268,0.24938935712972052,0.0,0.17712968587494457,10,,
2004-04-30,LS3,-0.03326839692070988,-0.03346583791935187,0.0008130212763268,0.20423558929183233,0.0,0.19900467411903613,10,,
2004-04-30,LS4,-0.033981216500297416,-0.03421124058593805,0.0008130212763268,0.2381155414051639,0.0,0.21830384285042373,10,,
2004-04-30,LS5,-0.033635044427887874,-0.03377775795398097,0.0008130212763268,0.1476807755394971,0.0,0.1609470726112553,10,,
2004-04-30,NLS6,-0.03736837701147233,-0.037630536871965936,0.0008130212763268,0.272336638681868,0.0,0.060516413556670756,10,,
2004-04-30,NLS7,-0.036894537921572795,-0.0371601397036746,0.0008130212763268,0.275776425905218,0.0,0.05991646025906023,10,,
2004-04-30,NLS8,-0.03781234689621381,-0.038073045914575165,0.0008130212763268,0.2709440487210636,0.0,0.059779412773294675,10,,
2004-04-30,CRE,-0.03421301432332838,-0.03435211911566216,0.0008130212763268,0.1440325810938072,0.0,0.40474044125987474,10,,
2004-04-30,SRE_STAR,-0.03314404730247819,-0.03328076911442868,0.0008130212763268,0.14140866751554687,0.0,0.09453250779414551,10,,
2004-04-30,GS_STAR,-0.03306121096237395,-0.033203810449833226,0.0008130212763268,0.1474751960268929,0.0,0.09196322188413254,10,,
2004-04-30,ID_KAPPA,-0.03514947650321672,-0.035368022211871075,0.0008130212763268,0.2265073224629782,0.0,0.06037245350160333,10,0.04426129083313556,80.84979919525668
2004-04-30,EW,-0.044984845439659395,-0.04500442312228481,0.0008130212763268,0.020499865925508995,0.0,,10,,
2004-05-31,AIQ,-0.0026197296925833937,-0.002950159720574219,0.0008955754994564,0.33129793903887017,0.0,0.050805862517978244,10,,
2004-05-31,HC,-0.0016015681400501378,-0.0019420580540133736,0.0008955754994564,0.34103610652606203,0.0,0.013280617932838803,10,,
2004-05-31,LS1,0.003197666174915248,0.002849135127067637,0.0008955754994564,0.3474201142998052,0.0,0.24306419965762094,10,,
2004-05-31,LS2,0.0017290115615065038,0.0013660856059878324,0.0008955754994564,0.36229953543320464,0.0,0.19531020860753953,10,,
2004-05-31,LS3,-0.004028902856734797,-0.004320299556314633,0.0008955754994564,0.2925754576770228,0.0,0.18888481367432347,10,,
2004-05-31,LS4,-0.002487077264693096,-0.0027984447842223092,0.0008955754994564,0.31214384539033957,0.0,0.21334398463306908,10,,
2004-05-31,LS5,-0.0048652958824507726,-0.00505573252361069,0.0008955754994564,0.19136770165089334,0.0,0.14995676242929212,10,,
2004-05-31,NLS6,-0.00010524219528877943,-0.0004930778586026419,0.0008955754994564,0.3878764842865958,0.0,0.05258922515918939,10,,
2004-05-31,NLS7,8.998923007946345e-05,-0.0002687389692557218,0.0008955754994564,0.3586959205653569,0.0,0.04775106530331259,10,,
2004-05-31,NLS8,-0.00030511776298420965,-0.0007413162943706864,0.0008955754994564,0.43633166392763506,0.0,0.0578893885251123,10,,
2004-05-31,CRE,-0.0016161837014479624,-0.0018275850302970076,0.0008955754994564,0.21174354531579104,0.0,0.4162622826195655,10,,
2004-05-31,SRE_STAR,-0.0018146249546100524,-0.0020365444893014617,0.0008955754994564,0.2223229674962998,0.0,0.10549189310249098,10,,
2004-05-31,GS_STAR,-0.0059794108313584015,-0.006190498471064898,0.0008955754994564,0.21235741191542762,0.0,0.07984765138274619,10,,
2004-05-31,ID_KAPPA,-0.0018573672614879586,-0.0021942740874150157,0.0008955754994564,0.3375337500640971,0.0,0.051756558982786,10,0.03899380284731103,92.07779857255771
2004-05-31,EW,0.01642712558870125,0.016385574880653175,0.0008955754994564,0.040879180614083646,0.0,,10,,
2004-06-30,AIQ,0.008087368212591308,0.008021742041398827,0.0011016339761076,0.06509968606071614,0.0,0.052909705829728704,10,,
2004-06-30,HC,0.006609650648420641,0.0064914748136681855,0.0011016339761076,0.11739986267384603,0.0,0.019142104072784,10,,
2004-06-30,LS1,0.00576172334974058,0.005558515561567612,0.0011016339761076,0.20204366845089997,0.0,0.3675420289950672,10,,
2004-06-30,LS2,0.005593371366369199,0.005371704670952715,0.0011016339761076,0.22043372771558603,0.0,0.31178029758929104,10,,
2004-06-30,LS3,0.007628611726735166,0.007555091365959665,0.0011016339761076,0.07296374866682029,0.0,0.27379768003662913,10,,
2004-06-30,LS4,0.00702635716060706,0.0069525651331439065,0.0011016339761076,0.07327715599342986,0.0,0.3063417395841689,10,,
2004-06-30,LS5,0.0066954472180157645,0.006630045326273537,0.0011016339761076,0.06496690923061162,0.0,0.2219063338591975,10,,
2004-06-30,NLS6,0.00618768607344666,0.006108484653309709,0.0011016339761076,0.07871436038540224,0.0,0.07230784172371861,10,,
2004-06-30,NLS7,0.006198179797725611,0.0061129977750620235,0.0011016339761076,0.08465730148770029,0.0,0.06349687988499907,10,,
2004-06-30,NLS8,0.006198376142703054,0.006116304369265135,0.0011016339761076,0.08156619547797152,0.0,0.08194199384370429,10,,
2004-06-30,CRE,0.005953093041179779,0.005871884056649845,0.0011016339761076,0.08072840084865848,0.0,0.4529997219809855,10,,
2004-06-30,SRE_STAR,0.005989739036062647,0.005922885511578491,0.0011016339761076,0.06645547354014059,0.0,0.13617174348794864,10,,
2004-06-30,GS_STAR,0.009054855448769824,0.008894369975964267,0.0011016339761076,0.15904534023984426,0.0,0.09971554023297205,10,,
2004-06-30,ID_KAPPA,0.006614183332144958,0.0065169943728879964,0.0011016339761076,0.0965503574917765,0.0,0.04966235349417266,10,0.031115872694828368,87.4981366327278
2004-06-30,EW,0.011144375039321716,0.011121352754823732,0.0011016339761076,0.022768543312043282,0.0,,10,,
2004-07-31,AIQ,0.004961917060316456,0.004873537538477191,0.0012003765662376,0.08794315519709985,0.0,0.028448695940371922,10,,
2004-07-31,HC,0.006953196400527523,0.006945826187395809,0.0012003765662376,0.007319320459192272,0.0,0.024148880942269652,10,,
2004-07-31,LS1,0.005282697341601233,0.005236500538129851,0.0012003765662376,0.045954042174914,0.0,0.3371298892156294,10,,
2004-07-31,LS2,0.005846606972424368,0.005803547500619288,0.0012003765662376,0.04280918333527979,0.0,0.2887577087304614,10,,
2004-07-31,LS3,0.007551108597635548,0.007528506432761928,0.0012003765662376,0.022432772571898536,0.0,0.2737252482977272,10,,
2004-07-31,LS4,0.00714709440012824,0.0071266731380197346,0.0012003765662376,0.02027634515556626,0.0,0.3127906473732329,10,,
2004-07-31,LS5,0.01135080454208104,0.011319198479587511,0.0012003765662376,0.031251334701731234,0.0,0.22302586839476168,10,,
2004-07-31,NLS6,0.005973832530392119,0.005909629393455518,0.0012003765662376,0.06382187573917553,0.0,0.11095061723152111,10,,
2004-07-31,NLS7,0.00603951016056165,0.005972504720509253,0.0012003765662376,0.0666031894132092,0.0,0.10648145580488315,10,,
2004-07-31,NLS8,0.005895497316482335,0.005799011814783039,0.0012003765662376,0.09592000556399033,0.0,0.11555896708173609,10,,
2004-07-31,CRE,0.011192386922804075,0.011117652195960614,0.0012003765662376,0.07390752522473636,0.0,0.42872246999039193,10,,
2004-07-31,SRE_STAR,0.01201687504815769,0.01193807987668416,0.0012003765662376,0.07785954307318912,0.0,0.1132337006067467,10,,
2004-07-31,GS_STAR,0.006816417190670306,0.006750872457952806,0.0012003765662376,0.06510097729686577,0.0,0.11997432672379399,10,,
2004-07-31,ID_KAPPA,0.006965890011708263,0.006951337339596186,0.0012003765662376,0.014452001062164564,0.0,0.026923289340697404,10,0.002843065242478603,175.92188019262542
2004-07-31,EW,-0.014061582344813653,-0.014079131414976742,0.0012003765662376,0.017799357291275616,0.0,,10,,
2004-08-31,AIQ,0.01742881090717825,0.01708802468095416,0.0013154410275031,0.3349484726310029,0.0,0.04950826622939125,10,,
2004-08-31,HC,0.012100848654579005,0.011688578350423473,0.0013154410275031,0.4073411307811762,0.0,0.027292146119493464,10,,
2004-08-31,LS1,0.011714351776069554,0.01160009191104261,0.0013154410275031,0.11293688265499255,0.0,0.30646536862163964,10,,
2004-08-31,LS2,0.011729358019952842,0.011603554610806643,0.0013154410275031,0.12434492302619815,0.0,0.2596483239192266,10,,
2004-08-31,LS3,0.015425088066691794,0.015164023773674318,0.0013154410275031,0.25709852561795804,0.0,0.2517511991812401,10,,
2004-08-31,LS4,0.013116829039472401,0.012878204775600421,0.0013154410275031,0.23553479424282805,0.0,0.28941162846325197,10,,
2004-08-31,LS5,0.01796036539779488,0.017772593075442655,0.0013154410275031,0.18445936476023606,0.0,0.22579953246856446,10,,
2004-08-31,NLS6,0.010685850671457369,0.010565300888481621,0.0013154410275031,0.1192752257249026,0.0,0.12541282492449124,10,,
2004-08-31,NLS7,0.010692672485693304,0.010574787508456973,0.0013154410275031,0.11663780736265723,0.0,0.12144052873167557,10,,
2004-08-31,NLS8,0.01068079100246911,0.01055399104779875,0.0013154410275031,0.12545994323744958,0.0,0.12522065953177794,10,,
2004-08-31,CRE,0.01720588321071342,0.0170418849262024,0.0013154410275031,0.16122427840604092,0.0,0.4316631954204581,10,,
2004-08-31,SRE_STAR,0.018089577092676026,0.017925475147128944,0.0013154410275031,0.1611861561492526,0.0,0.11228428628744391,10,,
2004-08-31,GS_STAR,0.019034710707567938,0.018758925841783736,0.0013154410275031,0.2706334366104878,0.0,0.10385377414945574,10,,
2004-08-31,ID_KAPPA,0.012222095717520576,0.01182790549699786,0.0013154410275031,0.3894305629074246,0.0,0.04788684157288945,10,0.021172539495014308,96.39006386072344
2004-08-31,EW,0.0142084680977413,0.014174983049076717,0.0013154410275031,0.033015942696042244,0.0,,10,,
2004-09-30,AIQ,0.00710234633168211,0.0069555340789744236,0.0014139520764002,0.1457768947142662,0.0,0.0586390890524632,10,,
2004-09-30,HC,0.01812042024872124,0.018086826962796287,0.0014139520764002,0.032995395492552336,0.0,0.04000165586441993,10,,
2004-09-30,LS1,0.02580384647613241,0.02574520030170957,0.0014139520764002,0.05717094415692884,0.0,0.36391523520552865,10,,
2004-09-30,LS2,0.02545662993295245,0.025380966174578745,0.0014139520764002,0.07378542998803339,0.0,0.31376714246332216,10,,
2004-09-30,LS3,0.010706084786616565,0.010691499214741773,0.0014139520764002,0.014431071598762429,0.0,0.3087982017571989,10,,
2004-09-30,LS4,0.015969779887173772,0.01593968890956421,0.0014139520764002,0.029617984909968392,0.0,0.34875103855869,10,,
2004-09-30,LS5,0.009877338444234907,0.009840285154868678,0.0014139520764002,0.036690881115829216,0.0,0.24123327058110933,10,,
2004-09-30,NLS6,0.018898496561648874,0.018825588948798044,0.0014139520764002,0.0715553247912368,0.0,0.141382586053957,10,,
2004-09-30,NLS7,0.018829575701881342,0.01876498783980285,0.0014139520764002,0.06339417663062771,0.0,0.13868066996197953,10,,
2004-09-30,NLS8,0.018960621430185565,0.018877439663335993,0.0014139520764002,0.08163393668031878,0.0,0.14285217503192968,10,,
2004-09-30,CRE,0.0230507656844678,0.022677587549703837,0.0014139520764002,0.364769909061526,0.0,0.2597012526690409,10,,
2004-09-30,SRE_STAR,0.02506337217266122,0.024561465154615325,0.0014139520764002,0.48963511102941,0.0,0.08045148032054622,10,,
2004-09-30,GS_STAR,0.010570357983823754,0.010446360968416224,0.0014139520764002,0.12270003214309427,1.0000000000381639e-06,-3.8163916471489756e-17,9,,
2004-09-30,ID_KAPPA,0.018019559687094414,0.01797292556503871,0.0014139520764002,0.04580866999263187,0.0,0.055148989182511814,10,0.015778499422028778,84.0149118214621
2004-09-30,EW,0.034707087456718355,0.03467967589499876,0.0014139520764002,0.026492098152199647,0.0,,10,,
2004-10-31,AIQ,0.012560107193447226,0.012483158884985635,0.0015779006482814,0.07599381796173872,0.0,0.06020142253768131,10,,
2004-10-31,HC,0.018132803433048236,0.01805930332725869,0.0015779006482814,0.0721910791417961,0.0,0.04204528894796651,10,,
2004-10-31,LS1,0.02293447509703659,0.022862924895145742,0.0015779006482814,0.06994602648820511,0.0,0.3758399169691865,10,,
2004-10-31,LS2,0.022711149177248365,0.022645796580035515,0.0015779006482814,0.06390132469505355,0.0,0.3259946862842522,10,,
2004-10-31,LS3,0.013437040671191674,0.013397224656830353,0.0015779006482814,0.0392880985828031,0.0,0.3251490252951525,10,,
2004-10-31,LS4,0.01627635301266389,0.01623724630225709,0.0015779006482814,0.038480389995189455,0.0,0.3727245859178116,10,,
2004-10-31,LS5,0.012795141597185653,0.012755322878355013,0.0015779006482814,0.03931566927522361,0.0,0.23573323216348585,10,,
2004-10-31,NLS6,0.017947664813088984,0.0177580716579393,0.0015779006482814,0.18625039548022498,0.0,0.13676654895750556,10,,
2004-10-31,NLS7,0.017671946355352127,0.01748495958168972,0.0015779006482814,0.18373973492335094,0.0,0.13183613619870005,10,,
2004-10-31,NLS8,0.01822811659900452,0.018025893624803002,0.0015779006482814,0.1986028188624852,0.0,0.14038061066676957,10,,
2004-10-31,CRE,0.01362188715447227,0.013279100904198149,0.0015779006482814,0.3381796058452512,0.0,0.4443160207268132,10,,
2004-10-31,SRE_STAR,0.013625782849032177,0.013186443334255893,0.0015779006482814,0.43343364208980717,0.0,0.17083456140606398,10,,
2004-10-31,GS_STAR,0.015189445513602021,0.01510456171482022,0.0015779006482814,0.0836137522478405,1.0000000003330667e-06,-3.3306709853912736e-16,9,,
2004-10-31,ID_KAPPA,0.01809309240952761,0.018021173891568543,0.0015779006482814,0.07064041441309224,0.0,0.054369583715236536,10,0.012865216512934314,86.70080412539797
2004-10-31,EW,0.02971544992937434,0.029687672350191097,0.0015779006482814,0.026975975921539552,0.0,,10,,
2004-11-30,AIQ,0.002742557738875983,0.0024554891342565277,0.0018396059010297,0.2862834557125336,0.0,0.05417604825378609,10,,
2004-11-30,HC,0.0024181496582771724,0.0023859859993948795,0.0018396059010297,0.03208606996303539,0.0,0.045201610779146834,10,,
2004-11-30,LS1,0.014023052769900764,0.013987497188553855,0.0018396059010297,0.03506387872522802,0.0,0.40924401577288533,10,,
2004-11-30,LS2,0.014248545329547033,0.01419480294765818,0.0018396059010297,0.05298738867952006,0.0,0.3591158169975436,10,,
2004-11-30,LS3,0.0015924843927556393,0.0015323729141683007,0.0018396059010297,0.0600159041965439,0.0,0.3802897254771759,10,,
2004-11-30,LS4,0.003383848191727588,0.0033602885175867403,0.0018396059010297,0.02348022063875346,0.0,0.40367302259700066,10,,
2004-11-30,LS5,0.002159720185083516,0.0021361196050673215,0.0018396059010297,0.02354971921235726,0.0,0.24179811487977193,10,,
2004-11-30,NLS6,0.005344282483733142,0.005109967976662411,0.0018396059010297,0.23306892091898457,0.0,0.11543846826082504,10,,
2004-11-30,NLS7,0.005032848946048852,0.004775457402784289,0.0018396059010297,0.2561026174761085,0.0,0.10877695827546559,10,,
2004-11-30,NLS8,0.005683257957027602,0.005451679084821803,0.0018396059010297,0.23027018733149482,0.0,0.1222337014437405,10,,
2004-11-30,CRE,5.564979257508956e-05,1.25013527192408e-05,0.0018396059010297,0.043146038787666506,0.0,0.4472856314601628,10,,
2004-11-30,SRE_STAR,-0.00035557565830869744,-0.0003960532051962007,0.0018396059010297,0.040491944837440605,0.0,0.1802981901914346,10,,
2004-11-30,GS_STAR,0.0034024868998507986,0.0033226487177446806,0.0018396059010297,0.07956745488324451,0.0,0.23207936148522942,10,,
2004-11-30,ID_KAPPA,0.0024158926442381353,0.0023851485107357906,0.0018396059010297,0.030670037983136146,0.0,0.05065602772955244,10,0.005712637360916124,93.5470998627155
2004-11-30,EW,0.040321051664688176,0.04030640913180861,0.0018396059010297,0.014075013531768585,0.0,,10,,
2004-12-31,AIQ,0.012519665213319963,0.012424259751854017,0.0018314389855391,0.09422578616862405,0.0,0.04325946988812023,10,,
2004-12-31,HC,0.004127323541891892,0.004067978443047071,0.0018314389855391,0.05910116919780586,0.0,0.040874570027558954,10,,
2004-12-31,LS1,0.0028921829706414245,0.002762343741909312,0.0018314389855391,0.12946479286284318,0.0,0.36496961983996495,10,,
2004-12-31,LS2,0.0028198469900120766,0.002701609130109972,0.0018314389855391,0.11790538475760892,0.0,0.29223141473488284,10,,
2004-12-31,LS3,0.009537607520740688,0.00943591457660009,0.0018314389855391,0.10073219995273938,0.0,0.33464161302661055,10,,
2004-12-31,LS4,0.006516331613663642,0.006461499187067732,0.0018314389855391,0.05447743357328341,0.0,0.3762136486152454,10,,
2004-12-31,LS5,0.0088228298733442,0.008753994268060561,0.0018314389855391,0.06823359191057084,0.0,0.24512348721509203,10,,
2004-12-31,NLS6,0.0027874075191010564,0.0026401631333563547,0.0018314389855391,0.14683509649272297,0.0,0.11509489945953895,10,,
2004-12-31,NLS7,0.0031260165535449526,0.0029973280840114302,0.0018314389855391,0.1282874408696967,0.0,0.10779767875796875,10,,
2004-12-31,NLS8,0.002421015941962908,0.0022534340613473702,0.0018314389855391,0.16717714208938692,0.0,0.12273845997784116,10,,
2004-12-31,CRE,-0.0004431964857405006,-0.0008876266075944494,0.0018314389855391,0.44462717905711097,0.0,0.2365528705645423,10,,
2004-12-31,SRE_STAR,-0.0004739551238841395,-0.000905128690550483,0.0018314389855391,0.4313780204893825,0.0,0.08661933288678335,10,,
2004-12-31,GS_STAR,0.010855589222572105,0.010814014525946103,0.0018314389855391,0.041128225504426574,0.0,0.20112786242822497,10,,
2004-12-31,ID_KAPPA,0.004127323541891899,0.004067437269380525,0.0018314389855391,0.05964011844663949,0.0,0.040874570027558954,10,0.0,119.52017646630513
2004-12-31,EW,0.01335562398072217,0.013325526401906096,0.0018314389855391,0.02970090470097178,0.0,,10,,
2005-01-31,AIQ,-0.0005358571303183361,-0.0015649904623138422,0.0020679827335137,1.0296850960961943,0.0,0.051983750008963,10,,
2005-01-31,HC,-0.00119096258104385,-0.0016072937279079103,0.0020679827335137,0.41682757290603756,0.0,0.04327676120809877,10,,
2005-01-31,LS1,-0.005898185269841357,-0.006007754300711876,0.0020679827335137,0.11021912368231133,0.0,0.414913722169607,10,,
2005-01-31,LS2,-0.005133527633747951,-0.00525014933053658,0.0020679827335137,0.11722346669414058,0.0,0.3349488964065857,10,,
2005-01-31,LS3,-0.0012468936174080624,-0.0017703231967204358,0.0020679827335137,0.5240830551288996,0.0,0.4079822731503172,10,,
2005-01-31,LS4,-0.001245512738725184,-0.0016293620268521547,0.0020679827335137,0.3843279735138086,0.0,0.42023470567545534,10,,
2005-01-31,LS5,0.0009232497704950126,0.000583786121961305,0.0020679827335137,0.3391505278866847,0.0,0.2744478036433751,10,,
2005-01-31,NLS6,-0.002195637713459618,-0.002502112315472038,0.0020679827335137,0.3071489899183542,0.0,0.12973620797142937,10,,
2005-01-31,NLS7,-0.0021112857168360424,-0.0024031453824086,0.0020679827335137,0.29247716844083144,0.0,0.12225730535969812,10,,
2005-01-31,NLS8,-0.0022954756179466526,-0.002608463424289331,0.0020679827335137,0.31370791521327956,0.0,0.13757711434908934,10,,
2005-01-31,CRE,0.002064570155559371,0.001822402853934646,0.0020679827335137,0.24166836034021338,0.0,0.45342464624559214,10,,
2005-01-31,SRE_STAR,0.0022034246721169422,0.0019200306485425145,0.0020679827335137,0.28277095906659583,0.0,0.1827176580423553,10,,
2005-01-31,GS_STAR,-0.00193991159622054,-0.0022892990299608895,0.0020679827335137,0.3500665318649733,0.0,0.29024517138674905,10,,
2005-01-31,ID_KAPPA,-0.0011840426528710237,-0.001600402877349083,0.0020679827335137,0.4168537971539375,0.0,0.04422455446303377,10,0.0009906660740587258,105.54725313345523
2005-01-31,EW,-0.01962374084990306,-0.019653173865981866,0.0020679827335137,0.030022163229797644,0.0,,10,,
2005-02-28,AIQ,0.004018309007510236,0.003381129668216243,0.0022714079351586,0.634629203051041,0.0,0.09216082667787692,10,,
2005-02-28,HC,0.008707046115239732,0.008299936735771452,0.0022714079351586,0.4035952569540959,0.0,0.04055916253776304,10,,
2005-02-28,LS1,0.01755218142952923,0.01740308664204604,0.0022714079351586,0.14652298938974667,0.0,0.3437418012485126,10,,
2005-02-28,LS2,0.016117409679642966,0.015949902009291916,0.0022714079351586,0.16485070401840035,0.0,0.27377647080864265,10,,
2005-02-28,LS3,0.009032790548618807,0.00879417173147723,0.0022714079351586,0.23648271827888898,0.0,0.2799303542543796,10,,
2005-02-28,LS4,0.00974986035182579,0.009545772457895119,0.0022714079351586,0.20211727868865734,0.0,0.3383441165386944,10,,
2005-02-28,LS5,0.007950756076655784,0.007846938275314574,0.0022714079351586,0.10299888235156324,0.0,0.2814995031378921,10,,
2005-02-28,NLS6,0.01139207404762689,0.011124106499343922,0.0022714079351586,0.2649492270694828,0.0,0.11623234819478298,10,,
2005-02-28,NLS7,0.011076964497554333,0.010831629079470106,0.0022714079351586,0.24264761902281415,0.0,0.1116089468450758,10,,
2005-02-28,NLS8,0.011713928322317315,0.01142825999588748,0.0022714079351586,0.2823607725788855,0.0,0.12095837123613867,10,,
2005-02-28,CRE,0.01023703749602319,0.010105604916291533,0.0022714079351586,0.13010073364314897,0.0,0.4419678273209001,10,,
2005-02-28,SRE_STAR,0.009456306489238784,0.00932985390904717,0.0022714079351586,0.12526800751914843,0.0,0.17537434907666444,10,,
2005-02-28,GS_STAR,0.00796202072467337,0.007772900646992653,0.0022714079351586,0.18762619403537856,0.0,0.2993026747263964,10,,
2005-02-28,ID_KAPPA,0.009198195964381853,0.00877724815275438,0.0022714079351586,0.4171111416081167,0.0,0.08686362559573578,10,0.048261926374168214,53.40026705831191
2005-02-28,EW,0.030022174963935236,0.029990197997882495,0.0022714079351586,0.031044929740385113,0.0,,10,,
2005-03-31,AIQ,-0.014432372084495814,-0.014548058315613233,0.0022957884655714,0.11738030738907863,0.0,0.06196671592433357,10,,
2005-03-31,HC,-0.010114627149400346,-0.0101444059928395,0.0022957884655714,0.03008312301186461,0.0,0.038939360723941996,10,,
2005-03-31,LS1,-0.007481130711729491,-0.007530848134501333,0.0022957884655714,0.05009216883450937,0.0,0.3444568467279305,10,,
2005-03-31,LS2,-0.007806395253617524,-0.007849782160815,0.0022957884655714,0.043728267336151726,0.0,0.27295297031829113,10,,
2005-03-31,LS3,-0.016135128017667665,-0.016245688269848735,0.0022957884655714,0.11237341156230768,0.0,0.2800559706885944,10,,
2005-03-31,LS4,-0.012786733422817043,-0.012847236536336348,0.0022957884655714,0.061286771124048754,0.0,0.34213972338444487,10,,
2005-03-31,LS5,-0.01656628792691574,-0.016634228891288405,0.0022957884655714,0.069085453893378,0.0,0.2656718438261289,10,,
2005-03-31,NLS6,-0.009030230487792938,-0.009117660026095042,0.0022957884655714,0.08822624159877766,0.0,0.1158431885649422,10,,
2005-03-31,NLS7,-0.00912404712875977,-0.009209304764305037,0.0022957884655714,0.08604269313245136,0.0,0.11004599575869656,10,,
2005-03-31,NLS8,-0.008927736485332368,-0.009017161238706328,0.0022957884655714,0.09023030576678703,0.0,0.12144042441932158,10,,
2005-03-31,CRE,-0.014535254053269168,-0.014622481302176138,0.0022957884655714,0.08851381976449449,0.0,0.4442510812002705,10,,
2005-03-31,SRE_STAR,-0.01476311135712322,-0.014849306322045508,0.0022957884655714,0.0874865384313945,0.0,0.1828262779765911,10,,
2005-03-31,GS_STAR,-0.016534759941346042,-0.016624799704871962,0.0022957884655714,0.0915535799928679,0.0,0.31511894845344524,10,,
2005-03-31,ID_KAPPA,-0.010340564467197104,-0.010385090347958092,0.0022957884655714,0.04499111427853024,0.0,0.059379089901658466,10,0.02126788710555591,79.84535152754587
2005-03-31,EW,-0.015318611363725235,-0.015340019331091526,0.0022957884655714,0.021741009440569767,0.0,,10,,
2005-04-30,AIQ,0.0025542456485228506,0.0019243759838847296,0.002385127973927,0.6282649216956058,0.0,0.044825525080670746,10,,
2005-04-30,HC,-0.0019459686428583034,-0.002588939743147667,0.002385127973927,0.6442247414351095,0.0,0.02534769295576939,10,,
2005-04-30,LS1,-0.01337959424443725,-0.013523046491503155,0.002385127973927,0.14539760806593524,0.0,0.292082907411643,10,,
2005-04-30,LS2,-0.012304976320822777,-0.012443198187073401,0.002385127973927,0.13994387228539645,0.0,0.23986793417785432,10,,
2005-04-30,LS3,0.0005704587260662291,-6.642511755750036e-05,0.002385127973927,0.6365207348162533,0.0,0.20154880927976865,10,,
2005-04-30,LS4,-0.002505972622847099,-0.0029763995329633586,0.002385127973927,0.4716087487291703,0.0,0.27230917225380546,10,,
2005-04-30,LS5,0.002429349080047614,0.002023046770939896,0.002385127973927,0.40531765104490963,0.0,0.24864076667762344,10,,
2005-04-30,NLS6,-0.007091222187579862,-0.007342643951770866,0.002385127973927,0.25321738492929013,0.0,0.09913687975321675,10,,
2005-04-30,NLS7,-0.006659944520851399,-0.006943507533449966,0.002385127973927,0.28546418825500747,0.0,0.09707238341000309,10,,
2005-04-30,NLS8,-0.007522166042607938,-0.007746084437385781,0.002385127973927,0.2256155121218908,0.0,0.10057293914105991,10,,
2005-04-30,CRE,-0.0009691706947505442,-0.0013454573218635302,0.002385127973927,0.37665166687058055,0.0,0.4203515689347123,10,,
2005-04-30,SRE_STAR,4.8575653078897265e-05,-0.0003266067723748378,0.002385127973927,0.3751642016075443,0.0,0.1733183655415251,10,,
2005-04-30,GS_STAR,0.0019775873800188695,0.0015898613372211656,0.002385127973927,0.38696079401493694,0.0,0.3281185466765013,10,,
2005-04-30,ID_KAPPA,-0.0020525833148365303,-0.0026641188858074205,0.002385127973927,0.6127933804390463,0.0,0.04477353517739363,10,0.01993104831458849,113.53324445108973
2005-04-30,EW,-0.018440995925669678,-0.01846163750843821,0.002385127973927,0.021029385582329446,0.0,,10,,
2005-05-31,AIQ,0.019067240774379268,0.018964387398741955,0.0024581588428482,0.10092893925147983,0.0,0.06513003809737528,10,,
2005-05-31,HC,0.01591778776913458,0.015753284806728107,0.0024581588428482,0.1619254671852575,0.0,0.022725081950303844,10,,
2005-05-31,LS1,0.01622482717280156,0.016108441999313383,0.0024581588428482,0.11452699282314238,0.0,0.27771291857937547,10,,
2005-05-31,LS2,0.016334538390946226,0.016247731617409666,0.0024581588428482,0.08541161424451209,0.0,0.23855414383992715,10,,
2005-05-31,LS3,0.014429140257468404,0.014356037808517463,0.0024581588428482,0.07206264691114406,0.0,0.20400789852900617,10,,
2005-05-31,LS4,0.016086709139109485,0.015992394404867438,0.0024581588428482,0.09282154110844426,0.0,0.27087859751740506,10,,
2005-05-31,LS5,0.013291052179034516,0.013266414583083419,0.0024581588428482,0.024314431572315765,0.0,0.23509763651286772,10,,
2005-05-31,NLS6,0.017241694857717666,0.01699150228336177,0.0024581588428482,0.24595194595403075,0.0,0.07615108469158109,10,,
2005-05-31,NLS7,0.017028022111821035,0.016811291211128454,0.0024581588428482,0.21310219185761176,0.0,0.07124339539579841,10,,
2005-05-31,NLS8,0.01745788999156325,0.017174857203579474,0.0024581588428482,0.2781764147370304,0.0,0.08132282601250697,10,,
2005-05-31,CRE,0.013259539095786772,0.013207797391812992,0.0024581588428482,0.05106461077092253,0.0,0.4181164911364639,10,,
2005-05-31,SRE_STAR,0.013087432228896346,0.013045934549922533,0.0024581588428482,0.04096159685107041,0.0,0.14608190352174785,10,,
2005-05-31,GS_STAR,0.017083450067772833,0.016984588903981246,0.0024581588428482,0.09720064148619964,0.0,0.2944933405500957,10,,
2005-05-31,ID_KAPPA,0.01597889492682033,0.01584219846220636,0.0024581588428482,0.1345465592804388,0.0,0.06479367357961022,10,0.04304683447034617,75.60879860200403
2005-05-31,EW,0.023390749245228513,0.023360541535193846,0.0024581588428482,0.029517278768579763,0.0,,10,,
2005-06-30,AIQ,0.009037916621952876,0.008850907263823204,0.0025716462189622,0.18533432198044503,0.0,0.07035688323101803,10,,
2005-06-30,HC,0.009973621957677523,0.00985802005601566,0.0025716462189622,0.1144603177238141,0.0,0.019496168160940994,10,,
2005-06-30,LS1,0.015951402704338258,0.015881989147958464,0.0025716462189622,0.0683236975656174,0.0,0.27141215680814884,10,,
2005-06-30,LS2,0.0157266012387941,0.015666846688727087,0.0025716462189622,0.05882936411643297,0.0,0.23273022594335635,10,,
2005-06-30,LS3,0.009918366096922255,0.009799390476107783,0.0025716462189622,0.11780716621096318,0.0,0.1994363814991871,10,,
2005-06-30,LS4,0.010326231046025236,0.010222228954494206,0.0025716462189622,0.10293911841079051,0.0,0.2672577092724855,10,,
2005-06-30,LS5,0.011049524044959375,0.010959698000175155,0.0025716462189622,0.0888443569261754,0.0,0.243724693969492,10,,
2005-06-30,NLS6,0.010491341074180286,0.010362589356951668,0.0025716462189622,0.127414963389622,0.0,0.08192593217653261,10,,
2005-06-30,NLS7,0.010343455142129428,0.01022432001048501,0.0025716462189622,0.11791547818536556,0.0,0.07917267529430616,10,,
2005-06-30,NLS8,0.010642491816691158,0.010504327104378985,0.0025716462189622,0.13670977960159394,0.0,0.08463964609075879,10,,
2005-06-30,CRE,0.012605054838513942,0.012514874745198634,0.0025716462189622,0.08905751841192114,0.0,0.4287237716178344,10,,
2005-06-30,SRE_STAR,0.01238813771466245,0.012306595835821499,0.0025716462189622,0.08054408759164161,0.0,0.17987685679330495,10,,
2005-06-30,GS_STAR,0.007417667242493308,0.007198907533795484,0.0025716462189622,0.21714896989709437,0.0,0.3212367230726948,10,,
2005-06-30,ID_KAPPA,0.010058669187799072,0.009950583559826587,0.0025716462189622,0.10700925725369745,0.0,0.06856059054028711,10,0.050040010845566404,70.8593344118923
2005-06-30,EW,0.023676276349381666,0.023650624492655536,0.0025716462189622,0.02505856325756957,0.0,,10,,
2005-07-31,AIQ,-0.00013637803784790842,-0.00029370128286287933,0.0028062786637694,0.15734470337675835,0.0,0.0321230206841492,10,,
2005-07-31,HC,0.0022895789673263826,0.0022043890210321493,0.0028062786637694,0.0849953427450271,0.0,0.02474707553254747,10,,
2005-07-31,LS1,0.016944280253160474,0.016855380853782798,0.0028062786637694,0.0874181615492157,0.0,0.32714184833495724,10,,
2005-07-31,LS2,0.016378654513953147,0.016289765062983852,0.0028062786637694,0.08745702261091291,0.0,0.28287921359027896,10,,
2005-07-31,LS3,-4.846240958524902e-05,-0.00013358671874208472,0.0028062786637694,0.08512843468590627,0.0,0.21297475008926167,10,,
2005-07-31,LS4,0.0034796429629113355,0.003430352458507979,0.0028062786637694,0.04911958578238514,0.0,0.3074262757749693,10,,
2005-07-31,LS5,-0.0005600681827414967,-0.0006398872648870624,0.0028062786637694,0.07986381132531357,0.0,0.2676281454011421,10,,
2005-07-31,NLS6,0.00633414219429631,0.006157170155691727,0.0028062786637694,0.1758581282145163,0.0,0.10179245459536913,10,,
2005-07-31,NLS7,0.005691319197492582,0.005491263245999578,0.0028062786637694,0.19892381257972513,0.0,0.10103865245289453,10,,
2005-07-31,NLS8,0.006979735185340934,0.006826447751324016,0.0028062786637694,0.1522249442177379,0.0,0.10232604228524833,10,,
2005-07-31,CRE,0.0010757019660124487,0.0009759718040442955,0.0028062786637694,0.0996229973139797,0.0,0.44499632061329375,10,,
2005-07-31,SRE_STAR,0.000907469235847569,0.0008123303452580721,0.0028062786637694,0.09505263324899786,0.0,0.22281095202122392,10,,
2005-07-31,GS_STAR,0.002993059209237112,0.002896455995491598,0.0028062786637694,0.09631493743506836,0.0,0.30753789369576345,10,,
2005-07-31,ID_KAPPA,0.0023345674772750928,0.0022338960213270642,0.0028062786637694,0.10043697904319124,0.0,0.03256360584157313,10,0.008014875026695302,152.92443279364136
2005-07-31,EW,0.039482398269684624,0.039459234630193185,0.0028062786637694,0.022283820803481347,0.0,,10,,
2005-08-31,AIQ,0.012497129425735788,0.012431504926558867,0.0028870465787962,0.06481450393269289,0.0,0.06304286579491893,10,,
2005-08-31,HC,0.01755010736220432,0.017518043629404234,0.0028870465787962,0.031510716345378734,0.0,0.023602646810858257,10,,
2005-08-31,LS1,0.018999826212936204,0.018936954519740867,0.0028870465787962,0.06169941503228737,0.0,0.2995524394620033,10,,
2005-08-31,LS2,0.018674509437350655,0.01861549895371528,0.0028870465787962,0.05792869369828695,0.0,0.2604044143855464,10,,
2005-08-31,LS3,0.013213467236515288,0.013162679379542075,0.0028870465787962,0.050125524991098826,0.0,0.21912213236203149,10,,
2005-08-31,LS4,0.015212009621135858,0.015198966185557605,0.0028870465787962,0.012847991803425426,0.0,0.2879077357269108,10,,
2005-08-31,LS5,0.011142367704941966,0.011090815095023299,0.0028870465787962,0.05098452163145879,0.0,0.2454740172524562,10,,
2005-08-31,NLS6,0.015918996894196433,0.015647066408380317,0.0028870465787962,0.26766945656815494,0.0,0.08769711462585317,10,,
2005-08-31,NLS7,0.016077598007700578,0.015795559743812415,0.0028870465787962,0.27757551631994976,0.0,0.0815537031241078,10,,
2005-08-31,NLS8,0.015760750103704937,0.015497503869646989,0.0028870465787962,0.2591616520238752,0.0,0.09355513121725673,10,,
2005-08-31,CRE,0.01466663161156053,0.014604532414858484,0.0028870465787962,0.06120157573649443,0.0,0.43761789502162846,10,,
2005-08-31,SRE_STAR,0.014120476229639715,0.01406107088142794,0.0028870465787962,0.058578196184943955,0.0,0.19793199188923077,10,,
2005-08-31,GS_STAR,0.008138805538501636,0.008046328245689738,0.0028870465787962,0.09173071436574799,0.0,0.28455812260531077,10,,
2005-08-31,ID_KAPPA,0.017218419580142693,0.017155767409780864,0.0028870465787962,0.06159165932884558,0.0,0.06089652045393076,10,0.038195385844975276,79.68648515974475
2005-08-31,EW,0.013125573641197121,0.013099064322678267,0.0028870465787962,0.026165876381359532,0.0,,10,,
2005-09-30,AIQ,-0.005172649457844245,-0.005380687245639337,0.0029112630070997,0.20911948960962437,0.0,0.09068140099792481,10,,
2005-09-30,HC,-0.0059026544565081406,-0.006090768958705306,0.0029112630070997,0.18923147017793132,0.0,0.010485501692057014,10,,
2005-09-30,LS1,0.0036771042365494294,0.003555207297174956,0.0029112630070997,0.12145035376407164,0.0,0.2818618275962107,10,,
2005-09-30,LS2,0.002161624961963357,0.0020403539547435567,0.0029112630070997,0.12100943021474064,0.0,0.2368376750243618,10,,
2005-09-30,LS3,-0.0074465794475796505,-0.007573688219568497,0.0029112630070997,0.12806239881589715,0.0,0.176269008571557,10,,
2005-09-30,LS4,-0.006862349419048371,-0.007020992269467841,0.0029112630070997,0.15973903549690197,0.0,0.2706519667343783,10,,
2005-09-30,LS5,-0.009644317099483773,-0.009708374460706826,0.0029112630070997,0.06468116690709874,0.0,0.2522109328151339,10,,
2005-09-30,NLS6,-0.0032082577345100417,-0.00354172759248661,0.0029112630070997,0.3345431586527992,0.0,0.03390052404390298,10,,
2005-09-30,NLS7,-0.00355409640096779,-0.003921527195951513,0.0029112630070997,0.36874133724328395,0.0,0.03012431930436022,10,,
2005-09-30,NLS8,-0.0028683553151631546,-0.0031757265742459184,0.0029112630070997,0.30825544522746157,0.0,0.03810603126148807,10,,
2005-09-30,CRE,-0.008902734100125879,-0.009006801586872726,0.0029112630070997,0.10500229425251438,0.0,0.42961286704691826,10,,
2005-09-30,SRE_STAR,-0.008983984811443165,-0.009070006577746481,0.0029112630070997,0.08680159047383779,0.0,0.16569174122917363,10,,
2005-09-30,GS_STAR,-0.0052610996986011075,-0.00549491649737377,0.0029112630070997,0.235053438346288,0.0,0.2521317755058118,10,,
2005-09-30,ID_KAPPA,-0.006278501447730671,-0.006482462483379026,0.0029112630070997,0.20524969616290295,0.0,0.09149618426108357,10,0.0818691213797813,50.85122429347174
2005-09-30,EW,0.022859667871461188,0.022828677785938778,0.0029112630070997,0.030297494852829246,0.0,,10,,
2005-10-31,AIQ,-0.011979974568373132,-0.01213099138012852,0.0032576602600797,0.15284792602189792,0.0,0.08031335150199755,10,,
2005-10-31,HC,-0.014476712874611332,-0.014531053094636537,0.0032576602600797,0.055138443439157636,0.0,0.009029793431387817,10,,
2005-10-31,LS1,-0.018492647016314596,-0.018507064649086136,0.0032576602600797,0.014689276374481336,0.0,0.3209434842474769,10,,
2005-10-31,LS2,-0.017974876855562025,-0.018001496282399443,0.0032576602600797,0.027106665817515724,0.0,0.2742804909396045,10,,
2005-10-31,LS3,-0.011394759327169981,-0.011426934819903645,0.0032576602600797,0.03254635056533699,0.0,0.19512171208341744,10,,
2005-10-31,LS4,-0.013050637514089374,-0.013096295223202326,0.0032576602600797,0.046261450534785066,0.0,0.27963200705710145,10,,
2005-10-31,LS5,-0.009112260878030458,-0.009159706157657155,0.0032576602600797,0.04788158915831182,0.0,0.2706994986427461,10,,
2005-10-31,NLS6,-0.01589704846703928,-0.016044689368812315,0.0032576602600797,0.15002587030450892,0.0,0.028707122077877466,10,,
2005-10-31,NLS7,-0.01604533899953573,-0.016240349327829806,0.0032576602600797,0.19819035980345365,0.0,0.0254036174847434,10,,
2005-10-31,NLS8,-0.015757808501954032,-0.01587306333597327,0.0032576602600797,0.11710007456993271,0.0,0.03240334608539652,10,,
2005-10-31,CRE,-0.011330512450414778,-0.01138213681916056,0.0032576602600797,0.05221600281579847,0.0,0.4387747030389097,10,,
2005-10-31,SRE_STAR,-0.010717513643049919,-0.010781238030477813,0.0032576602600797,0.06441475342659665,0.0,0.16719753160593478,10,,
2005-10-31,GS_STAR,-0.010186647251530368,-0.010244978207746946,0.0032576602600797,0.05893126825835386,0.0,0.2672951464664132,10,,
2005-10-31,ID_KAPPA,-0.013926927594739262,-0.013973463373015638,0.0032576602600797,0.04719303221912883,0.0,0.08498733345404644,10,0.07664967071580665,53.437697533449274
2005-10-31,EW,-0.03062968631075201,-0.030656861448509654,0.0032576602600797,0.028033804392345124,0.0,,10,,
2005-11-30,AIQ,0.0075409549739706245,0.007397074536791726,0.0032335356603379,0.14280356194810412,0.0,0.08141608706073661,10,,
2005-11-30,HC,0.010388871778451925,0.01027729026689661,0.0032335356603379,0.11043422455632362,0.0,0.008646271976971442,10,,
2005-11-30,LS1,0.015044753089465748,0.014967044892219006,0.0032335356603379,0.07655642473909789,0.0,0.2983597107884486,10,,
2005-11-30,LS2,0.014691591241934572,0.014632405266950865,0.0032335356603379,0.05832902873602051,0.0,0.26545317764485127,10,,
2005-11-30,LS3,0.008511693107205941,0.008439850752019584,0.0032335356603379,0.0712360160793177,0.0,0.19782262758500135,10,,
2005-11-30,LS4,0.00897429762564749,0.008899387393417113,0.0032335356603379,0.07424394497128754,0.0,0.2653637462757885,10,,
2005-11-30,LS5,0.0053568178218397515,0.0053010074304638,0.0032335356603379,0.05551301825040781,0.0,0.25185451830459565,10,,
2005-11-30,NLS6,0.015070704863631696,0.014953378651970217,0.0032335356603379,0.11558427516357961,0.0,0.02854901797654292,10,,
2005-11-30,NLS7,0.0146377507751456,0.01451875079219378,0.0032335356603379,0.11728322040135382,0.0,0.025185759927395277,10,,
2005-11-30,NLS8,0.015508599418233904,0.015387137542472784,0.0032335356603379,0.11960693964646302,0.0,0.03231595899943589,10,,
2005-11-30,CRE,0.005130498024157696,0.0050480816732807465,0.0032335356603379,0.08199567224267118,0.0,0.43272430987307325,10,,
2005-11-30,SRE_STAR,0.004293697416008122,0.004206729681674792,0.0032335356603379,0.0865959176654031,0.0,0.1655835222977211,10,,
2005-11-30,GS_STAR,0.010874319053865912,0.01079987888671785,0.0032335356603379,0.07363938893769272,0.0,0.2688050412627827,10,,
2005-11-30,ID_KAPPA,0.0097885674083199,0.009698729185280142,0.0032335356603379,0.08896736003869951,0.0,0.08858400398675566,10,0.08063492348911355,52.044118257020486
2005-11-30,EW,0.03414237011412644,0.034119825574562945,0.0032335356603379,0.021800228106848993,0.0,,10,,
2005-12-31,AIQ,0.010973548250578806,0.010768076279306982,0.0033380295383023,0.20324168879331622,0.0,0.07264777684535573,10,,
2005-12-31,HC,0.008432438753306534,0.00835237080710538,0.0033380295383023,0.0793984238549757,0.0,0.017909105122554725,10,,
2005-12-31,LS1,0.01255039100493114,0.012477516282765944,0.0033380295383023,0.07197145229766891,0.0,0.2717546201491721,10,,
2005-12-31,LS2,0.012225794750020296,0.01215091610735719,0.0033380295383023,0.0739742486819129,0.0,0.24131895439837933,10,,
2005-12-31,LS3,0.008411435859525581,0.008372925474137372,0.0033380295383023,0.03818915972048617,0.0,0.17670601928638754,10,,
2005-12-31,LS4,0.00874265337178517,0.00870337272184507,0.0033380295383023,0.03894020918888962,0.0,0.245569501670522,10,,
2005-12-31,LS5,0.009228502133585451,0.009197679188430952,0.0033380295383023,0.030541096579501326,0.0,0.23737379364796654,10,,
2005-12-31,NLS6,0.00817917294708453,0.00807574185369564,0.0033380295383023,0.10259197587520781,0.0,0.0656500817881251,10,,
2005-12-31,NLS7,0.00801085206271476,0.007896909312837375,0.0033380295383023,0.11303722538724126,0.0,0.05875376367901558,10,,
2005-12-31,NLS8,0.008346626019941088,0.008253194275581688,0.0033380295383023,0.09265835968360805,0.0,0.07322578429182022,10,,
2005-12-31,CRE,0.009699985656356457,0.009676947642386802,0.0033380295383023,0.022816692380832244,0.0,0.417661646251996,10,,
2005-12-31,SRE_STAR,0.009795845011394083,0.00978842249614087,0.0033380295383023,0.007350510788895759,0.0,0.14908421199963526,10,,
2005-12-31,GS_STAR,0.012457578941864578,0.012378492260699314,0.0033380295383023,0.07811357513658826,0.0,0.276645890696437,10,,
2005-12-31,ID_KAPPA,0.008487477588290559,0.00843671690760539,0.0033380295383023,0.05033347643206627,0.0,0.08040586510390747,10,0.06363643152312501,60.12702024728336
2005-12-31,EW,0.01829989821577718,0.018276083858900893,0.0033380295383023,0.023386388349727838,0.0,,10,,
2006-01-31,AIQ,0.007252414992051793,0.0068319163396013405,0.0036507948813913,0.4174709796588829,0.0,0.08071417679045428,10,,
2006-01-31,HC,0.010173109294687132,0.0100166572338245,0.0036507948813913,0.15487648544898408,0.0,0.013409315441335343,10,,
2006-01-31,LS1,0.02448338523452982,0.024294669139009573,0.0036507948813913,0.18420610645345395,0.0,0.267732684912829,10,,
2006-01-31,LS2,0.023327329340083483,0.023131650765810585,0.0036507948813913,0.19121796971765478,0.0,0.2392874430147485,10,,
2006-01-31,LS3,0.007723397122403657,0.007482551221118072,0.0036507948813913,0.23900000930130139,0.0,0.23211543547178123,10,,
2006-01-31,LS4,0.010780146348376153,0.010503915630515559,0.0036507948813913,0.2732846691325713,0.0,0.2859007473596614,10,,
2006-01-31,LS5,0.006952629392341933,0.006733608931360102,0.0036507948813913,0.21750820702848736,0.0,0.27979301683368996,10,,
2006-01-31,NLS6,0.015804183765953085,0.015501957644474817,0.0036507948813913,0.2975239975461679,0.0,0.049413062517477964,10,,
2006-01-31,NLS7,0.014995296871231337,0.014685497397803449,0.0036507948813913,0.3052225703733263,0.0,0.04319738137734154,10,,
2006-01-31,NLS8,0.016709070526145984,0.016432309821127644,0.0036507948813913,0.27221229065552177,0.0,0.05640786834618791,10,,
2006-01-31,CRE,0.00865170728828726,0.008406120428381403,0.0036507948813913,0.243480339279937,0.0,0.43033899693304295,10,,
2006-01-31,SRE_STAR,0.00788047766464322,0.0076061484604663665,0.0036507948813913,0.2721842621781962,0.0,0.11589115563380152,10,,
2006-01-31,GS_STAR,0.01006319494869545,0.009793974946846085,0.0036507948813913,0.2665377802058629,0.0,0.23615966294949672,10,,
2006-01-31,ID_KAPPA,0.01016680204159674,0.009953886433017534,0.0036507948813913,0.2107727240185025,0.0,0.084438161354935,10,0.07199423937939727,52.880902457501534
2006-01-31,EW,0.056564998658716024,0.05654071534416372,0.0036507948813913,0.02298326613420451,0.0,,10,,
2006-02-28,AIQ,0.0016770677377982179,0.0015179248481611562,0.0037708043235686,0.15887644308001167,0.0,0.10559963800775145,10,,
2006-02-28,HC,0.0005101679246674935,0.0004529373974189177,0.0037708043235686,0.057201344957141256,0.0,0.015331570382325079,10,,
2006-02-28,LS1,-0.0017057169306340682,-0.0018611389653554467,0.0037708043235686,0.1556875936859282,0.0,0.24931640781461586,10,,
2006-02-28,LS2,-0.0012920516471176691,-0.0014397955928741046,0.0037708043235686,0.14793508552734638,0.0,0.2211062712856583,10,,
2006-02-28,LS3,0.002812059171044197,0.0027229823415908516,0.0037708043235686,0.0888270425536071,0.0,0.20886256082150578,10,,
2006-02-28,LS4,0.0011540612903793428,0.0010876872601930376,0.0037708043235686,0.06629751878627835,0.0,0.24168283446516584,10,,
2006-02-28,LS5,0.003966437956166845,0.0038881899121687713,0.0037708043235686,0.07793890417017445,0.0,0.21470201748479822,10,,
2006-02-28,NLS6,-0.000660968658141083,-0.0007645050905074058,0.0037708043235686,0.10360491196592773,0.0,0.059311771438257666,10,,
2006-02-28,NLS7,-0.0005956213772524665,-0.0006920095976016283,0.0037708043235686,0.0964456654493184,0.0,0.052732741782920645,10,,
2006-02-28,NLS8,-0.0007365016206223067,-0.0008391076378732043,0.0037708043235686,0.10268164244692407,0.0,0.06659709293617729,10,,
2006-02-28,CRE,-0.00011586919176077239,-0.000607930365410625,0.0037708043235686,0.4921181949873661,0.0,0.2625340114605885,10,,
2006-02-28,SRE_STAR,-0.00020807161101933495,-0.0007010136832992231,0.0037708043235686,0.4930446608767016,0.0,0.07451611262799472,10,,
2006-02-28,GS_STAR,0.0025230519304813835,0.002363431056973342,0.0037708043235686,0.15921915531073294,0.0,0.19290898869971035,10,,
2006-02-28,ID_KAPPA,0.0005948784157076899,0.0005357376922658919,0.0037708043235686,0.059105562818263485,0.0,0.10742594887737529,10,0.09352831443048096,43.87683575017686
2006-02-28,EW,-0.010097166140814129,-0.010125288444219116,0.0037708043235686,0.028409155366660555,0.0,,10,,
2006-03-31,AIQ,-0.004405259277128839,-0.004509947953069804,0.0037787993439,0.1051518973120654,0.0,0.05883764782934514,10,,
2006-03-31,HC,-0.003782234815207804,-0.003796550849573199,0.0037787993439,0.014370386541676265,0.0,0.015080999378843512,10,,
2006-03-31,LS1,0.0048358258443648066,0.00479508853193078,0.0037787993439,0.040541261951626606,0.0,0.2400092664708287,10,,
2006-03-31,LS2,0.004386875802148649,0.004359946241221824,0.0037787993439,0.026811940274810573,0.0,0.2168226816917664,10,,
2006-03-31,LS3,-0.005195079172497919,-0.005215864844565932,0.0037787993439,0.02089421919092239,0.0,0.2140503963059138,10,,
2006-03-31,LS4,-0.0033272914150153997,-0.003345977368541364,0.0037787993439,0.018748334699018494,0.0,0.23097671723868757,10,,
2006-03-31,LS5,-0.004405455386225557,-0.004411139469902681,0.0037787993439,0.00570923545921043,0.0,0.2072972533489706,10,,
2006-03-31,NLS6,0.00047453321509972283,0.00044182874163167796,0.0037787993439,0.0326889614701466,0.0,0.05811458980760766,10,,
2006-03-31,NLS7,-0.00016141267259689137,-0.00019571005199137126,0.0037787993439,0.034302916319876975,0.0,0.05153195632075403,10,,
2006-03-31,NLS8,0.001130757204592967,0.0010996490090300348,0.0037787993439,0.031073059476917835,0.0,0.06542194413326133,10,,
2006-03-31,CRE,-0.0034772215072726314,-0.0040183745817313765,0.0037787993439,0.54304134951865,0.0,0.40796730918749274,10,,
2006-03-31,SRE_STAR,-0.0037672963190510554,-0.004312178076731676,0.0037787993439,0.5469422512103375,0.0,0.12768204520381438,10,,
2006-03-31,GS_STAR,-0.003535414934439303,-0.003542995939521565,0.0037787993439,0.007607902173246273,0.0,0.19192362999977322,10,,
2006-03-31,ID_KAPPA,-0.0038068679858690355,-0.003821327202730207,0.0037787993439,0.014514471538248886,0.0,0.061900096411449876,10,0.04753598722644077,80.09000678781022
2006-03-31,EW,0.02643372237171623,0.026415067867767705,0.0037787993439,0.0181740949676171,0.0,,10,,
2006-04-30,AIQ,0.0027752221160686403,0.0024769687462760093,0.0038906561432301,0.29742794119224725,0.0,0.07442759493071273,10,,
2006-04-30,HC,0.0061593175909544435,0.0061211828171019445,0.0038906561432301,0.037901327539042275,0.0,0.01816015438192869,10,,
2006-04-30,LS1,0.015956959563055106,0.01590548561983751,0.0038906561432301,0.05066547626170144,0.0,0.29773134392671935,10,,
2006-04-30,LS2,0.015295808744701024,0.015252073430612079,0.0038906561432301,0.043076425325817236,0.0,0.265779629306983,10,,
2006-04-30,LS3,0.0017252818566983557,0.0016097711659683878,0.0038906561432301,0.1153117454676344,0.0,0.2865234619074512,10,,
2006-04-30,LS4,0.0061432810455381345,0.006068935228384698,0.0038906561432301,0.07389187857626676,0.0,0.29156584436270594,10,,
2006-04-30,LS5,0.0012662130851920114,0.0012341509814115526,0.0038906561432301,0.032021557664971174,0.0,0.2405539595634666,10,,
2006-04-30,NLS6,0.011057384379056196,0.010955254063688802,0.0038906561432301,0.1010133716891945,0.0,0.06929732475787105,10,,
2006-04-30,NLS7,0.010228257942863334,0.01014808060045258,0.0038906561432301,0.07936557088019028,0.0,0.06214664167756631,10,,
2006-04-30,NLS8,0.01192223719326255,0.011819190246894262,0.0038906561432301,0.10183287072942748,0.0,0.07712752516123088,10,,
2006-04-30,CRE,0.0017539275820443105,0.0017092370841624849,0.0038906561432301,0.04461225122393986,0.0,0.41433495996479225,10,,
2006-04-30,SRE_STAR,0.0015496816405558558,0.0014674331014272735,0.0038906561432301,0.08212127729293729,0.0,0.1409951779986219,10,,
2006-04-30,GS_STAR,0.00558248273059815,0.005517123686723302,0.0038906561432301,0.064996203690284,0.0,0.2430703111724395,10,,
2006-04-30,ID_KAPPA,0.006219251331638223,0.0061805278616955395,0.0038906561432301,0.03848412748157945,0.0,0.07323087406232345,10,0.0560893102130398,66.65578347536129
2006-04-30,EW,0.02844553440581077,0.028425926771294074,0.0038906561432301,0.019065311541288266,0.0,,10,,
2006-05-31,AIQ,-0.004070297491881839,-0.004294792107037426,0.0039624917561102,0.22541210949953105,0.0,0.07947541878388249,10,,
2006-05-31,HC,-0.006064736209293183,-0.006160900864626839,0.0039624917561102,0.09675142721767699,0.0,0.0363459234007218,10,,
2006-05-31,LS1,-0.008799904012265745,-0.008896594553109316,0.0039624917561102,0.09754896234879193,0.0,0.30052367957489357,10,,
2006-05-31,LS2,-0.00832480542112761,-0.008415344642230704,0.0039624917561102,0.09129926975888283,0.0,0.269651091343137,10,,
2006-05-31,LS3,-0.002925102264670667,-0.002990331600725593,0.0039624917561102,0.06542069828760579,0.0,0.307394435463046,10,,
2006-05-31,LS4,-0.004290620502043929,-0.004388425777907767,0.0039624917561102,0.09822672948320818,0.0,0.3072575872412311,10,,
2006-05-31,LS5,-0.0020747085413467797,-0.002135177481843775,0.0039624917561102,0.06059465674896067,0.0,0.24992746865264445,10,,
2006-05-31,NLS6,-0.007722321092849677,-0.007942839516746458,0.0039624917561102,0.22223459076468915,0.0,0.14256944279437242,10,,
2006-05-31,NLS7,-0.007112507560087738,-0.007342517695756334,0.0039624917561102,0.23165780354769572,0.0,0.13594187303748498,10,,
2006-05-31,NLS8,-0.00835060851931095,-0.00855604530252696,0.0039624917561102,0.2071667516572942,0.0,0.14839878366431394,10,,
2006-05-31,CRE,-0.0024736630849574036,-0.002531976076775133,0.0039624917561102,0.0584575962154433,0.0,0.41322393347099806,10,,
2006-05-31,SRE_STAR,-0.0013796496057889018,-0.0014379444652447004,0.0039624917561102,0.05837539704925414,0.0,0.13235091058555,10,,
2006-05-31,GS_STAR,-0.0032234278622362052,-0.003365027947549226,0.0039624917561102,0.14205799902508312,0.0,0.22790320558894386,10,,
2006-05-31,ID_KAPPA,-0.005601610378664472,-0.005722673634623199,0.0039624917561102,0.12174522527622628,0.0,0.0787457363665818,10,0.043998997145831414,62.36045021999881
2006-05-31,EW,-0.03546333037863146,-0.03549968412650606,0.0039624917561102,0.03769037406205605,0.0,,10,,
2006-06-30,AIQ,-0.00034343783996844054,-0.000520375391649508,0.0040820922780753,0.17699833960854022,0.0,0.08965042846242746,10,,
2006-06-30,HC,-0.0002793716586254623,-0.00045626271177490185,0.0040820922780753,0.17694048530628476,0.0,0.031021535646378988,10,,
2006-06-30,LS1,-0.001179386957099742,-0.0012801521995227105,0.0040820922780753,0.10088422396091512,0.0,0.24557995757185566,10,,
2006-06-30,LS2,-0.0013533437240661468,-0.001447054669066361,0.0040820922780753,0.09383793998742511,0.0,0.22624852362236872,10,,
2006-06-30,LS3,0.0003335057093207139,0.0002852694039161552,0.0040820922780753,0.04822022368462743,0.0,0.2505971792192786,10,,
2006-06-30,LS4,-0.00037534904972515837,-0.00042914032812979563,0.0040820922780753,0.05381147649123907,0.0,0.22038463398368038,10,,
2006-06-30,LS5,0.0004325832525896708,0.00039951188410980443,0.0040820922780753,0.03305706854576782,0.0,0.20064401262076473,10,,
2006-06-30,NLS6,-0.0009801481075639642,-0.0010588362813920282,0.0040820922780753,0.07876537556186364,0.0,0.1214388752134232,10,,
2006-06-30,NLS7,-0.0009140479165757625,-0.0009741459470375968,0.0040820922780753,0.06015301319820479,0.0,0.11376428533976195,10,,
2006-06-30,NLS8,-0.0010499175921690148,-0.001147903490049229,0.0040820922780753,0.09808888312423673,0.0,0.12942913029528894,10,,
2006-06-30,CRE,0.0005390705817107574,0.0004974860592747987,0.0040820922780753,0.04156211752114169,0.0,0.394222891902003,10,,
2006-06-30,SRE_STAR,0.00045203675994747025,0.00041109029643027206,0.0040820922780753,0.040927962573594316,0.0,0.11052648034005984,10,,
2006-06-30,GS_STAR,0.0007657503644191852,0.0006896256105755061,0.0040820922780753,0.07606650588893224,0.0,0.1647449648584158,10,,
2006-06-30,ID_KAPPA,-0.0003434123286481868,-0.0005102074157622427,0.0040820922780753,0.1668523862805618,0.0,0.0934549847518037,10,0.06443223601163565,53.7816729837617
2006-06-30,EW,0.0022164257276618524,0.002187829911278527,0.0040820922780753,0.028532576047783073,0.0,,10,,
2006-07-31,AIQ,0.011896538083032183,0.011680936286334598,0.0041537774426925,0.21306703658275927,0.0,0.09525080198483606,10,,
2006-07-31,HC,0.013222171536483094,0.013180499091949738,0.0041537774426925,0.04112863467071082,0.0,0.02568321943892384,10,,
2006-07-31,LS1,0.013441056691254368,0.01339652182984108,0.0041537774426925,0.043944204864483326,0.0,0.23831203637147602,10,,
2006-07-31,LS2,0.013299372461734798,0.013254843024772311,0.0041537774426925,0.043944996091553716,0.0,0.22274961508206614,10,,
2006-07-31,LS3,0.012702034197363269,0.012678217547444914,0.0041537774426925,0.023517924437974364,0.0,0.23816054009384893,10,,
2006-07-31,LS4,0.013056140151840782,0.013031158946117172,0.0041537774426925,0.02465925108541467,0.0,0.21018444803340028,10,,
2006-07-31,LS5,0.012197448598332827,0.012186766804638927,0.0041537774426925,0.010553073126785124,0.0,0.18441536186473967,10,,
2006-07-31,NLS6,0.012681125503598532,0.012613912082229506,0.0041537774426925,0.06637175284135258,0.0,0.09308103525539778,10,,
2006-07-31,NLS7,0.012721914133328495,0.01265600326666494,0.0041537774426925,0.06508288775402002,0.0,0.08575630186505422,10,,
2006-07-31,NLS8,0.012641581551152284,0.012573004114752706,0.0041537774426925,0.067721331662627,0.0,0.10087522644791817,10,,
2006-07-31,CRE,0.012218453448225253,0.012208231748118914,0.0041537774426925,0.01009831432289212,0.0,0.39382734484281096,10,,
2006-07-31,SRE_STAR,0.012389286819241722,0.012375327656937607,0.0041537774426925,0.013788334671054942,0.0,0.10493381410185784,10,,
2006-07-31,GS_STAR,0.011927548589299201,0.011858909888424085,0.0041537774426925,0.06782965931759144,0.0,0.06817735127770286,10,,
2006-07-31,ID_KAPPA,0.013157256822390722,0.013113337598175345,0.0041537774426925,0.043348871973958716,0.0,0.1009838403094925,10,0.07728556294309691,49.059438821085145
2006-07-31,EW,0.006933109864858512,0.006918687249323874,0.0041537774426925,0.014323310449712107,0.0,,10,,
2006-08-31,AIQ,0.015278326752523257,0.0150711917356956,0.004113959301397,0.20401796371447953,0.0,0.09011597796410493,10,,
2006-08-31,HC,0.014632594288894492,0.014482179541855489,0.004113959301397,0.14824553033840673,0.0,0.030537573738861665,10,,
2006-08-31,LS1,0.012924156724240455,0.012877759219886764,0.004113959301397,0.04580550680473069,0.0,0.2591314372818481,10,,
2006-08-31,LS2,0.012898857021016138,0.012854843713052011,0.004113959301397,0.04345281629969558,0.0,0.23657936077284214,10,,
2006-08-31,LS3,0.01562731816726922,0.015596386252235916,0.004113959301397,0.030455969901698732,0.0,0.28388367390765035,10,,
2006-08-31,LS4,0.01453589655001815,0.014480598063488337,0.004113959301397,0.05450619018799309,0.0,0.2331555951431315,10,,
2006-08-31,LS5,0.015777229854834075,0.01575887057825387,0.004113959301397,0.01807411708039562,0.0,0.19662632482273243,10,,
2006-08-31,NLS6,0.013524975355634973,0.013446926646376589,0.004113959301397,0.07700718892603615,0.0,0.09871455577226229,10,,
2006-08-31,NLS7,0.013575360657058307,0.013508521017388198,0.004113959301397,0.0659444203802277,0.0,0.09200235137040005,10,,
2006-08-31,NLS8,0.013474252208590104,0.01338491515371154,0.004113959301397,0.08814930885887691,0.0,0.10577328367634026,10,,
2006-08-31,CRE,0.015549536841487613,0.015535972062859837,0.004113959301397,0.013357082186179007,0.0,0.4131248696891712,10,,
2006-08-31,SRE_STAR,0.015244591280878047,0.015221271301893102,0.004113959301397,0.022969813565418204,0.0,0.12964157405685062,10,,
2006-08-31,GS_STAR,0.014951363419310915,0.014896590047070557,0.004113959301397,0.05396649949406751,0.0,0.1807956008551166,10,,
2006-08-31,ID_KAPPA,0.014518848818779306,0.014432709050823833,0.004113959301397,0.08490701582895703,0.0,0.09199254961133982,10,0.06339077638056338,52.41148626447578
2006-08-31,EW,0.013367047115039308,0.013348779654113185,0.004113959301397,0.01802649985325712,0.0,,10,,
2006-09-30,AIQ,0.010035301792457848,0.009938327486587628,0.0039864244012801,0.09601080843231745,0.0,0.0985332309737715,10,,
2006-09-30,HC,0.007852653998504036,0.007676694141764306,0.0039864244012801,0.17458887074560708,0.0,0.021801179769055767,10,,
2006-09-30,LS1,0.007044835524462253,0.007020050662595034,0.0039864244012801,0.024611478052447615,0.0,0.25540497790874794,10,,
2006-09-30,LS2,0.00715033662419091,0.0071249658646230785,0.0039864244012801,0.0251906380262072,0.0,0.22898239005015505,10,,
2006-09-30,LS3,0.010587726934427201,0.010551802885559347,0.0039864244012801,0.03554767974173072,0.0,0.2801100963499867,10,,
2006-09-30,LS4,0.008286261816926098,0.008219311182649403,0.0039864244012801,0.06640042298706135,0.0,0.21878231340240836,10,,
2006-09-30,LS5,0.01102907792860905,0.010996103196993845,0.0039864244012801,0.03261501803950773,0.0,0.18299293819680562,10,,
2006-09-30,NLS6,0.00824456501436313,0.008134984693606295,0.0039864244012801,0.108684266257696,0.0,0.06882216675943276,10,,
2006-09-30,NLS7,0.008274472005585662,0.008150554350313977,0.0039864244012801,0.12290071673151073,0.0,0.0626968659252909,10,,
2006-09-30,NLS8,0.008212137898744896,0.008115757868002005,0.0039864244012801,0.09559499149039641,0.0,0.07539592350603691,10,,
2006-09-30,CRE,0.010978585934176313,0.010944600863289855,0.0039864244012801,0.033616014581601586,0.0,0.41202669834299205,10,,
2006-09-30,SRE_STAR,0.010341117473072493,0.010309462155465798,0.0039864244012801,0.03133131677939764,0.0,0.12796472475048315,10,,
2006-09-30,GS_STAR,0.008781730714248873,0.00868645938853696,0.0039864244012801,0.09444196183487003,0.0,0.18435434139919232,10,,
2006-09-30,ID_KAPPA,0.008019873004379563,0.007913587454274174,0.0039864244012801,0.10543993521527177,0.0,0.10332306608275256,10,0.08333876981619168,45.970065010269415
2006-09-30,EW,-8.650097601955445e-05,-0.00010753044062106198,0.0039864244012801,0.02103128382796754,0.0,,10,,
2006-10-31,AIQ,0.009895091546262929,0.009850494883928196,0.0041378522703343,0.04415969807958847,0.0,0.05795222914152088,10,,
2006-10-31,HC,0.009619322195021679,0.009593409683131382,0.0041378522703343,0.025665625964576208,0.0,0.023459505367327473,10,,
2006-10-31,LS1,0.016091797774037856,0.015994084826940647,0.0041378522703343,0.09616547177247925,0.0,0.211746040954329,10,,
2006-10-31,LS2,0.015380949454165762,0.015307138858893676,0.0041378522703343,0.07269251536732906,0.0,0.20520978769099707,10,,
2006-10-31,LS3,0.009185669019715167,0.009170761099372537,0.0041378522703343,0.014772227549803944,0.0,0.32197920573847066,10,,
2006-10-31,LS4,0.009788415452153738,0.009766401261000368,0.0041378522703343,0.02180079590586318,0.0,0.23452016438707665,10,,
2006-10-31,LS5,0.010210557366787719,0.010168990500494024,0.0041378522703343,0.041146735193536135,0.0,0.16750416051247058,10,,
2006-10-31,NLS6,0.011988444117348866,0.011942670284343926,0.0041378522703343,0.04523157677426162,0.0,0.07063700462882833,10,,
2006-10-31,NLS7,0.011873136461170832,0.011822822175042713,0.0041378522703343,0.049723907390365446,0.0,0.06506017991540913,10,,
2006-10-31,NLS8,0.012100860236971876,0.012058303168213769,0.0041378522703343,0.04204824877646193,0.0,0.07645095497190627,10,,
2006-10-31,CRE,0.009832108843800591,0.00981672346872009,0.0041378522703343,0.015235577226875102,0.0,0.43362994584281306,10,,
2006-10-31,SRE_STAR,0.009044231494737513,0.00902230509662183,0.0041378522703343,0.021729868157605397,0.0,0.15479126308099295,10,,
2006-10-31,GS_STAR,0.009872610013812589,0.009826097442639181,0.0041378522703343,0.04605785988486992,0.0,0.20263377964802107,10,,
2006-10-31,ID_KAPPA,0.009621670106717065,0.009573103491011814,0.0041378522703343,0.04810377703174672,0.0,0.05952666966128435,10,0.036933608480336035,79.25591435222427
2006-10-31,EW,0.03202440050536446,0.03199813057564693,0.0041378522703343,0.025454756403779033,0.0,,10,,
2006-11-30,AIQ,0.012712824395154048,0.012572723895488913,0.0040980271803598,0.1383417848478928,0.0,0.08977303030026054,10,,
2006-11-30,HC,0.015743338060806997,0.015685278718316376,0.0040980271803598,0.057159461760677106,0.0,0.02571663405097305,10,,
2006-11-30,LS1,0.021691120265200457,0.02165621380729088,0.0040980271803598,0.034165372701332714,0.0,0.206020185522299,10,,
2006-11-30,LS2,0.021077045014080007,0.021047917039230146,0.0040980271803598,0.028526715973177706,0.0,0.19866607461891891,10,,
2006-11-30,LS3,0.013377424274361933,0.013309944313654176,0.0040980271803598,0.0665891691399937,0.0,0.2990892537820752,10,,
2006-11-30,LS4,0.015686840548798764,0.015637482854807372,0.0040980271803598,0.04859538592082269,0.0,0.23446239850992923,10,,
2006-11-30,LS5,0.013313501441771632,0.01327153000970882,0.0040980271803598,0.0414199870060395,0.0,0.16766621739269041,10,,
2006-11-30,NLS6,0.017686914518950957,0.017603497022247838,0.0040980271803598,0.08196774028721557,0.0,0.08132499888216525,10,,
2006-11-30,NLS7,0.017507913965655417,0.017407037111038637,0.0040980271803598,0.09914110075418495,0.0,0.0781254698596594,10,,
2006-11-30,NLS8,0.017873021029881864,0.017806673910423676,0.0040980271803598,0.0651821180906677,0.0,0.08353339367432865,10,,
2006-11-30,CRE,0.01330412567743692,0.013251983015628799,0.0040980271803598,0.05145805734603212,0.0,0.4252768899028187,10,,
2006-11-30,SRE_STAR,0.013425497529083091,0.013386246336662744,0.0040980271803598,0.03873120670041725,0.0,0.14124641621653267,10,,
2006-11-30,GS_STAR,0.015786461422431248,0.015770129761074836,0.0040980271803598,0.016077849013159534,0.0,0.14863348377603164,10,,
2006-11-30,ID_KAPPA,0.01575044210826923,0.015698762803536326,0.0040980271803598,0.050877954456580374,0.0,0.09101867072040254,10,0.0670257123868886,51.307774533178666
2006-11-30,EW,0.03999979627449839,0.03998129672543338,0.0040980271803598,0.01778803143159967,0.0,,10,,
2006-12-31,AIQ,0.0010459867969860126,0.0004184129784459145,0.0040900600769369,0.6269180705154762,0.0,0.07768986660303005,10,,
2006-12-31,HC,1.0382311974065039e-05,-0.0005363238104981738,0.0040900600769369,0.546700446457737,0.0,0.031542152172768095,10,,
2006-12-31,LS1,0.0025569210891241358,0.0023976011898882987,0.0040900600769369,0.15891356977783266,0.0,0.20863982635810163,10,,
2006-12-31,LS2,0.0022842697056032588,0.002134149978451738,0.0040900600769369,0.14977759472935603,0.0,0.18953204580219452,10,,
2006-12-31,LS3,0.0010904198457280451,0.0006841942599979944,0.0040900600769369,0.40578311177199833,0.0,0.34745270860562966,10,,
2006-12-31,LS4,0.00029867334745319025,-9.850850948966983e-05,0.0040900600769369,0.3970632647285273,0.0,0.2366519966560856,10,,
2006-12-31,LS5,0.0016340733789507614,0.0013635198502992552,0.0040900600769369,0.27011214558508084,0.0,0.17461627384023565,10,,
2006-12-31,NLS6,0.0012492551579284018,0.0008923360763630761,0.0040900600769369,0.35647375488832883,0.0,0.08933198474550356,10,,
2006-12-31,NLS7,0.0011763785679065907,0.000816362566315787,0.0040900600769369,0.35959298411116636,0.0,0.08429747493633197,10,,
2006-12-31,NLS8,0.001321370542796175,0.0009677190853580875,0.0040900600769369,0.35318476948746236,0.0,0.09352781569754368,10,,
2006-12-31,CRE,0.0016111317085476394,0.0013389732920967568,0.0040900600769369,0.27172063871396346,0.0,0.4325595446222202,10,,
2006-12-31,SRE_STAR,0.0016015052268878623,0.0013553521156211001,0.0040900600769369,0.2457595261010183,0.0,0.15843357570973537,10,,
2006-12-31,GS_STAR,4.015648789777734e-05,-0.00023326669689971435,0.0040900600769369,0.27341220552355733,0.0,0.159292067540783,10,,
2006-12-31,ID_KAPPA,4.57188050993952e-05,-0.0004539282205353601,0.0040900600769369,0.4996241834140257,0.0,0.07438225846682056,10,0.04423538555670312,63.49667186585025
2006-12-31,EW,-0.0022190071376216535,-0.0022397651452170653,0.0040900600769369,0.02080417220201372,0.0,,10,,
2007-01-31,AIQ,0.005059609725177603,0.004938279634444154,0.0041696998373528,0.12071929819835198,0.0,0.058638248540482094,10,,
2007-01-31,HC,0.005551444059051689,0.005434408486497677,0.0041696998373528,0.11638944307157123,0.0,0.033492553017091746,10,,
2007-01-31,LS1,0.009467290313022987,0.009353626358064915,0.0041696998373528,0.11259795740681994,0.0,0.2598685496764556,10,,
2007-01-31,LS2,0.00846414304759212,0.008342571451730896,0.0041696998373528,0.12055123298055034,0.0,0.23252964035435714,10,,
2007-01-31,LS3,0.005079498738633388,0.004960050298141061,0.0041696998373528,0.1188447686398389,0.0,0.3740503463679214,10,,
2007-01-31,LS4,0.0055350947584680696,0.005401179875258011,0.0041696998373528,0.13317773184447465,0.0,0.26874696811910115,10,,
2007-01-31,LS5,0.005261009425358648,0.0051800424702228565,0.0041696998373528,0.0805432165145305,0.0,0.23879829991402557,10,,
2007-01-31,NLS6,0.00696315486064066,0.0068827118850445235,0.0041696998373528,0.07988671204868503,0.0,0.09386638653323005,10,,
2007-01-31,NLS7,0.006946848431166082,0.0068570580495141975,0.0041696998373528,0.08917092475309787,0.0,0.08765716575359457,10,,
2007-01-31,NLS8,0.0069829134798684725,0.006911365721606222,0.0041696998373528,0.07105161100988552,0.0,0.09999013362660633,10,,
2007-01-31,CRE,0.005179361424632374,0.005094767401299549,0.0041696998373528,0.08415813791957057,0.0,0.44379164503390744,10,,
2007-01-31,SRE_STAR,0.005182214482154541,0.0051062848901013425,0.0041696998373528,0.07553813722452907,0.0,0.17027753712410673,10,,
2007-01-31,GS_STAR,0.004914533671981026,0.00471777409485763,0.0041696998373528,0.19579732457901083,0.0,0.18713711706091826,10,,
2007-01-31,ID_KAPPA,0.005558373891256103,0.005441143100019641,0.0041696998373528,0.11658278055291446,0.0,0.052674725609233135,10,0.01984689580201526,89.10286699136857
2007-01-31,EW,0.01504782618431919,0.015025104073806972,0.0041696998373528,0.022385260995595388,0.0,,10,,
2007-02-28,AIQ,0.014727191795611862,0.01471245292738832,0.004201536297631,0.014524956404757705,0.0,0.08325040394190027,10,,
2007-02-28,HC,0.014742430830609976,0.014715043226328328,0.004201536297631,0.026989710343815282,0.0,0.03846215730930131,10,,
2007-02-28,LS1,0.007639940194786192,0.007597635762316868,0.004201536297631,0.041983679667491905,0.0,0.2739903201986473,10,,
2007-02-28,LS2,0.008142286123998265,0.008097178218290146,0.004201536297631,0.04474359059136906,0.0,0.24431956369020638,10,,
2007-02-28,LS3,0.014728685181084979,0.01471954666516928,0.004201536297631,0.009005871273051802,0.0,0.4063984959745403,10,,
2007-02-28,LS4,0.013608904740032898,0.013570154844959825,0.004201536297631,0.03822963165762418,0.0,0.2748320172674355,10,,
2007-02-28,LS5,0.014072394454823774,0.014066648063852938,0.004201536297631,0.00566664766965593,0.0,0.24035130880311292,10,,
2007-02-28,NLS6,0.011903761531289535,0.011833548360220103,0.004201536297631,0.06938720235926923,0.0,0.11194385071190992,10,,
2007-02-28,NLS7,0.012025937425081405,0.011940149332220207,0.004201536297631,0.08476867013845998,0.0,0.10467425831725581,10,,
2007-02-28,NLS8,0.01178359484547299,0.011719043032083043,0.004201536297631,0.06380001980527238,0.0,0.11951018931730903,10,,
2007-02-28,CRE,0.014719515417414342,0.014714927962709679,0.004201536297631,0.00452090911334857,0.0,0.44019126669181896,10,,
2007-02-28,SRE_STAR,0.014719354808533877,0.014715040645341126,0.004201536297631,0.004251582639426099,0.0,0.17464078035690458,10,,
2007-02-28,GS_STAR,0.014315382478383883,0.014200309518076049,0.004201536297631,0.11344889597040692,0.0,0.18886469645972942,10,,
2007-02-28,ID_KAPPA,0.01454237957640838,0.014517484069368036,0.004201536297631,0.024538656581910408,0.0,0.0735648091115927,10,0.03650678137020843,64.00156103890801
2007-02-28,EW,0.003418774122725365,0.00340173688753187,0.004201536297631,0.016979187187764505,0.0,,10,,
2007-03-31,AIQ,0.0006465914791049007,0.00047908045205913297,0.0041059935884708,0.16740278583098825,0.0,0.0510354677430755,10,,
2007-03-31,HC,0.0006424351257886561,0.0005111930608094895,0.0041059935884708,0.131157804598493,0.0,0.04205297920597889,10,,
2007-03-31,LS1,0.0029189705159478776,0.002898533168595785,0.0041059935884708,0.02037786496513226,0.0,0.260666351628438,10,,
2007-03-31,LS2,0.0027890254594142012,0.0027655704228506384,0.0041059935884708,0.023389801810974695,0.0,0.22903785638465773,10,,
2007-03-31,LS3,0.0006180088961446917,0.0004576114790932895,0.0041059935884708,0.16029835124429623,0.0,0.35938551472584823,10,,
2007-03-31,LS4,0.0008263796319248366,0.0007035542994311417,0.0041059935884708,0.12272391594920311,0.0,0.26272202275942413,10,,
2007-03-31,LS5,0.0007348969836866258,0.0006352987600752869,0.0041059935884708,0.0995250829280753,0.0,0.22854370373257102,10,,
2007-03-31,NLS6,0.0011921669576679921,0.0011120643896260773,0.0041059935884708,0.08000718611836977,0.0,0.1091916541486806,10,,
2007-03-31,NLS7,0.0011353098265808603,0.00105326112049009,0.0041059935884708,0.08195566102368125,0.0,0.10738001449018338,10,,
2007-03-31,NLS8,0.0012519788319273215,0.0011663113126882951,0.0041059935884708,0.08556039943010682,0.0,0.1105848898586877,10,,
2007-03-31,CRE,0.0005827824665094863,0.00048430273599087137,0.0041059935884708,0.09842237168605128,0.0,0.43305452937626365,10,,
2007-03-31,SRE_STAR,0.0005828913053102446,0.00048442374128643273,0.0041059935884708,0.0984102015729611,0.0,0.1596066716518004,10,,
2007-03-31,GS_STAR,0.0018011584890524355,0.0015921152353628454,0.0041059935884708,0.2086674106116841,0.0,0.2873194601160884,10,,
2007-03-31,ID_KAPPA,0.0006500777692681627,0.0005184343840161088,0.0041059935884708,0.13155786241027861,0.0,0.049755606479894215,10,0.008040765414699913,97.71979877645339
2007-03-31,EW,0.009700734711885164,0.009681854309647742,0.0041059935884708,0.01869900812018732,0.0,,10,,
2007-04-30,AIQ,0.010205554788769014,0.01011475735427303,0.0040023760123895,0.08988015762276517,0.0,0.05594935299692686,10,,
2007-04-30,HC,0.010806009279146824,0.010704101210676331,0.0040023760123895,0.10081862151087137,0.0,0.0336735020616253,10,,
2007-04-30,LS1,0.017620797038718335,0.017570616504915426,0.0040023760123895,0.04931162369028433,0.0,0.266006029477961,10,,
2007-04-30,LS2,0.01717172845874047,0.017122322288097847,0.0040023760123895,0.04857210366768687,0.0,0.2295317338900267,10,,
2007-04-30,LS3,0.009954294227773082,0.009903965539439952,0.0040023760123895,0.04983263957671716,0.0,0.3300789952714982,10,,
2007-04-30,LS4,0.011302263734771594,0.011252370296828351,0.0040023760123895,0.04933583136560151,0.0,0.26342491796132383,10,,
2007-04-30,LS5,0.010015026137067009,0.009992733618714,0.0040023760123895,0.022071471984194856,0.0,0.23017689742864283,10,,
2007-04-30,NLS6,0.01311595869459969,0.013047453705660406,0.0040023760123895,0.06761811256784181,0.0,0.0858057707439144,10,,
2007-04-30,NLS7,0.012811382559416247,0.012749308558681838,0.0040023760123895,0.06128880638909523,0.0,0.0789987866976404,10,,
2007-04-30,NLS8,0.013471188467751086,0.013401474640306832,0.0040023760123895,0.06878718234678571,0.0,0.09296764914950512,10,,
2007-04-30,CRE,0.010973319747180273,0.010786385642698848,0.0040023760123895,0.1849050818947668,0.0,0.2372666833112159,10,,
2007-04-30,SRE_STAR,0.011084488337721032,0.01082213946833055,0.0040023760123895,0.2594727467551139,0.0,0.11481877899223038,10,,
2007-04-30,GS_STAR,0.010178936888981097,0.010102474709786424,0.0040023760123895,0.07569171797442427,0.0,0.2578452831403727,10,,
2007-04-30,ID_KAPPA,0.010853379342339632,0.010756303717173399,0.0040023760123895,0.096033338909394,0.0,0.05495080113630047,10,0.02201874741101439,85.89960725265738
2007-04-30,EW,0.025319350376037896,0.025304351380027512,0.0040023760123895,0.014628609130288503,0.0,,10,,
2007-05-31,AIQ,0.00048414292986448463,0.0003990239212159352,0.0038587110455146,0.08507781882421067,0.0,0.07522207875714246,10,,
2007-05-31,HC,-0.0009674983060922158,-0.0010407408472247193,0.0038587110455146,0.07331347179232767,0.0,0.03526097687229237,10,,
2007-05-31,LS1,0.004449154349311606,0.004345149620273103,0.0038587110455146,0.10354404559787561,0.0,0.25313891309989406,10,,
2007-05-31,LS2,0.0040706700887632235,0.003961599224835188,0.0038587110455146,0.10862867244036047,0.0,0.2197863267531616,10,,
2007-05-31,LS3,0.00012520794568557996,4.752821203291013e-05,0.0038587110455146,0.0776700087503966,0.0,0.39606345514163793,10,,
2007-05-31,LS4,-0.0001613002394047036,-0.0002495541372568022,0.0038587110455146,0.08826813552342419,0.0,0.2468081573429835,10,,
2007-05-31,LS5,0.00019301543036012316,0.00014148688984194635,0.0038587110455146,0.0515185966341255,0.0,0.2255568093827164,10,,
2007-05-31,NLS6,0.0026904955166000485,0.0026028261621775517,0.0038587110455146,0.08743411333262069,0.0,0.08502941371737226,10,,
2007-05-31,NLS7,0.0027756527385482854,0.002693179257090117,0.0038587110455146,0.08224519735095848,0.0,0.07804828673076551,10,,
2007-05-31,NLS8,0.002509547797323846,0.0024258554889682316,0.0038587110455146,0.08348280426790952,0.0,0.09235829904711607,10,,
2007-05-31,CRE,5.332031740912746e-05,-9.084316067309306e-05,0.0038587110455146,0.1441557916496515,0.0,0.45454969667475675,10,,
2007-05-31,SRE_STAR,5.044845496772461e-05,-0.0001466304216746206,0.0038587110455146,0.19706893481910853,0.0,0.21777396672585794,10,,
2007-05-31,GS_STAR,0.0012404352355838313,0.0010822819384566085,0.0038587110455146,0.15795736125065113,0.0,0.2695294207522337,10,,
2007-05-31,ID_KAPPA,-0.000815682932555683,-0.0008877236996730486,0.0038587110455146,0.07209957751216028,0.0,0.07244020702749474,10,0.038538121983151846,64.6521460340027
2007-05-31,EW,0.012950865242741551,0.012934903134347087,0.0038587110455146,0.01575802829360526,0.0,,10,,
2007-06-30,AIQ,-0.01342271592651027,-0.01383731323730697,0.0039305717973199,0.4202380467193194,0.0,0.07235122553255383,10,,
2007-06-30,HC,-0.012836005214759272,-0.013270321098199478,0.0039305717973199,0.4399632540636724,0.0,0.027294803094745152,10,,
2007-06-30,LS1,-0.012595943243104077,-0.012649163971421906,0.0039305717973199,0.05389964518939905,0.0,0.26841617546192803,10,,
2007-06-30,LS2,-0.012047627394173945,-0.012114895714380292,0.0039305717973199,0.06808862660947149,0.0,0.23729486402653202,10,,
2007-06-30,LS3,-0.012402656238890874,-0.012627909289712358,0.0039305717973199,0.2280818718725809,0.0,0.40098180864509264,10,,
2007-06-30,LS4,-0.01223946774196344,-0.012573960185593314,0.0039305717973199,0.3386371825012636,0.0,0.25336696187674457,10,,
2007-06-30,LS5,-0.01165278921446768,-0.011798364795499783,0.0039305717973199,0.147291942996906,0.0,0.21578293555901504,10,,
2007-06-30,NLS6,-0.011819028217554883,-0.012099044646365242,0.0039305717973199,0.2833655340533043,0.0,0.07457215262515161,10,,
2007-06-30,NLS7,-0.012015074394329413,-0.012342507682588377,0.0039305717973199,0.331415267351727,0.0,0.06829329348358883,10,,
2007-06-30,NLS8,-0.011655749265556173,-0.011914932512643528,0.0039305717973199,0.2622398490149807,0.0,0.08128167438209477,10,,
2007-06-30,CRE,-0.011750500844913267,-0.01189941457504684,0.0039305717973199,0.15068434667648234,0.0,0.43862207596460173,10,,
2007-06-30,SRE_STAR,-0.011715589403383382,-0.011860285518546454,0.0039305717973199,0.14641141113999823,0.0,0.1980394823445209,10,,
2007-06-30,GS_STAR,-0.01159717411126841,-0.011844039847792365,0.0039305717973199,0.2497622730914567,0.0,0.297900012090074,10,,
2007-06-30,ID_KAPPA,-0.012719975662809848,-0.013139074887921542,0.0039305717973199,0.4244988400257482,0.0,0.06819925740406779,10,0.042052262534901054,70.7087962703612
2007-06-30,EW,-0.007552067118321749,-0.007571534112816969,0.0039305717973199,0.019615129267960912,0.0,,10,,
2007-07-31,AIQ,-0.005092975671431155,-0.005931358316526136,0.0040422428477437,0.842674365135556,0.0,0.05578758401398208,10,,
2007-07-31,HC,-0.0058194916041708735,-0.006521942865069019,0.0040422428477437,0.7065630989200915,0.0,0.028582348936468542,10,,
2007-07-31,LS1,-0.012146100761533562,-0.012370701193158085,0.0040422428477437,0.22736199330458348,0.0,0.3193889676776766,10,,
2007-07-31,LS2,-0.011972684113935813,-0.012203999893642514,0.0040422428477437,0.2341188102671498,0.0,0.2775806506833381,10,,
2007-07-31,LS3,-0.009617425225161269,-0.010049053198069369,0.0040422428477437,0.4358194337236463,0.0,0.3633014335353997,10,,
2007-07-31,LS4,-0.00807435693410493,-0.008581809108647587,0.0040422428477437,0.511582877295288,0.0,0.3037945777783758,10,,
2007-07-31,LS5,-0.01124717047610016,-0.011519998806717613,0.0040422428477437,0.27593178241406696,0.0,0.28053853338547996,10,,
2007-07-31,NLS6,-0.006999567464733575,-0.007514659238198607,0.0040422428477437,0.5187226073506364,0.0,0.07639476198301061,10,,
2007-07-31,NLS7,-0.006954537906785843,-0.007481277872592451,0.0040422428477437,0.5304288533742395,0.0,0.06997538502599439,10,,
2007-07-31,NLS8,-0.007042738905810376,-0.007547237603744983,0.0040422428477437,0.5080769512462023,0.0,0.0832715733808343,10,,
2007-07-31,CRE,-0.010678204745785264,-0.0109620258515013,0.0040422428477437,0.2868845173305291,0.0,0.4743206714360798,10,,
2007-07-31,SRE_STAR,-0.010610336908790818,-0.010890013612414928,0.0040422428477437,0.28267599112593184,0.0,0.23079898455790718,10,,
2007-07-31,GS_STAR,-0.00850611585338426,-0.009029937024411794,0.0040422428477437,0.5283150803077575,0.0,0.2639715427136245,10,,
2007-07-31,ID_KAPPA,-0.0060626988953293255,-0.006737399195712146,0.0040422428477437,0.678815755916367,0.0,0.051700160667507,10,0.023798014896814417,86.88137072507764
2007-07-31,EW,-0.009512760456066399,-0.009536912679186216,0.0040422428477437,0.02438418402129787,0.0,,10,,
2007-08-31,AIQ,0.012411212239376693,0.011836406655514331,0.0032817784803376,0.5677590063338507,0.0,0.06192258242126003,10,,
2007-08-31,HC,0.01056696895074138,0.010190751318939872,0.0032817784803376,0.3722837212778073,0.0,0.02188888984736094,10,,
2007-08-31,LS1,0.006701844193894222,0.006570145838233454,0.0032817784803376,0.13082160961593153,0.0,0.33050512717487657,10,,
2007-08-31,LS2,0.00699808653241503,0.0068602634116976535,0.0032817784803376,0.13686532532747858,0.0,0.28973405608536396,10,,
2007-08-31,LS3,0.012271102910648021,0.011786933781047226,0.0032817784803376,0.4782998627626043,0.0,0.32898210787434884,10,,
2007-08-31,LS4,0.010979746597576001,0.010613329678626826,0.0032817784803376,0.3624374476168871,0.0,0.3057558987727182,10,,
2007-08-31,LS5,0.012593533737923575,0.012185760507487098,0.0032817784803376,0.4027017918346094,0.0,0.26399159900762637,10,,
2007-08-31,NLS6,0.009603277345453432,0.009216560619845993,0.0032817784803376,0.3830383025542781,0.0,0.057787623569303434,10,,
2007-08-31,NLS7,0.009686445515340527,0.00931824904110834,0.0032817784803376,0.36466417457385303,0.0,0.0519221373951139,10,,
2007-08-31,NLS8,0.009516914427957402,0.009114455806158439,0.0032817784803376,0.39866456524607724,0.0,0.06410562459411852,10,,
2007-08-31,CRE,0.01190252342940009,0.011499838507290638,0.0032817784803376,0.3979483327550991,0.0,0.466969267144913,10,,
2007-08-31,SRE_STAR,0.011908928773557445,0.011553470781815456,0.0032817784803376,0.35127468652026544,0.0,0.187352781760682,10,,
2007-08-31,GS_STAR,0.01206135332846206,0.011573191814508776,0.0032817784803376,0.4823437950159181,0.0,0.2975736241215052,10,,
2007-08-31,ID_KAPPA,0.010609453772085735,0.01024328646895567,0.0032817784803376,0.3623232513444424,0.0,0.05963943845839846,10,0.0385953581542967,72.75864331934571
2007-08-31,EW,0.008765169887240343,0.008728045758137126,0.0032817784803376,0.0368015572022512,0.0,,10,,
2007-09-30,AIQ,0.011236999909550046,0.011162148492394941,0.0031289219234786,0.07401965826188789,0.0,0.05954179461658677,10,,
2007-09-30,HC,0.01671703156506798,0.016668801187172066,0.0031289219234786,0.047437365951877246,0.0,0.024342491238926078,10,,
2007-09-30,LS1,0.03085970140649093,0.03082484362401483,0.0031289219234786,0.0338142837754369,0.0,0.32956872814910687,10,,
2007-09-30,LS2,0.02986535961041622,0.02982965245546665,0.0031289219234786,0.034671672967961115,0.0,0.2872545322574718,10,,
2007-09-30,LS3,0.012964477705624153,0.012910338000129862,0.0031289219234786,0.0534467957029481,0.0,0.3281915244540573,10,,
2007-09-30,LS4,0.016622399223128075,0.0165577158241208,0.0031289219234786,0.06362578579492323,0.0,0.317334877391086,10,,
2007-09-30,LS5,0.013185081401001107,0.013169704462368426,0.0031289219234786,0.015176830882053745,0.0,0.28453191345518486,10,,
2007-09-30,NLS6,0.0199446140353102,0.019799439453347834,0.0031289219234786,0.14233575035800167,0.0,0.06534846373190935,10,,
2007-09-30,NLS7,0.019754985508024278,0.019613579788551938,0.0031289219234786,0.13866636739403446,0.0,0.058553403356025824,10,,
2007-09-30,NLS8,0.020171592267025664,0.02002275100369255,0.0031289219234786,0.14589826305806164,0.0,0.07271688151282053,10,,
2007-09-30,CRE,0.014172554499332218,0.01416052902915288,0.0031289219234786,0.01185742024479696,0.0,0.4671027427798091,10,,
2007-09-30,SRE_STAR,0.013759550187458286,0.013749461956287679,0.0031289219234786,0.00995130568083236,0.0,0.17934371366096258,10,,
2007-09-30,GS_STAR,0.012707567505626112,0.012616798469169632,0.0031289219234786,0.08963005646347638,0.0,0.2993932514628502,10,,
2007-09-30,ID_KAPPA,0.016693802835074982,0.01665192507658375,0.0031289219234786,0.041190138441400556,0.0,0.057668918021623335,10,0.03415791554253145,74.80558520555789
2007-09-30,EW,0.05481890746576835,0.05479642125147044,0.0031289219234786,0.02131760640489093,0.0,,10,,
2007-10-31,AIQ,0.011202644759181564,0.011138149113110618,0.0032254927088173,0.06378112874311405,0.0,0.04992380590534445,10,,
2007-10-31,HC,0.012301983530211225,0.012005643998374005,0.0032254927088173,0.2927382704553698,0.0,0.03909725214157966,10,,
2007-10-31,LS1,0.019271880025288218,0.019089364682513876,0.0032254927088173,0.17906443447620096,0.0,0.34070655512169673,10,,
2007-10-31,LS2,0.018088482359694437,0.017904110156152786,0.0032254927088173,0.18109644371407863,0.0,0.2999708037473615,10,,
2007-10-31,LS3,0.009594056066545982,0.009493136398817326,0.0032254927088173,0.09996063974634259,0.0,0.3003466666507403,10,,
2007-10-31,LS4,0.011890626130232325,0.011726398355143886,0.0032254927088173,0.1622979508334691,0.0,0.3203886126197342,10,,
2007-10-31,LS5,0.008476823148925651,0.0083837355415326,0.0032254927088173,0.0923051529358223,0.0,0.31820196853844784,10,,
2007-10-31,NLS6,0.015010768318923826,0.014922639086459633,0.0032254927088173,0.08682590886221285,0.0,0.10912031448744276,10,,
2007-10-31,NLS7,0.014730778712617784,0.01462152315062304,0.0032254927088173,0.10766950632316326,0.0,0.10045535327148346,10,,
2007-10-31,NLS8,0.015303709995226853,0.015226703894073434,0.0032254927088173,0.07584538537125034,0.0,0.11804577631519955,10,,
2007-10-31,CRE,0.009129805212857143,0.009027490538851435,0.0032254927088173,0.1013890120748543,0.0,0.47459143020896105,10,,
2007-10-31,SRE_STAR,0.009099098390143804,0.009006295909581574,0.0032254927088173,0.09196567582931459,0.0,0.19706040183699944,10,,
2007-10-31,GS_STAR,0.012213443433771728,0.01212857200501416,0.0032254927088173,0.08384736372356305,0.0,0.2948314295653892,10,,
2007-10-31,ID_KAPPA,0.01227631057043459,0.01197804650207468,0.0032254927088173,0.2946468916100055,0.0,0.04884448532488978,10,0.010143829024355922,89.36495885649244
2007-10-31,EW,0.04570744317376274,0.04567749209012617,0.0032254927088173,0.02864193406306864,0.0,,10,,
2007-11-30,AIQ,0.01223748899103924,0.012145740199330568,0.0025878471715479,0.09063959071514596,0.0,0.041070385290429966,10,,
2007-11-30,HC,0.007841050970474259,0.00774937824264188,0.0025878471715479,0.09095950968077098,0.0,0.03843457616859468,10,,
2007-11-30,LS1,-0.012632169100240509,-0.012695208163635563,0.0025878471715479,0.0638455714500583,0.0,0.29753679627897406,10,,
2007-11-30,LS2,-0.011115929256420071,-0.011170181380442012,0.0025878471715479,0.054861965752150806,0.0,0.2601197413651841,10,,
2007-11-30,LS3,0.010331313523350876,0.010310713076630007,0.0025878471715479,0.020389793372897307,0.0,0.28461608638317865,10,,
2007-11-30,LS4,0.006598213535637731,0.006564601470817166,0.0025878471715479,0.03339173899625235,0.0,0.28579847985608337,10,,
2007-11-30,LS5,0.008156047976853813,0.00815384363127114,0.0025878471715479,0.0021865122836908397,0.0,0.3125839069710639,10,,
2007-11-30,NLS6,0.0006049751354090541,0.00047960282475756344,0.0025878471715479,0.12529650937875475,0.0,0.10953342365165085,10,,
2007-11-30,NLS7,0.0010294605731924669,0.0008994919136176005,0.0025878471715479,0.1298349995616772,0.0,0.10198143210630436,10,,
2007-11-30,NLS8,0.00015473120664332923,3.2822840015267474e-05,0.0025878471715479,0.12188950651746579,0.0,0.11717622643695177,10,,
2007-11-30,CRE,0.008589768009320518,0.008577964578011077,0.0025878471715479,0.011702906061494267,0.0,0.48165175372912816,10,,
2007-11-30,SRE_STAR,0.008842118917193924,0.00883460279189574,0.0025878471715479,0.007450249307660269,0.0,0.22639566652798948,10,,
2007-11-30,GS_STAR,0.006340988251642505,0.006289885699087394,0.0025878471715479,0.050780553661045696,0.0,0.3135012737110982,10,,
2007-11-30,ID_KAPPA,0.007841050970474257,0.007755568420570125,0.0025878471715479,0.08481749162902497,0.0,0.03843457616859468,10,0.0,115.37054786848329
2007-11-30,EW,-0.043620154876109284,-0.04365066642132409,0.0025878471715479,0.031903166268554314,0.0,,10,,
2007-12-31,AIQ,0.0029601253575981122,0.002823017461378363,0.0027577835453318,0.13670323749988744,0.0,0.07094422351291584,10,,
2007-12-31,HC,0.0025745487980931934,0.002482748149869929,0.0027577835453318,0.09156490989456945,0.0,0.03192201666234129,10,,
2007-12-31,LS1,0.0027651379437836745,0.0026497125874160865,0.0027577835453318,0.11510706944228483,0.0,0.2389202882855733,10,,
2007-12-31,LS2,0.002894494928561898,0.002772288915310561,0.0027577835453318,0.1218533094650741,0.0,0.2034272066977683,10,,
2007-12-31,LS3,0.0023606179602626313,0.002318410770026036,0.0027577835453318,0.0421077898316255,0.0,0.2956865671303194,10,,
2007-12-31,LS4,0.0024581338778011195,0.0023875754337476796,0.0027577835453318,0.07038542725027562,0.0,0.24093110130514464,10,,
2007-12-31,LS5,0.0026361007634499818,0.0025941510186020533,0.0027577835453318,0.041839451836856834,0.0,0.2570626933195935,10,,
2007-12-31,NLS6,0.003481589281437016,0.0033730752870078096,0.0027577835453318,0.10813750405419817,0.0,0.099310750480521,10,,
2007-12-31,NLS7,0.003412259530626725,0.003294304943728843,0.0027577835453318,0.11755346397007971,0.0,0.09465355949776857,10,,
2007-12-31,NLS8,0.0035521968784054153,0.003454351733591432,0.0027577835453318,0.0974988098459716,0.0,0.10412463187451836,10,,
2007-12-31,CRE,0.0024832684626981153,0.0024422506242463005,0.0027577835453318,0.04091623246215845,0.0,0.4285625854758487,10,,
2007-12-31,SRE_STAR,0.0030831090853501507,0.0030784451142920055,0.0027577835453318,0.004649635724056373,0.0,0.1748706909802257,10,,
2007-12-31,GS_STAR,0.0017863538034907668,0.001741141560184678,0.0027577835453318,0.04513162226107441,0.0,0.2996717241701889,10,,
2007-12-31,ID_KAPPA,0.002692118740992436,0.0026352892019243512,0.0027577835453318,0.05667695796737425,0.0,0.07244563001313364,10,0.041859864647555416,67.23832426398077
2007-12-31,EW,0.004213888718078508,0.004187078230756702,0.0027577835453318,0.02669798498409677,0.0,,10,,
2008-01-31,AIQ,0.010825458972425591,0.010777102257175653,0.0016188417051281,0.047838837873069834,0.0,0.056126236369630045,10,,
2008-01-31,HC,0.007856535164619096,0.007828006771568807,0.0016188417051281,0.028306005919408565,0.0,0.04125688511750633,10,,
2008-01-31,LS1,-0.010084028647950537,-0.01009300015546244,0.0016188417051281,0.009062898035271577,0.0,0.24405636169380357,10,,
2008-01-31,LS2,-0.007675313940517581,-0.007685067505148413,0.0016188417051281,0.009829005332512866,0.0,0.20532792011001624,10,,
2008-01-31,LS3,0.011789897902613115,0.011763154405288523,0.0016188417051281,0.026431868295948565,0.0,0.313024898349061,10,,
2008-01-31,LS4,0.00809043553754133,0.008056460364939344,0.0016188417051281,0.033702504660564805,0.0,0.2573562532513929,10,,
2008-01-31,LS5,0.010719532320502666,0.01068606953371809,0.0016188417051281,0.03310788573338055,0.0,0.28598448628221623,10,,
2008-01-31,NLS6,0.0012528526039445027,0.001163700950148172,0.0016188417051281,0.08904009967570194,0.0,0.10693155527416622,10,,
2008-01-31,NLS7,0.0016802710196199687,0.0015747878317364794,0.0016188417051281,0.10530624485206652,0.0,0.10141642028205776,10,,
2008-01-31,NLS8,0.000819030506204688,0.0007464988486660662,0.0016188417051281,0.0724723005136215,0.0,0.1124443327379214,10,,
2008-01-31,CRE,0.00970554639652685,0.009667406793403499,0.0016188417051281,0.037772995562259104,0.0,0.424324739374013,10,,
2008-01-31,SRE_STAR,0.01099047356337426,0.010952819232093791,0.0016188417051281,0.037244991189459974,0.0,0.16804753446463638,10,,
2008-01-31,GS_STAR,0.00963907115624941,0.009553703045167783,0.0016188417051281,0.0845530977559241,0.0,0.30219290854111214,10,,
2008-01-31,ID_KAPPA,0.007940759439530468,0.007917970270410857,0.0016188417051281,0.02260963147496526,0.0,0.06261306176404635,10,0.022275181239927343,79.62656095955376
2008-01-31,EW,-0.036451721819614806,-0.036473071813845515,0.0016188417051281,0.022157679811343645,0.0,,10,,
2008-02-29,AIQ,-0.0015967372897349736,-0.0016539463097062779,0.0015287470679612,0.057300513838415286,0.0,0.0690417206952416,10,,
2008-02-29,HC,-0.0009419002865057109,-0.0010734768903355452,0.0015287470679612,0.13170065271223133,0.0,0.028654980011909865,10,,
2008-02-29,LS1,0.0019980177598887213,0.0017205132688848934,0.0015287470679612,0.27695113771200036,0.0,0.2916129412742697,10,,
2008-02-29,LS2,0.0017383502697206898,0.001448526806821615,0.0015287470679612,0.2893205224908783,0.0,0.2543615311631422,10,,
2008-02-29,LS3,-0.0014355233146363055,-0.0014810557104015798,0.0015287470679612,0.045597852545747206,0.0,0.388664731192749,10,,
2008-02-29,LS4,-0.0003400988215469297,-0.00042666027006665885,0.0015287470679612,0.08659089798203322,0.0,0.3384492589046975,10,,
2008-02-29,LS5,-0.001710319186497587,-0.0017874576189996771,0.0015287470679612,0.07727058987455586,0.0,0.3159830015521577,10,,
2008-02-29,NLS6,-0.0016654385223884862,-0.0019743728563752505,0.0015287470679612,0.3094497034436009,0.0,0.08515155140170633,10,,
2008-02-29,NLS7,-0.0017207788344094162,-0.0020486005606228375,0.0015287470679612,0.32838680728088,0.0,0.07846310897880938,10,,
2008-02-29,NLS8,-0.001602314310028726,-0.001892190336647781,0.0015287470679612,0.29034124454995225,0.0,0.0922921424713343,10,,
2008-02-29,CRE,-0.0009898904574232846,-0.0011237492716120734,0.0015287470679612,0.13399145104747728,0.0,0.400974217505078,10,,
2008-02-29,SRE_STAR,-0.0009613203249592162,-0.0010827915398540222,0.0015287470679612,0.12158810000662486,0.0,0.10124672420989195,10,,
2008-02-29,GS_STAR,-0.0033655149791219923,-0.0034749789595583946,0.0015287470679612,0.10983362715373428,0.0,0.2515471071133384,10,,
2008-02-29,ID_KAPPA,-0.0008351688003054537,-0.0009834415934698582,0.0015287470679612,0.14839672948301355,0.0,0.0782187620558436,10,0.05102592902009356,63.16790306378314
2008-02-29,EW,0.008134871500800611,0.008075579537708544,0.0015287470679612,0.05881352264280798,0.0,,10,,
2008-03-31,AIQ,0.0027753045771902077,0.0026937493501344445,0.0011427897418165,0.08132951288625898,0.0,0.045127521015253434,10,,
2008-03-31,HC,0.0005381288740920688,0.0004463887408243661,0.0011427897418165,0.09169079180509544,0.0,0.02736416681545057,10,,
2008-03-31,LS1,-0.007093829537415242,-0.007135202585294986,0.0011427897418165,0.04166863809550441,0.0,0.2617001451916985,10,,
2008-03-31,LS2,-0.006361727903530496,-0.006416371466948845,0.0011427897418165,0.054993416571043154,0.0,0.22222381493912038,10,,
2008-03-31,LS3,0.0016453448809039674,0.0015973753583793382,0.0011427897418165,0.04789072576415334,0.0,0.344423264059924,10,,
2008-03-31,LS4,0.0007701803321356983,0.0007325411705283447,0.0011427897418165,0.03761019497479333,0.0,0.3156458872377859,10,,
2008-03-31,LS5,0.0011759486944962832,0.001158653617126859,0.0011427897418165,0.01727476313433224,0.0,0.3283362477571835,10,,
2008-03-31,NLS6,-0.00035457047004408,-0.0004643293830272066,0.0011427897418165,0.10979784405631422,0.0,0.08838758964469252,10,,
2008-03-31,NLS7,-0.00019910560119269538,-0.00032170721985247397,0.0011427897418165,0.12262603418999353,0.0,0.08135353770265337,10,,
2008-03-31,NLS8,-0.000519629849522689,-0.0006171303024841146,0.0011427897418165,0.0975511434474271,0.0,0.09583221614510028,10,,
2008-03-31,CRE,9.081660316699985e-05,7.725065317965019e-05,0.0011427897418165,0.013564718085636848,0.0,0.40810754681488387,10,,
2008-03-31,SRE_STAR,0.0002140482811522029,0.0001762264375575473,0.0011427897418165,0.03781374962641843,0.0,0.10285299370214421,10,,
2008-03-31,GS_STAR,0.0026058689478700558,0.0025064354602712946,0.0011427897418165,0.09917505041448746,0.0,0.26114683467317623,10,,
2008-03-31,ID_KAPPA,0.0005834259762041594,0.0005023887832373841,0.0011427897418165,0.08098994133124096,0.0,0.0480502207082784,10,0.021268035977143395,103.14380301193908
2008-03-31,EW,-0.006379143134645771,-0.006422832600495809,0.0011427897418165,0.04396995649618628,0.0,,10,,
2008-04-30,AIQ,0.0024259281679145824,0.0023814917606315156,0.0011839269054372,0.044328868632126414,0.0,0.04722813699026193,10,,
2008-04-30,HC,0.005492315970303089,0.0053482182879802664,0.0011839269054372,0.1433105753610079,0.0,0.019800943556345655,10,,
2008-04-30,LS1,0.02151627142198337,0.02146660605793005,0.0011839269054372,0.048619258883002725,0.0,0.2777059992549167,10,,
2008-04-30,LS2,0.02117220143608648,0.021121338971266335,0.0011839269054372,0.04980792147359224,0.0,0.24076341720095823,10,,
2008-04-30,LS3,0.004752131835641009,0.004736808654355551,0.0011839269054372,0.015250707910704495,0.0,0.33448678439721125,10,,
2008-04-30,LS4,0.007296970017728033,0.007268126810796138,0.0011839269054372,0.028634263569117184,0.0,0.3118246263008526,10,,
2008-04-30,LS5,0.006725556116901759,0.0067103270723463115,0.0011839269054372,0.015127305016671812,0.0,0.32316742218715916,10,,
2008-04-30,NLS6,0.011646628937067208,0.011509839723827131,0.0011839269054372,0.1352144210510654,0.0,0.06455990769574761,10,,
2008-04-30,NLS7,0.011044371377345813,0.010907163728866909,0.0011839269054372,0.13570882976373994,0.0,0.058873164584541796,10,,
2008-04-30,NLS8,0.012290943147036505,0.012154128697642541,0.0011839269054372,0.1351532880148525,0.0,0.07063217282872172,10,,
2008-04-30,CRE,0.008338460154178159,0.008321486142651047,0.0011839269054372,0.01683364485021585,0.0,0.40686403808372,10,,
2008-04-30,SRE_STAR,0.008303856749221784,0.008279792547914333,0.0011839269054372,0.023866021285586167,0.0,0.09359087313725288,10,,
2008-04-30,GS_STAR,0.005330262583101768,0.0052884232046415125,0.0011839269054372,0.0416175460118368,0.0,0.2005138156003956,10,,
2008-04-30,ID_KAPPA,0.00560822544888441,0.005487051826554845,0.0011839269054372,0.12049784325854036,0.0,0.05037433203176214,10,0.031190999699940936,97.19067219505385
2008-04-30,EW,0.04276111359177705,0.04273630347220614,0.0011839269054372,0.023792716517389387,0.0,,10,,
2008-05-31,AIQ,-0.005303388314660293,-0.005385437559135342,0.0015615190697231,0.08248670349451251,0.0,0.05456204089898976,10,,
2008-05-31,HC,-0.0044518306988264415,-0.004555609439027775,0.0015615190697231,0.10424281154982622,0.0,0.019689931151948555,10,,
2008-05-31,LS1,0.004575386428356123,0.004446031093530589,0.0015615190697231,0.12876617979411037,0.0,0.26505228657296087,10,,
2008-05-31,LS2,0.003969337066142217,0.0038311272713746902,0.0015615190697231,0.13766336248022093,0.0,0.23465908185054538,10,,
2008-05-31,LS3,-0.005603977562397201,-0.005656757901060905,0.0015615190697231,0.0530777853820996,0.0,0.3421348836463589,10,,
2008-05-31,LS4,-0.004470719499216404,-0.004561379076558958,0.0015615190697231,0.09106671106339241,0.0,0.2947134590782524,10,,
2008-05-31,LS5,-0.004963093562028324,-0.005051265440188191,0.0015615190697231,0.08861166614968163,0.0,0.29422499154426446,10,,
2008-05-31,NLS6,-0.0017613879560641036,-0.0019539370383411248,0.0015615190697231,0.19288883434677243,0.0,0.06242790474760868,10,,
2008-05-31,NLS7,-0.002089280773739907,-0.002279891793239619,0.0015615190697231,0.19101009321497725,0.0,0.05685531685179284,10,,
2008-05-31,NLS8,-0.0014149004965301193,-0.0016101622665932736,0.0015615190697231,0.1955384374954006,0.0,0.06844795755840835,10,,
2008-05-31,CRE,-0.0030645414363715913,-0.0031788029039838683,0.0015615190697231,0.11461270298974419,0.0,0.3923027024490147,10,,
2008-05-31,SRE_STAR,-0.003937945488711602,-0.004096805990976171,0.0015615190697231,0.15948855951792973,0.0,0.10138123302373953,10,,
2008-05-31,GS_STAR,-0.00342935389585648,-0.0035211104639336632,0.0015615190697231,0.0920723166348982,0.0,0.16847814668574662,10,,
2008-05-31,ID_KAPPA,-0.004455553283657847,-0.004559282105625617,0.0015615190697231,0.10419305969695888,0.0,0.058178227657300165,10,0.039261349779441,88.11991253603748
2008-05-31,EW,0.023875999210120347,0.02385002116658086,0.0015615190697231,0.025372255585090056,0.0,,10,,
2008-06-30,AIQ,-0.010307782152464586,-0.010331104423199955,0.0015697102274137,0.023565175430033655,0.0,0.02782890932065468,10,,
2008-06-30,HC,-0.011646307936549262,-0.011725353082056467,0.0015697102274137,0.07997657735464948,0.0,0.021933648317196682,10,,
2008-06-30,LS1,-0.01792034109568128,-0.01793707895571517,0.0015697102274137,0.01704328145078456,0.0,0.283600223681998,10,,
2008-06-30,LS2,-0.017659113988128833,-0.017684140428677164,0.0015697102274137,0.025476329963207575,0.0,0.25264126434031414,10,,
2008-06-30,LS3,-0.007467127636124773,-0.007513333405540723,0.0015697102274137,0.04655338951727488,0.0,0.3748856200828922,10,,
2008-06-30,LS4,-0.01062479992062989,-0.010682632128385827,0.0015697102274137,0.05845326196903734,0.0,0.3029934933542769,10,,
2008-06-30,LS5,-0.007053196863123952,-0.007099154837086119,0.0015697102274137,0.04628442713843386,0.0,0.2860490924542248,10,,
2008-06-30,NLS6,-0.013446798911807353,-0.013537899431355749,0.0015697102274137,0.0923422269046806,0.0,0.07177206802475519,10,,
2008-06-30,NLS7,-0.013165531056966133,-0.013257284933719471,0.0015697102274137,0.09297798125303222,0.0,0.06607284628820773,10,,
2008-06-30,NLS8,-0.01372100410389407,-0.013818271693351702,0.0015697102274137,0.09862076538413243,0.0,0.07788313394580113,10,,
2008-06-30,CRE,-0.01009872173080689,-0.010132170766091297,0.0015697102274137,0.03379027385727342,0.0,0.39259228871149043,10,,
2008-06-30,SRE_STAR,-0.00851693455659618,-0.008547105427112567,0.0015697102274137,0.030430041185794433,0.0,0.10708602123586583,10,,
2008-06-30,GS_STAR,-0.009502274314738409,-0.009556186319365612,0.0015697102274137,0.05442920587222988,0.0,0.21089619148831926,10,,
2008-06-30,ID_KAPPA,-0.01167954188050086,-0.011755161199846209,0.0015697102274137,0.07651295561481031,0.0,0.03130403578376019,10,0.009580523295215393,168.48253896543156
2008-06-30,EW,-0.04418825603305144,-0.044211400202942897,0.0015697102274137,0.024214150995241518,0.0,,10,,
2008-07-31,AIQ,-0.0003506730820507106,-0.0004354938490056526,0.0013893343063426,0.08485052174887923,0.0,0.020603206139208404,10,,
2008-07-31,HC,3.078807416286115e-05,-9.63008767607132e-05,0.0013893343063426,0.1270850382199207,0.0,0.018435940995166114,10,,
2008-07-31,LS1,-0.011909747842756366,-0.012032801793879444,0.0013893343063426,0.12453715726307862,0.0,0.23260281410300349,10,,
2008-07-31,LS2,-0.011638997293078799,-0.01178032411203056,0.0013893343063426,0.14299109188312636,0.0,0.20305494144991706,10,,
2008-07-31,LS3,-0.0014921875243249288,-0.001550751421181218,0.0013893343063426,0.058651415767174225,0.0,0.296746636232406,10,,
2008-07-31,LS4,-0.0031637814531525143,-0.00323889906747854,0.0013893343063426,0.07535602431809543,0.0,0.25134663835998744,10,,
2008-07-31,LS5,-0.0037248382484169713,-0.0037755337574126857,0.0013893343063426,0.0508850475672393,0.0,0.24169799509293954,10,,
2008-07-31,NLS6,-0.0031192890882124308,-0.0032887969813963913,0.0013893343063426,0.1700382917720215,0.0,0.05777696143300046,10,,
2008-07-31,NLS7,-0.003276721772894847,-0.0034222761929812995,0.0013893343063426,0.14603292936565782,0.0,0.05436060630722854,10,,
2008-07-31,NLS8,-0.002954824285029628,-0.0031402967302247564,0.0013893343063426,0.18602210783696885,0.0,0.06133220275387119,10,,
2008-07-31,CRE,-0.004218824633652794,-0.004260550632654736,0.0013893343063426,0.04190277948027056,0.0,0.37547392987153677,10,,
2008-07-31,SRE_STAR,-0.004865385549228131,-0.004960603732089064,0.0013893343063426,0.09568372105460007,0.0,0.08105989409560431,10,,
2008-07-31,GS_STAR,0.0009345753627333796,0.0009233514212882987,0.0013893343063426,0.01121346162020673,0.0,0.21562945832381994,10,,
2008-07-31,ID_KAPPA,2.2093396320534255e-05,-0.00010820154866819642,0.0013893343063426,0.13029206639462326,0.0,0.022419459289918637,10,0.004058337566670117,243.77200246788604
2008-07-31,EW,-0.015220680331146687,-0.015280187715072113,0.0013893343063426,0.060427125891933525,0.0,,10,,
2008-08-31,AIQ,0.009877279492486098,0.009747266933366472,0.0014221565206407,0.12874094878650877,0.0,0.06272101567180492,10,,
2008-08-31,HC,0.010529301177247175,0.010512247994737045,0.0014221565206407,0.01687549533709279,0.0,0.018819068571718504,10,,
2008-08-31,LS1,-0.005527840822586798,-0.005657658173150004,0.0014221565206407,0.13053894909489472,0.0,0.2470874343952938,10,,
2008-08-31,LS2,-0.004300544531692728,-0.004431902149440781,0.0014221565206407,0.131924966943259,0.0,0.21363596232309828,10,,
2008-08-31,LS3,0.00980659657889152,0.009773717870935394,0.0014221565206407,0.03255941094825418,0.0,0.2865753707029783,10,,
2008-08-31,LS4,0.008993234760491634,0.008934010608038667,0.0014221565206407,0.05869628300043958,0.0,0.26219271171526753,10,,
2008-08-31,LS5,0.0066072443462725375,0.006588173519762819,0.0014221565206407,0.018945647984247728,0.0,0.2477870891221784,10,,
2008-08-31,NLS6,0.010435008155710591,0.010290925614976798,0.0014221565206407,0.1425945652820671,0.0,0.05824066375664918,10,,
2008-08-31,NLS7,0.010454711490976208,0.010312981034605206,0.0014221565206407,0.14026403633843038,0.0,0.05343968048227042,10,,
2008-08-31,NLS8,0.010415157660763981,0.010267876173754908,0.0014221565206407,0.14576333885380255,0.0,0.06340872214244314,10,,
2008-08-31,CRE,0.005382089997911736,0.005356709063029763,0.0014221565206407,0.025245063677357488,0.0,0.38450121461458175,10,,
2008-08-31,SRE_STAR,0.005316886435375989,0.005265543379022963,0.0014221565206407,0.051071514908360344,0.0,0.08714465099422784,10,,
2008-08-31,GS_STAR,0.009595723237996769,0.009564708468283056,0.0014221565206407,0.030719989199591142,0.0,0.2118364418987715,10,,
2008-08-31,ID_KAPPA,0.010345997827912002,0.010336300926231168,0.0014221565206407,0.009597604881350974,0.0,0.06344090099483402,10,0.045477680001547435,81.39874237544986
2008-08-31,EW,-0.01894289896933155,-0.018972319121692727,0.0014221565206407,0.029988216109201646,0.0,,10,,
2008-09-30,AIQ,-0.0232997836708876,-0.02339742745593032,0.0007634527638813,0.09997313751983113,0.0,0.07765375392343646,10,,
2008-09-30,HC,-0.024307079399848806,-0.024345231837705095,0.0007634527638813,0.03910291552888802,0.0,0.024614472976255,10,,
2008-09-30,LS1,-0.041002320944220294,-0.041064187059439594,0.0007634527638813,0.0645112251786103,0.0,0.22354017999473713,10,,
2008-09-30,LS2,-0.03984796628302293,-0.039914171220695516,0.0007634527638813,0.06895255683236275,0.0,0.1953276009745784,10,,
2008-09-30,LS3,-0.022013050083404834,-0.022058546480444252,0.0007634527638813,0.046520454126010476,0.0,0.26866197549699167,10,,
2008-09-30,LS4,-0.024309505566119164,-0.024375943565732805,0.0007634527638813,0.06809331441949912,0.0,0.2507263709339919,10,,
2008-09-30,LS5,-0.024615549736750415,-0.02464228481635855,0.0007634527638813,0.027409786572778577,0.0,0.20742384088342827,10,,
2008-09-30,NLS6,-0.02883839470936783,-0.028882401593563256,0.0007634527638813,0.045313657331318515,0.0,0.07510501290813239,10,,
2008-09-30,NLS7,-0.02858878365515797,-0.028632426637232644,0.0007634527638813,0.04492740184624875,0.0,0.0693756076142768,10,,
2008-09-30,NLS8,-0.029107177275795943,-0.029151603634171463,0.0007634527638813,0.04575825192618181,0.0,0.08104270162451489,10,,
2008-09-30,CRE,-0.02741025442719433,-0.02743411596251366,0.0007634527638813,0.024534019022835824,0.0,0.39248484016569174,10,,
2008-09-30,SRE_STAR,-0.026644603061307854,-0.02666823493588144,0.0007634527638813,0.024278772838641074,0.0,0.08794399530468312,10,,
2008-09-30,GS_STAR,-0.023825382805752093,-0.023885304307617594,0.0007634527638813,0.06138399914320842,0.0,0.2172784531506018,10,,
2008-09-30,ID_KAPPA,-0.023900757487708386,-0.023938293672922883,0.0007634527638813,0.03845529591625422,0.0,0.07988975982204471,10,0.05667019379962958,62.51130721659331
2008-09-30,EW,-0.0813000713676527,-0.08133912667539656,0.0007634527638813,0.04251149534973091,0.0,,10,,
2008-10-31,AIQ,-0.03570169657940292,-0.03579954582222178,0.0003825275061444,0.10147196409213599,0.0,0.03379557939217323,10,,
2008-10-31,HC,-0.03928205937672313,-0.039395692474522126,0.0003825275061444,0.11827935442245387,0.0,0.018170034718916716,10,,
2008-10-31,LS1,-0.10989082233728656,-0.11006108970932926,0.0003825275061444,0.1912881883656442,0.0,0.18836660626241689,10,,
2008-10-31,LS2,-0.10015409999314599,-0.10034398858053128,0.0003825275061444,0.2110234512196999,0.0,0.14781524390948947,10,,
2008-10-31,LS3,-0.02950783449932849,-0.02966143355097073,0.0003825275061444,0.15826923400568413,0.0,0.2397632806503821,10,,
2008-10-31,LS4,-0.03953660465832792,-0.03966615079086533,0.0003825275061444,0.1348787816024986,0.0,0.22438489434683034,10,,
2008-10-31,LS5,-0.03866744165874905,-0.03883860543860762,0.0003825275061444,0.1780484582296194,0.0,0.14333643931519655,10,,
2008-10-31,NLS6,-0.05638000190782194,-0.05648220431572715,0.0003825275061444,0.10830886173646888,0.0,0.056310290668020416,10,,
2008-10-31,NLS7,-0.05544091039549002,-0.05554112199661099,0.0003825275061444,0.10609352260102087,0.0,0.05190808484398233,10,,
2008-10-31,NLS8,-0.05735517128775678,-0.057459450576931914,0.0003825275061444,0.11062415662695582,0.0,0.060957454768970305,10,,
2008-10-31,CRE,-0.04359283841229621,-0.04375836064975813,0.0003825275061444,0.17306670642996538,0.0,0.377208801488029,10,,
2008-10-31,SRE_STAR,-0.04271997260275118,-0.042894771371962626,0.0003825275061444,0.18259941104864988,0.0,0.07595461632405329,10,,
2008-10-31,GS_STAR,-0.0467957508237023,-0.046926127806240725,0.0003825275061444,0.1367775926840799,0.0,0.1569021746867157,10,,
2008-10-31,ID_KAPPA,-0.03914728681333941,-0.03925302734630054,0.0003825275061444,0.11004863857895658,0.0,0.03597052264901082,10,0.01812990900618728,148.8159276195743
2008-10-31,EW,-0.1964724765844739,-0.19652114602469128,0.0003825275061444,0.06056972387270329,0.0,,10,,
2008-11-30,AIQ,0.028861949243770467,0.028730850674518527,8.332951413336787e-06,0.12742095219705524,0.0,0.032030822907312545,10,,
2008-11-30,HC,0.03254984863105026,0.032396943381937326,8.332951413336787e-06,0.1480851014753673,0.0,0.010208003125459691,10,,
2008-11-30,LS1,-0.0027732215003017533,-0.0030176626671991613,8.332951413336787e-06,0.24512094156267844,0.0,0.31883261886549397,10,,
2008-11-30,LS2,0.010423960174376494,0.010131162295847318,8.332951413336787e-06,0.28977725199482623,0.0,0.1429884355591345,10,,
2008-11-30,LS3,0.03254984863105026,0.03249626645017112,8.332951413336787e-06,0.051893069327610696,0.0,0.37135594409144035,10,,
2008-11-30,LS4,0.03254984863105026,0.03240737206053934,8.332951413336787e-06,0.1379851739843678,0.0,0.3809807329404841,10,,
2008-11-30,LS5,0.03254984863105026,0.03236479549976412,8.332951413336787e-06,0.1792195616817845,0.0,0.10235235147541415,10,,
2008-11-30,NLS6,0.030740740793701392,0.030439635068930215,8.332951413336787e-06,0.2921255683939734,0.0,0.029402209706875713,10,,
2008-11-30,NLS7,0.030589447449260513,0.030299212945853027,8.332951413336787e-06,0.2816199060893824,0.0,0.03130568538063088,10,,
2008-11-30,NLS8,0.03088193021980567,0.030569732468099575,8.332951413336787e-06,0.3028453041557014,0.0,0.0274010634086174,10,,
2008-11-30,CRE,0.03254984863105026,0.03229590959583861,8.332951413336787e-06,0.24593392323696942,0.0,0.28171615221575613,10,,
2008-11-30,SRE_STAR,0.03254984863105026,0.03230289232238115,8.332951413336787e-06,0.2391713184564449,0.0,0.07441979723335973,10,,
2008-11-30,GS_STAR,0.028242400376434367,0.028061942283261754,8.332951413336787e-06,0.1755015092807498,9.99999999710905e-07,2.890953095132081e-16,9,,
2008-11-30,ID_KAPPA,0.03254984863105026,0.03239825427444787,8.332951413336787e-06,0.1468155332195169,0.0,0.03940731142547378,10,0.029500448975356953,170.5873496003011
2008-11-30,EW,-0.07314408958478671,-0.07321293331077472,8.332951413336787e-06,0.0742766218723377,0.0,,10,,
2008-12-31,AIQ,0.037626259155564806,0.03751412118449027,9.162048384192544e-05,0.1080716395570139,0.0,0.030082984384484673,10,,
2008-12-31,HC,0.03767403601834281,0.03763267810091686,9.162048384192544e-05,0.039856367211947664,0.0,0.0103385594167414,10,,
2008-12-31,LS1,0.046857283870846755,0.04675617245907415,9.162048384192544e-05,0.096585669632692,0.0,0.27604986916295515,10,,
2008-12-31,LS2,0.043922792382188894,0.04384307561799172,9.162048384192544e-05,0.07636270112973496,0.0,0.13269468941753698,10,,
2008-12-31,LS3,0.0373091739192466,0.0373091739192466,9.162048384192544e-05,0.0,0.0,0.4338316954673275,10,,
2008-12-31,LS4,0.037640939423123645,0.03758343838612643,9.162048384192544e-05,0.05541515837744374,0.0,0.3154410898033995,10,,
2008-12-31,LS5,0.037771078893622766,0.03774765340907815,9.162048384192544e-05,0.02257288242176307,0.0,0.11367863304898101,10,,
2008-12-31,NLS6,0.03826836812133489,0.038180639588010656,9.162048384192544e-05,0.08449504580684712,0.0,0.029001181210167863,10,,
2008-12-31,NLS7,0.038252815607447296,0.03816861686940154,9.162048384192544e-05,0.08109656605790028,0.0,0.028292433451292606,10,,
2008-12-31,NLS8,0.038263320189402136,0.03817203369678812,9.162048384192544e-05,0.0879222937368798,0.0,0.029685225324335495,10,,
2008-12-31,CRE,0.037441512710465384,0.03743480328758042,9.162048384192544e-05,0.006467278205987158,0.0,0.30178600135158895,10,,
2008-12-31,SRE_STAR,0.0379886228708785,0.037954157432537716,9.162048384192544e-05,0.033204061760735676,0.0,0.078722825219313,10,,
2008-12-31,GS_STAR,0.03990941808094524,0.039839346277853904,9.162048384192544e-05,0.06738260263152629,0.0,0.11966755749729036,10,,
2008-12-31,ID_KAPPA,0.037679341933434966,0.03763738236437164,9.162048384192544e-05,0.04043596838409581,0.0,0.0343999170906392,10,0.024312716134233674,188.45874319055685
2008-12-31,EW,0.04703395035370893,0.046960489436886466,9.162048384192544e-05,0.07016096927684916,0.0,,10,,
2009-01-31,AIQ,-0.014749593536320037,-0.014821584127198695,0.0001997803367441,0.0730683188826523,0.0,0.02195597137215556,10,,
2009-01-31,HC,-0.009280537743998495,-0.0093207070429413,0.0001997803367441,0.040545583763161995,0.0,0.009828457637388857,10,,
2009-01-31,LS1,-0.007593753341979897,-0.0077181156459070754,0.0001997803367441,0.12531390682596144,0.0,0.29716486832108013,10,,
2009-01-31,LS2,-0.0084211199800154,-0.008619765547787872,0.0001997803367441,0.2003325925705084,0.0,0.15442312954581325,10,,
2009-01-31,LS3,-0.008823327143937743,-0.008823327143937743,0.0001997803367441,0.0,0.0,0.4304144486986868,10,,
2009-01-31,LS4,-0.009939494421803094,-0.009986573462239967,0.0001997803367441,0.04755168009594832,0.0,0.3216973606754708,10,,
2009-01-31,LS5,-0.008216018833183134,-0.008219449032817017,0.0001997803367441,0.0034586156854927354,0.0,0.11555929446342271,10,,
2009-01-31,NLS6,-0.010793105889512657,-0.010882191265585317,0.0001997803367441,0.09005737485553487,0.0,0.03328839910389184,10,,
2009-01-31,NLS7,-0.010303354445295919,-0.010399913899565516,0.0001997803367441,0.09756469793374133,0.0,0.03113600279266347,10,,
2009-01-31,NLS8,-0.011279168867992623,-0.011365340710567384,0.0001997803367441,0.08715487715186292,0.0,0.03557236613013601,10,,
2009-01-31,CRE,-0.008823327143937743,-0.008829989415779393,0.0001997803367441,0.006721578527908941,0.0,0.3081481018726727,10,,
2009-01-31,SRE_STAR,-0.007902735094440784,-0.007906884885827026,0.0001997803367441,0.004182847320479103,0.0,0.0867355863394172,10,,
2009-01-31,GS_STAR,-0.014231327960374943,-0.014302609097496366,0.0001997803367441,0.07231020739774217,0.0,0.19111097779727093,10,,
2009-01-31,ID_KAPPA,-0.00928660591482886,-0.009327358907677663,0.0001997803367441,0.041134997358602224,0.0,0.025116239205032708,10,0.015439528317655032,257.4966598313635
2009-01-31,EW,-0.04953220813350126,-0.0495735431730735,0.0001997803367441,0.04348915336845169,0.0,,10,,
2009-02-28,AIQ,-0.01106049082706933,-0.011066315645540059,0.0002164089003005,0.005889964367697273,0.0,0.03040340940627159,10,,
2009-02-28,HC,-0.0037199792097334927,-0.003725709128793886,0.0002164089003005,0.005751313828140618,0.0,0.009783746294339797,10,,
2009-02-28,LS1,-0.026609423175804697,-0.026660331120644254,0.0002164089003005,0.05229960722001505,0.0,0.2827389882634645,10,,
2009-02-28,LS2,-0.019899973680733967,-0.01992145991356986,0.0002164089003005,0.021922489806065117,0.0,0.14937906922565883,10,,
2009-02-28,LS3,-0.0037744489235188583,-0.0037744489235188583,0.0002164089003005,0.0,0.0,0.44104787764084663,10,,
2009-02-28,LS4,-0.004196969478712146,-0.004214085236502907,0.0002164089003005,0.017187894860825403,0.0,0.30320786201091154,10,,
2009-02-28,LS5,-0.0036557980586362673,-0.0036647209411496684,0.0002164089003005,0.008955622460580851,0.0,0.12271216342000926,10,,
2009-02-28,NLS6,-0.004524633952667227,-0.0045415496722175375,0.0002164089003005,0.016992604867158437,0.0,0.03228271866763957,10,,
2009-02-28,NLS7,-0.004421551842966593,-0.004429227899784616,0.0002164089003005,0.007710147635560867,0.0,0.029622266006855164,10,,
2009-02-28,NLS8,-0.004634475139727247,-0.004660405292225889,0.0002164089003005,0.02605088467595317,0.0,0.03516366003948684,10,,
2009-02-28,CRE,-0.0037744489235188583,-0.0037744489235188583,0.0002164089003005,0.0,0.0,0.31996824226055576,10,,
2009-02-28,SRE_STAR,-0.003574437587839836,-0.003585880865798474,0.0002164089003005,0.011484327972275244,0.0,0.08939420657217997,10,,
2009-02-28,GS_STAR,-0.009965747407533471,-0.009982207050655223,0.0002164089003005,0.016625326930535443,0.0,0.15412223382495158,10,,
2009-02-28,ID_KAPPA,-0.0037194908389292258,-0.0037259281271826428,0.0002164089003005,0.006461321077985855,0.0,0.03662060527831779,10,0.02710201825464592,170.40537050741443
2009-02-28,EW,-0.067622540918866,-0.06767904857879115,0.0002164089003005,0.060605991033702344,0.0,,10,,
2009-03-31,AIQ,0.017936283574043883,0.017810521881779007,0.0001748317881415,0.12354574082324914,0.0,0.04422208564124346,10,,
2009-03-31,HC,0.014575009867501355,0.01457250037677671,0.0001748317881415,0.0024734403075861913,0.0,0.010315855882937352,10,,
2009-03-31,LS1,0.026888031976412596,0.02681551397401094,0.0001748317881415,0.07061919132709835,0.0,0.25729489982962783,10,,
2009-03-31,LS2,0.022543778814512493,0.02247741246676127,0.0001748317881415,0.06490318471080676,0.0,0.13623795061171115,10,,
2009-03-31,LS3,0.013901367153493105,0.013901367153493105,0.0001748317881415,0.0,0.0,0.4374406775123336,10,,
2009-03-31,LS4,0.015034277352532245,0.015025663309398363,0.0001748317881415,0.008486455409584617,0.0,0.267608594860394,10,,
2009-03-31,LS5,0.013742295534343215,0.01373806173003822,0.0001748317881415,0.004176410833076784,0.0,0.11916144747072767,10,,
2009-03-31,NLS6,0.017297302692744935,0.017293043053400403,0.0001748317881415,0.004187211873384233,0.0,0.0349325823318287,10,,
2009-03-31,NLS7,0.016973145831745078,0.01697022564044004,0.0001748317881415,0.002871453702639609,0.0,0.03247511912623582,10,,
2009-03-31,NLS8,0.017641096101041844,0.017635391456793714,0.0001748317881415,0.0056057526273358554,0.0,0.03755802507054565,10,,
2009-03-31,CRE,0.013901367153493105,0.013901367153493105,0.0001748317881415,0.0,0.0,0.31900969807994806,10,,
2009-03-31,SRE_STAR,0.013610665287030024,0.013604725398884021,0.0001748317881415,0.005860127906497442,0.0,0.08932282431245267,10,,
2009-03-31,GS_STAR,0.01994428679537723,0.019930981619389332,0.0001748317881415,0.013045002712430968,0.0,0.0932409923212539,10,,
2009-03-31,ID_KAPPA,0.014588609994219844,0.014586370873957533,0.0001748317881415,0.0022069243043616165,0.0,0.052118559389905984,10,0.04223842905380954,118.43047723860465
2009-03-31,EW,0.06081341341541071,0.06075062196472669,0.0001748317881415,0.05919179555048808,0.0,,10,,
2009-04-30,AIQ,0.01075909051783561,0.010750420576281838,0.0001165918724463,0.008577653800170755,0.0,0.049896408194292016,10,,
2009-04-30,HC,0.004950156608093815,0.004944737701779278,0.0001165918724463,0.005392214010665374,0.0,0.014511549105093452,10,,
2009-04-30,LS1,0.03223380561598626,0.03212149458535141,0.0001165918724463,0.10880386790653948,0.0,0.22081584170731464,10,,
2009-04-30,LS2,0.023519224652817017,0.023415752774745835,0.0001165918724463,0.10109422039070032,0.0,0.12158579455661771,10,,
2009-04-30,LS3,0.004780909334450634,0.004780909334450634,0.0001165918724463,0.0,0.0,0.3711691791848757,10,,
2009-04-30,LS4,0.00497975042708202,0.0049671539040549995,0.0001165918724463,0.012534106305848305,0.0,0.236797016624065,10,,
2009-04-30,LS5,0.004454904726518094,0.004446000561453944,0.0001165918724463,0.008864673787020659,0.0,0.10804008419123809,10,,
2009-04-30,NLS6,0.005750914427729507,0.005716728520245518,0.0001165918724463,0.03399043142140647,0.0,0.04590481683083066,10,,
2009-04-30,NLS7,0.005433534880048882,0.005400586442670718,0.0001165918724463,0.032770378384220554,0.0,0.04340313533192772,10,,
2009-04-30,NLS8,0.006090368462364142,0.006054893570028863,0.0001165918724463,0.035260145059688684,0.0,0.048308954991513095,10,,
2009-04-30,CRE,0.004780909334450634,0.004780909334450634,0.0001165918724463,0.0,0.0,0.30988349243058644,10,,
2009-04-30,SRE_STAR,0.004266974368347212,0.004254958310102586,0.0001165918724463,0.011965003879777392,0.0,0.08211462560814169,10,,
2009-04-30,GS_STAR,0.00750412145834755,0.00736415272531965,0.0001165918724463,0.13892621384535056,0.0,0.13583712174218035,10,,
2009-04-30,ID_KAPPA,0.00495604280578771,0.004950832133390426,0.0001165918724463,0.005184975437091928,0.0,0.058586937953499334,10,0.04472440931030909,106.93536679396996
2009-04-30,EW,0.10824346482926542,0.10820516233753441,0.0001165918724463,0.034561441548251276,0.0,,10,,
2009-05-31,AIQ,0.007506875905962254,0.007397121487989988,0.0001165918724463,0.10893664410326476,0.0,0.03654981301585052,10,,
2009-05-31,HC,0.00920797326578157,0.009205156595259556,0.0001165918724463,0.0027909713325202107,0.0,0.01134402731625281,10,,
2009-05-31,LS1,0.03402155503048636,0.03389409271913513,0.0001165918724463,0.12326852446259626,0.0,0.19203293644915817,10,,
2009-05-31,LS2,0.02436921001457398,0.024270333451972714,0.0001165918724463,0.09652434067183241,0.0,0.10540758522115776,10,,
2009-05-31,LS3,0.007253460946846646,0.007253460946846646,0.0001165918724463,0.0,0.0,0.2647907324890142,10,,
2009-05-31,LS4,0.009572013596450341,0.009568924783568633,0.0001165918724463,0.0030595270472884486,0.0,0.19941385614136836,10,,
2009-05-31,LS5,0.009010492544840367,0.008989605249465571,0.0001165918724463,0.020700771230053393,0.0,0.08801603364826856,10,,
2009-05-31,NLS6,0.014091186501035212,0.014085923031996517,0.0001165918724463,0.005190331114744939,0.0,0.035981978148356714,10,,
2009-05-31,NLS7,0.013688023019291277,0.013682649335102548,0.0001165918724463,0.0053011223046738306,0.0,0.034673469659231085,10,,
2009-05-31,NLS8,0.014507301667775505,0.014501061159654327,0.0001165918724463,0.006151269794498606,0.0,0.037312573057248305,10,,
2009-05-31,CRE,0.008313639183168131,0.008291176273332646,0.0001165918724463,0.022277701067049252,0.0,0.29962121416320125,10,,
2009-05-31,SRE_STAR,0.009571968709819613,0.009548603079614804,0.0001165918724463,0.02314409564548797,0.0,0.06409838789054613,10,,
2009-05-31,GS_STAR,0.011656287520984162,0.011642106885176418,0.0001165918724463,0.014017246749587337,0.0,0.07323842171748282,10,,
2009-05-31,ID_KAPPA,0.009262227514986517,0.009259176946641023,0.0001165918724463,0.0030225725905246303,0.0,0.03928582144787786,10,0.028262403610201974,164.03758441638212
2009-05-31,EW,0.07985152139262795,0.0797837574719602,0.0001165918724463,0.06275299828282772,0.0,,10,,
2009-06-30,AIQ,0.00577535527747674,0.005774537768107324,0.0001581956185308,0.0008128150736337117,0.0,0.04976939521438586,10,,
2009-06-30,HC,0.005763548377391205,0.005754956098241948,0.0001581956185308,0.00854304091970744,0.0,0.010867607771851836,10,,
2009-06-30,LS1,0.0002870989240095648,0.00020919983150169408,0.0001581956185308,0.07787673418133353,0.0,0.18420935484322848,10,,
2009-06-30,LS2,0.003010949334905019,0.0029418536441849774,0.0001581956185308,0.06888827162439198,0.0,0.10734129087317602,10,,
2009-06-30,LS3,0.005687679860998163,0.005687679860998163,0.0001581956185308,0.0,0.0,0.2678094533686802,10,,
2009-06-30,LS4,0.00578097756773899,0.005771427597083489,0.0001581956185308,0.009495079812305093,0.0,0.19362570183578548,10,,
2009-06-30,LS5,0.00463523820934928,0.004630259497262257,0.0001581956185308,0.004955741046759089,0.0,0.08729160036115576,10,,
2009-06-30,NLS6,0.0065455955412400514,0.006505049129128304,0.0001581956185308,0.040282737604258656,0.0,0.030296031623310488,10,,
2009-06-30,NLS7,0.006669383524868406,0.006612621898449467,0.0001581956185308,0.05638556943109207,0.0,0.029055915464708426,10,,
2009-06-30,NLS8,0.006440904705799517,0.006415143868634177,0.0001581956185308,0.0255959759235187,0.0,0.03149161880310705,10,,
2009-06-30,CRE,0.0051735415079972044,0.005166433277327354,0.0001581956185308,0.007071645219696514,0.0,0.30144726558415286,10,,
2009-06-30,SRE_STAR,0.004311702471314075,0.004304733023502205,0.0001581956185308,0.006939526637894888,0.0,0.06785502290689381,10,,
2009-06-30,GS_STAR,0.005714992477841676,0.005695217246768802,0.0001581956185308,0.01966285798743265,0.0,0.07786741399319173,10,,
2009-06-30,ID_KAPPA,0.00576777677833417,0.005759354533068084,0.0001581956185308,0.008373946213588435,0.0,0.05509214337797264,10,0.04471043103390749,115.04829751784526
2009-06-30,EW,-0.002112712927685345,-0.002162889756805897,0.0001581956185308,0.05028306279743078,0.0,,10,,
2009-07-31,AIQ,0.01705191085357243,0.017051892557210957,0.0001498763921259,1.79896044370121e-05,0.0,0.04126065660170041,10,,
2009-07-31,HC,0.016128205431309467,0.016124223461082554,0.0001498763921259,0.003918767538992389,0.0,0.010915350942697025,10,,
2009-07-31,LS1,0.03307556768164783,0.03299667433129261,0.0001498763921259,0.07636745347905832,0.0,0.19829359136674288,10,,
2009-07-31,LS2,0.027224144289673947,0.02714185493545429,0.0001498763921259,0.0801084696820505,0.0,0.11234815784020032,10,,
2009-07-31,LS3,0.016129685369903113,0.016129685369903113,0.0001498763921259,0.0,0.0,0.263509583640006,10,,
2009-07-31,LS4,0.016127971982723557,0.01612443141914266,0.0001498763921259,0.0034843677948424804,0.0,0.20243898375028446,10,,
2009-07-31,LS5,0.016404635948583456,0.01639726493764604,0.0001498763921259,0.007252043799048157,0.0,0.08954759685807356,10,,
2009-07-31,NLS6,0.017558414323579522,0.017543695066391418,0.0001498763921259,0.014465269984603468,0.0,0.02935362506811672,10,,
2009-07-31,NLS7,0.0176542544388173,0.01763583083937248,0.0001498763921259,0.018103987051126993,0.0,0.028917109150642648,10,,
2009-07-31,NLS8,0.01754176296292628,0.017535904357485865,0.0001498763921259,0.005757606865542934,0.0,0.029628276072987958,10,,
2009-07-31,CRE,0.016352901180707466,0.01633595759063944,0.0001498763921259,0.01667097132146652,0.0,0.3031442819874824,10,,
2009-07-31,SRE_STAR,0.016492075951139995,0.016482014946509915,0.0001498763921259,0.009897769857873641,0.0,0.06798330459746847,10,,
2009-07-31,GS_STAR,0.017300883543077756,0.017299620777037283,0.0001498763921259,0.001241290616116112,0.0,0.07787613844200114,10,,
2009-07-31,ID_KAPPA,0.016128160501155956,0.01612443467258884,0.0001498763921259,0.0036666915768775784,0.0,0.046880172359393776,10,0.03636172237732585,135.68688278949247
2009-07-31,EW,0.06812737145703927,0.06810475082307477,0.0001498763921259,0.021177843175781988,0.0,,10,,
2009-08-31,AIQ,0.010354400786376505,0.010329045920352442,0.0001249141447667,0.02509502210740998,0.0,0.05253350455194524,10,,
2009-08-31,HC,0.010239051034407214,0.010233077002017144,0.0001249141447667,0.005913483926285093,0.0,0.010387196265744584,10,,
2009-08-31,LS1,0.010963119900619205,0.010894691101462461,0.0001249141447667,0.06768674129629726,0.0,0.18184029039038435,10,,
2009-08-31,LS2,0.010342634156502455,0.010235001769196117,0.0001249141447667,0.10653058048596899,0.0,0.0994348332284808,10,,
2009-08-31,LS3,0.010354400786376505,0.010354400786376505,0.0001249141447667,0.0,0.0,0.24025256522216062,10,,
2009-08-31,LS4,0.010204796730891304,0.010199656590787143,0.0001249141447667,0.005088215895207457,0.0,0.18838559266506336,10,,
2009-08-31,LS5,0.010122109201754157,0.010115870597417587,0.0001249141447667,0.006176089286320498,0.0,0.08043811478738423,10,,
2009-08-31,NLS6,0.009833731325242241,0.00978912597826831,0.0001249141447667,0.044170981410482674,0.0,0.028081594267165867,10,,
2009-08-31,NLS7,0.009922164850145528,0.00988374857169605,0.0001249141447667,0.03803885070202777,0.0,0.027765085911561672,10,,
2009-08-31,NLS8,0.009750394262137023,0.009706305369758805,0.0001249141447667,0.04366315935990607,0.0,0.02821445210187482,10,,
2009-08-31,CRE,0.010202339492244843,0.0101917244829135,0.0001249141447667,0.010507805136049785,0.0,0.2956454063279597,10,,
2009-08-31,SRE_STAR,0.010036783378425408,0.010030305614499913,0.0001249141447667,0.006413394078318254,0.0,0.06160309282383362,10,,
2009-08-31,GS_STAR,0.010051850233080199,0.010008707336870648,0.0001249141447667,0.04271354604174862,0.0,0.07486108948476075,10,,
2009-08-31,ID_KAPPA,0.010229955915924297,0.010224419159519549,0.0001249141447667,0.005480689195971897,0.0,0.05751691894396517,10,0.047624406738047666,110.99342234586612
2009-08-31,EW,0.02730234929957866,0.02727352144271311,0.0001249141447667,0.028061706356855134,0.0,,10,,
2009-09-30,AIQ,0.010504657415381091,0.010504657415381091,0.0001165918724463,0.0,0.0,0.03625828254495616,10,,
2009-09-30,HC,0.010560470116668157,0.01056014281526041,0.0001165918724463,0.0003238810713780743,0.0,0.011260312084270302,10,,
2009-09-30,LS1,0.027811794930562794,0.02779071594622895,0.0001165918724463,0.02050860326548555,0.0,0.17755347801459714,10,,
2009-09-30,LS2,0.020497423695780188,0.020466493989661494,0.0001165918724463,0.03030846075717631,0.0,0.09651961497698443,10,,
2009-09-30,LS3,0.010504657415381091,0.010504657415381091,0.0001165918724463,0.0,0.0,0.2385441853969754,10,,
2009-09-30,LS4,0.010578532233735696,0.01057843256597768,0.0001165918724463,9.862445607487953e-05,0.0,0.18489946000873536,10,,
2009-09-30,LS5,0.011427348581466499,0.011424056924033588,0.0001165918724463,0.0032544674982705815,0.0,0.08206176524552294,10,,
2009-09-30,NLS6,0.01082524139366927,0.010802910631651175,0.0001165918724463,0.022091614953517524,0.0,0.03256002463466592,10,,
2009-09-30,NLS7,0.010818064178677953,0.010782132775147169,0.0001165918724463,0.03554685536804478,0.0,0.03175384607867262,10,,
2009-09-30,NLS8,0.010838674414463217,0.010829044354403239,0.0001165918724463,0.009526802153392189,0.0,0.033308262244462455,10,,
2009-09-30,CRE,0.011151439709643614,0.01114751487254595,0.0001165918724463,0.0038815522024199,0.0,0.29667223026706246,10,,
2009-09-30,SRE_STAR,0.011740678442520741,0.011737239329695504,0.0001165918724463,0.0033992038656253283,0.0,0.06317544155267164,10,,
2009-09-30,GS_STAR,0.01066144454328429,0.01066003557465156,0.0001165918724463,0.0013941054546208788,0.0,0.07589878228396926,10,,
2009-09-30,ID_KAPPA,0.010563453104071661,0.010562789844073439,0.0001165918724463,0.0006563269197159011,0.0,0.039842315729556266,10,0.028907511243467687,162.64356369484267
2009-09-30,EW,0.04850828467415895,0.048480225501895235,0.0001165918724463,0.026761040111690906,0.0,,10,,
2009-10-31,AIQ,0.004937516669810904,0.004937516669810904,4.165712110459907e-05,0.0,0.0,0.022892925230184102,10,,
2009-10-31,HC,0.005287713416600486,0.005285715669425928,4.165712110459907e-05,0.0019872392232143385,0.0,0.010310455352019526,10,,
2009-10-31,LS1,0.007870615938626802,0.007821312066901509,4.165712110459907e-05,0.04891885024292875,0.0,0.18132289027393406,10,,
2009-10-31,LS2,0.00785655680006896,0.007790010423087246,4.165712110459907e-05,0.06602762717839825,0.0,0.09541271932659298,10,,
2009-10-31,LS3,0.004937516669810904,0.004937516669810904,4.165712110459907e-05,0.0,0.0,0.2581498562115145,10,,
2009-10-31,LS4,0.005430588911696085,0.005428809772470178,4.165712110459907e-05,0.0017695296379205885,0.0,0.18860726431690514,10,,
2009-10-31,LS5,0.005320776643002888,0.005304735520071491,4.165712110459907e-05,0.015956223430307108,0.0,0.07355419015208574,10,,
2009-10-31,NLS6,0.006853143053584724,0.006838857033041101,4.165712110459907e-05,0.014188782785330981,0.0,0.03074431597924262,10,,
2009-10-31,NLS7,0.006778886332814612,0.006765110011504039,4.165712110459907e-05,0.013683561999204681,0.0,0.02986930982816091,10,,
2009-10-31,NLS8,0.0069301888177542926,0.006915209521251464,4.165712110459907e-05,0.01487620161657439,0.0,0.03160708871305469,10,,
2009-10-31,CRE,0.004937516669810904,0.004909666971288917,4.165712110459907e-05,0.027712865785123962,0.0,0.2863787362750897,10,,
2009-10-31,SRE_STAR,0.005439983835982943,0.005417832896356334,4.165712110459907e-05,0.02203109084842178,0.0,0.06081735029134724,10,,
2009-10-31,GS_STAR,0.006065897367881081,0.0060645222710657976,4.165712110459907e-05,0.0013668059109589459,0.0,0.06771694053152826,10,,
2009-10-31,ID_KAPPA,0.0052994955333577785,0.00529718797598,4.165712110459907e-05,0.0022953929531289354,0.0,0.02495682451798375,10,0.014798953111273914,268.4978271812812
2009-10-31,EW,-0.004241870528694645,-0.004259369537892299,4.165712110459907e-05,0.017573553938171838,0.0,,10,,
2009-11-30,AIQ,0.013046523615168707,0.013035754285221746,4.99862552685304e-05,0.010630637089043007,0.0,0.03657133464510539,10,,
2009-11-30,HC,0.013007971192000423,0.01300354795287939,4.99862552685304e-05,0.004366440587641764,0.0,0.0131422340094748,10,,
2009-11-30,LS1,0.036633233046101554,0.03660819079600519,4.99862552685304e-05,0.02415729044585421,0.0,0.17484898677841432,10,,
2009-11-30,LS2,0.023861056148608256,0.023832192235411,4.99862552685304e-05,0.028191240426660106,0.0,0.09377867066405846,10,,
2009-11-30,LS3,0.012946659761781554,0.012946659761781554,4.99862552685304e-05,0.0,0.0,0.25049610713069903,10,,
2009-11-30,LS4,0.013055051680637373,0.013051205387134779,4.99862552685304e-05,0.0037967270350072408,0.0,0.1883003278644647,10,,
2009-11-30,LS5,0.0143591964347067,0.014359034719566344,4.99862552685304e-05,0.00015942591234155597,0.0,0.07041761763000702,10,,
2009-11-30,NLS6,0.013477793443595537,0.01347479920138861,4.99862552685304e-05,0.002954423102442389,0.0,0.03220453672953229,10,,
2009-11-30,NLS7,0.013456114730597062,0.013453114747725037,4.99862552685304e-05,0.002960150744171594,0.0,0.03299073983136266,10,,
2009-11-30,NLS8,0.013500238498588906,0.01349724540905095,4.99862552685304e-05,0.0029532203588527248,0.0,0.03139760735594523,10,,
2009-11-30,CRE,0.012946659761781554,0.012946659761781554,4.99862552685304e-05,0.0,0.0,0.28205911356786106,10,,
2009-11-30,SRE_STAR,0.014749563055992426,0.0147489175683162,4.99862552685304e-05,0.0006361053996265659,0.0,0.05642417843444079,10,,
2009-11-30,GS_STAR,0.013267167842853167,0.013266201749875028,4.99862552685304e-05,0.0009534434833542785,0.0,0.11178960050747012,10,,
2009-11-30,ID_KAPPA,0.013014986844569967,0.013010948992651317,4.99862552685304e-05,0.003985974512749376,0.0,0.039131109349153786,10,0.026334975753667673,170.75145427813231
2009-11-30,EW,0.04598815244176486,0.045955507062098944,4.99862552685304e-05,0.031210085496408344,0.0,,10,,
2009-12-31,AIQ,-0.015325572797900741,-0.015330301582101247,4.99862552685304e-05,0.004802383478138011,0.0,0.007665567015274091,10,,
2009-12-31,HC,-0.015548907499015009,-0.01555130163749574,4.99862552685304e-05,0.002431952688145285,0.0,0.014209019818939237,10,,
2009-12-31,LS1,-0.012261081447509864,-0.012389299046597024,4.99862552685304e-05,0.1298092002642749,0.0,0.17549157916552227,10,,
2009-12-31,LS2,-0.012852098714422028,-0.012955143964470395,4.99862552685304e-05,0.10438684002081765,0.0,0.09551040440047512,10,,
2009-12-31,LS3,-0.01563139059304708,-0.01563139059304708,4.99862552685304e-05,0.0,0.0,0.2517811391959991,10,,
2009-12-31,LS4,-0.015442066558371284,-0.015444110126359933,4.99862552685304e-05,0.0020756198484632137,0.0,0.1880300065049595,10,,
2009-12-31,LS5,-0.015963731251521982,-0.01597851215472401,4.99862552685304e-05,0.015020689451716532,0.0,0.07304243215752772,10,,
2009-12-31,NLS6,-0.014656433402515138,-0.014664052282501117,4.99862552685304e-05,0.007732206556530983,0.0,0.03908282403166548,10,,
2009-12-31,NLS7,-0.014723688676887002,-0.014732380033543602,4.99862552685304e-05,0.008821237815987863,0.0,0.03712079573556161,10,,
2009-12-31,NLS8,-0.014586812971115783,-0.014593321823889283,4.99862552685304e-05,0.006605201614157646,0.0,0.0410096752076025,10,,
2009-12-31,CRE,-0.01563139059304708,-0.01563139059304708,4.99862552685304e-05,0.0,0.0,0.27994030157971755,10,,
2009-12-31,SRE_STAR,-0.016120563798193273,-0.016137064066520712,4.99862552685304e-05,0.01677062018000903,0.0,0.05879646732115251,10,,
2009-12-31,GS_STAR,-0.014958113227622277,-0.014958440075827584,4.99862552685304e-05,0.00033181147896083063,0.0,0.11213460094501072,10,,
2009-12-31,ID_KAPPA,-0.015548907499015007,-0.01555205039127483,4.99862552685304e-05,0.00319253265473453,0.0,0.014209019818939237,10,0.0,483.7276449823543
2009-12-31,EW,0.02429114157874037,0.024265481748476647,4.99862552685304e-05,0.025051305456122552,0.0,,10,,
2010-01-31,AIQ,0.01303593835382293,0.013001183618111645,6.66422347088691e-05,0.03430750518857502,0.0,0.038466067626528794,10,,
2010-01-31,HC,0.014903890098685507,0.014899818111941965,6.66422347088691e-05,0.004012189512063651,0.0,0.014470972448828522,10,,
2010-01-31,LS1,0.00370771200399607,0.0036990193709527386,6.66422347088691e-05,0.008660522320752304,0.0,0.17724799969479277,10,,
2010-01-31,LS2,0.010451919082415146,0.010439834132573322,6.66422347088691e-05,0.011959945459566891,0.0,0.0967970492277694,10,,
2010-01-31,LS3,0.015275848189360675,0.015275848189360675,6.66422347088691e-05,0.0,0.0,0.25192454300207356,10,,
2010-01-31,LS4,0.014656346733336123,0.014652365913103704,6.66422347088691e-05,0.003923318712935886,0.0,0.19097295706565715,10,,
2010-01-31,LS5,0.014998801308291496,0.014991552851896683,6.66422347088691e-05,0.007141344783366459,0.0,0.07404077568090975,10,,
2010-01-31,NLS6,0.012561550339621119,0.012551927266213792,6.66422347088691e-05,0.009503692298120748,0.0,0.04015172944406741,10,,
2010-01-31,NLS7,0.012704401621952478,0.012694429900714121,6.66422347088691e-05,0.009846625750125071,0.0,0.0377610449125517,10,,
2010-01-31,NLS8,0.01241581092047608,0.01240659690852386,6.66422347088691e-05,0.009101015465166257,0.0,0.04264811438293969,10,,
2010-01-31,CRE,0.015275848189360675,0.015275848189360675,6.66422347088691e-05,0.0,0.0,0.28432578801223635,10,,
2010-01-31,SRE_STAR,0.014906562486807332,0.014898531925937597,6.66422347088691e-05,0.007912611038993838,0.0,0.060130803156963654,10,,
2010-01-31,GS_STAR,0.013554988385348361,0.013551860155778028,6.66422347088691e-05,0.003086393541645048,0.0,0.07588542555619082,10,,
2010-01-31,ID_KAPPA,0.014862201052316235,0.014857174361468717,6.66422347088691e-05,0.004953077218140537,0.0,0.04405646073906785,10,0.03001990551587594,150.70562008924864
2010-01-31,EW,-0.03511926425317744,-0.035147954589814456,6.66422347088691e-05,0.02973459369028475,0.0,,10,,
2010-02-28,AIQ,0.004443055419668569,0.00442005148112079,0.0001082688382827,0.022902182880127638,0.0,0.04476232088890508,10,,
2010-02-28,HC,0.0037703962110620434,0.0037638948118410287,0.0001082688382827,0.00647697844607823,0.0,0.012507232228006841,10,,
2010-02-28,LS1,0.010467409998546614,0.010448143289792267,0.0001082688382827,0.01906712533607414,0.0,0.16681855116150396,10,,
2010-02-28,LS2,0.006375607083745207,0.006360025282795334,0.0001082688382827,0.015483086871766492,0.0,0.09170493621329223,10,,
2010-02-28,LS3,0.003734325743188549,0.003734325743188549,0.0001082688382827,0.0,0.0,0.24020408444694952,10,,
2010-02-28,LS4,0.003975132242492207,0.003970274335385993,0.0001082688382827,0.004838672742045407,0.0,0.17984554434256966,10,,
2010-02-28,LS5,0.00397260389585567,0.003970381127923028,0.0001082688382827,0.002213972695916975,0.0,0.07208761041685031,10,,
2010-02-28,NLS6,0.005512223959069778,0.005509721766217224,0.0001082688382827,0.0024884758164012005,0.0,0.03296317924220189,10,,
2010-02-28,NLS7,0.005439060419754498,0.005436006882793887,0.0001082688382827,0.003037018433983952,0.0,0.030862416229477118,10,,
2010-02-28,NLS8,0.005586174701330029,0.005584258865406699,0.0001082688382827,0.0019051931811945484,0.0,0.03516733627057525,10,,
2010-02-28,CRE,0.003734325743188549,0.003734325743188549,0.0001082688382827,0.0,0.0,0.2825809898871329,10,,
2010-02-28,SRE_STAR,0.004062656044995411,0.004060410244488999,0.0001082688382827,0.002236713508771637,0.0,0.0593708021980157,10,,
2010-02-28,GS_STAR,0.00495711347038263,0.004952177660473955,0.0001082688382827,0.004911463228074549,0.0,0.08458575590410412,10,,
2010-02-28,ID_KAPPA,0.0038165930146501987,0.0038107557974058626,0.0001082688382827,0.005815023665573786,0.0,0.05006790779584191,10,0.038036405727386265,132.11972780393282
2010-02-28,EW,0.026787359524158047,0.02676205384022401,0.0001082688382827,0.024645496167539638,0.0,,10,,
2010-03-31,AIQ,-0.0005723332378511353,-0.0005986807119156001,0.0001332356553898,0.02636256223505818,0.0,0.03177786508105947,10,,
2010-03-31,HC,-0.0012295264730428634,-0.0012307846480295037,0.0001332356553898,0.0012597238504122633,0.0,0.01112854386156699,10,,
2010-03-31,LS1,0.010200582204672392,0.010163531033023476,0.0001332356553898,0.036677044442122914,0.0,0.17824173187445805,10,,
2010-03-31,LS2,0.004340456660894037,0.004297370107271714,0.0001332356553898,0.0429003465275312,0.0,0.09339753053186597,10,,
2010-03-31,LS3,-0.0012295264730428634,-0.0012295264730428634,0.0001332356553898,0.0,0.0,0.26961807085020034,10,,
2010-03-31,LS4,-0.0011859974433139889,-0.0011910152491881876,0.0001332356553898,0.005023764045503084,0.0,0.1911432034649075,10,,
2010-03-31,LS5,-0.0012471525433938111,-0.001250262288292614,0.0001332356553898,0.0031136280679037766,0.0,0.07683753835458498,10,,
2010-03-31,NLS6,-0.00042420032206878945,-0.00044627696810839446,0.0001332356553898,0.022086014934301637,0.0,0.028821006714981633,10,,
2010-03-31,NLS7,-0.00042470929184779203,-0.000447120022221692,0.0001332356553898,0.022420252463409358,0.0,0.026967132505919308,10,,
2010-03-31,NLS8,-0.0004231005032522838,-0.00044482277352531074,0.0001332356553898,0.021731464866754122,0.0,0.03079591602658653,10,,
2010-03-31,CRE,-0.0012295264730428634,-0.0012295264730428634,0.0001332356553898,0.0,0.0,0.2779517237993697,10,,
2010-03-31,SRE_STAR,-0.0012528754706274327,-0.001257864800223718,0.0001332356553898,0.004995588446453645,0.0,0.06417495629693405,10,,
2010-03-31,GS_STAR,-0.0006758409325995358,-0.0006775239816073642,0.0001332356553898,0.0016841872505586484,0.0,0.07587684096753318,10,,
2010-03-31,ID_KAPPA,-0.0012295264730428634,-0.0012323959079511004,0.0001332356553898,0.002872967297601028,0.0,0.03646601316908502,10,0.02562261166528298,185.56062784069908
2010-03-31,EW,0.05054016767073509,0.05051807876866832,0.0001332356553898,0.021026232738553793,0.0,,10,,
2010-04-30,AIQ,0.011188620527778144,0.011183027838832738,0.0001332356553898,0.0055308068464928264,0.0,0.0196815624561109,10,,
2010-04-30,HC,0.01047811136117587,0.010472966704106135,0.0001332356553898,0.00509130975910878,0.0,0.010368664679174926,10,,
2010-04-30,LS1,0.018958314854264233,0.018933163089089655,0.0001332356553898,0.024683801886670166,0.0,0.17289702465667847,10,,
2010-04-30,LS2,0.014227138872721654,0.014170349601166699,0.0001332356553898,0.05599265625861387,0.0,0.08653369308318438,10,,
2010-04-30,LS3,0.010409623799257472,0.010409623799257472,0.0001332356553898,0.0,0.0,0.25999558761596,10,,
2010-04-30,LS4,0.010570628784496624,0.010562041433656466,0.0001332356553898,0.008497526640592092,0.0,0.18675004860024833,10,,
2010-04-30,LS5,0.010901398804624384,0.010894366440451275,0.0001332356553898,0.006956528284219689,0.0,0.07487741683134928,10,,
2010-04-30,NLS6,0.011255460795525836,0.011240887915111353,0.0001332356553898,0.014410681553000985,0.0,0.02615647640825882,10,,
2010-04-30,NLS7,0.011252158112919944,0.01123644873508245,0.0001332356553898,0.015534580283956165,0.0,0.024635032417399116,10,,
2010-04-30,NLS8,0.011260198537331479,0.011245036957031829,0.0001332356553898,0.014992758858249158,0.0,0.02776756410187308,10,,
2010-04-30,CRE,0.010409623799257472,0.010409623799257472,0.0001332356553898,0.0,0.0,0.2762571247195713,10,,
2010-04-30,SRE_STAR,0.011022383296140931,0.011014673646220885,0.0001332356553898,0.007625597659624079,0.0,0.06336632204961273,10,,
2010-04-30,GS_STAR,0.010981088326973807,0.010980093414057368,0.0001332356553898,0.0009841063575759554,0.0,0.09199385964081672,10,,
2010-04-30,ID_KAPPA,0.010485001544418547,0.010479339271110222,0.0001332356553898,0.005603520388351223,0.0,0.02342048212470789,10,0.01318856525627463,292.97671201342894
2010-04-30,EW,0.02805673361349688,0.028027096093688142,0.0001332356553898,0.02882868118032983,0.0,,10,,
2010-05-31,AIQ,0.003774979527529758,0.0037574340567154696,0.0001332356553898,0.017479486111975393,0.0,0.019624169369272172,10,,
2010-05-31,HC,0.008372440372144331,0.008367879109785203,0.0001332356553898,0.004523390541474853,0.0,0.010566864723830555,10,,
2010-05-31,LS1,-0.0034673457616717124,-0.0034800243590573654,0.0001332356553898,0.012722711425117196,0.0,0.17361290528065398,10,,
2010-05-31,LS2,0.0023757568523716578,0.0023629446069899362,0.0001332356553898,0.012781878745801783,0.0,0.08413095903986173,10,,
2010-05-31,LS3,0.008414872798434558,0.008414872798434558,0.0001332356553898,0.0,0.0,0.27420724375893013,10,,
2010-05-31,LS4,0.007888675697308192,0.007885081227589907,0.0001332356553898,0.003566336049847096,0.0,0.19242872327012167,10,,
2010-05-31,LS5,0.008691721855381817,0.008688995885277606,0.0001332356553898,0.002702480892014244,0.0,0.07199271189015438,10,,
2010-05-31,NLS6,0.00474671931372027,0.004742942967008945,0.0001332356553898,0.0037585061377152975,0.0,0.026949001468761623,10,,
2010-05-31,NLS7,0.004780311939255317,0.004777121046405819,0.0001332356553898,0.003175711955625597,0.0,0.02547592523585046,10,,
2010-05-31,NLS8,0.004708410147740987,0.004704102953277944,0.0001332356553898,0.004287009464235666,0.0,0.028495041274611447,10,,
2010-05-31,CRE,0.008414872798434558,0.008414872798434558,0.0001332356553898,0.0,0.0,0.27283368566579347,10,,
2010-05-31,SRE_STAR,0.00873316569093155,0.008732085000075163,0.0001332356553898,0.001071334712720664,0.0,0.06249038410353046,10,,
2010-05-31,GS_STAR,0.005831012486869508,0.005830235273408091,0.0001332356553898,0.0007727077924884092,0.0,0.09168318897275837,10,,
2010-05-31,ID_KAPPA,0.008337755954883947,0.008333244223609038,0.0001332356553898,0.004474424614381362,0.0,0.023508638899124964,10,0.013079988645905065,293.8355186229575
2010-05-31,EW,-0.06088667532370787,-0.06090668497812313,0.0001332356553898,0.021306964654274493,0.0,,10,,
2010-06-30,AIQ,0.015637513519878812,0.015633314518497254,0.0001498763921259,0.004134350420868814,0.0,0.011104251250379515,10,,
2010-06-30,HC,0.015665727109382133,0.015643155618939142,0.0001498763921259,0.022223345575673927,0.0,0.01019969785597985,10,,
2010-06-30,LS1,0.007047054112565527,0.006961097683106043,0.0001498763921259,0.0853549286585353,0.0,0.17397996129241755,10,,
2010-06-30,LS2,0.012418670823469877,0.012346221986976547,0.0001498763921259,0.07156015449055854,0.0,0.08185994778309187,10,,
2010-06-30,LS3,0.0156814383102859,0.0156814383102859,0.0001498763921259,0.0,0.0,0.27374963964493115,10,,
2010-06-30,LS4,0.015465373088960493,0.015443720421604024,0.0001498763921259,0.021322900741049432,0.0,0.19794534394499536,10,,
2010-06-30,LS5,0.015752000587759087,0.015751914113556476,0.0001498763921259,8.513318463423784e-05,0.0,0.06841822526500749,10,,
2010-06-30,NLS6,0.013298943161014327,0.013236606244232174,0.0001498763921259,0.06151878199727058,0.0,0.030931759493223923,10,,
2010-06-30,NLS7,0.013443712564895089,0.013385169654586804,0.0001498763921259,0.057766316552609984,0.0,0.028561592665210453,10,,
2010-06-30,NLS8,0.013146752249492253,0.013080427537319972,0.0001498763921259,0.06546407223346569,0.0,0.0334769683405499,10,,
2010-06-30,CRE,0.0156814383102859,0.0156814383102859,0.0001498763921259,0.0,0.0,0.2728147361804165,10,,
2010-06-30,SRE_STAR,0.015764077823072813,0.015763443245029096,0.0001498763921259,0.000624729755145487,0.0,0.06294599983311966,10,,
2010-06-30,GS_STAR,0.015633968411314057,0.015604661758618521,0.0001498763921259,0.028855526308698455,0.0,0.07848179803975457,10,,
2010-06-30,ID_KAPPA,0.015665690774263455,0.015643579566916532,0.0001498763921259,0.021770162709608135,0.0,0.013338151077993621,10,0.0031707943665155785,522.4578410863372
2010-06-30,EW,-0.020077752047266986,-0.02011785933686705,0.0001498763921259,0.04092905297721254,0.0,,10,,
2010-07-31,AIQ,0.012212108894039059,0.012183050618132185,0.0001249141447667,0.028707694416457374,0.0,0.006948037339629306,10,,
2010-07-31,HC,0.014946026025379136,0.014748277795261444,0.0001249141447667,0.19483620315449263,0.0,0.014081129237268125,10,,
2010-07-31,LS1,0.012908747126433738,0.012672805973586332,0.0001249141447667,0.23293426334488254,0.0,0.12924706141490533,10,,
2010-07-31,LS2,0.01336463645566477,0.012923840976753587,0.0001249141447667,0.43498210126313464,0.0,0.10077277066551592,10,,
2010-07-31,LS3,0.013713192095125604,0.013550736628825222,0.0001249141447667,0.1602578200295721,0.0,0.15223603599363328,10,,
2010-07-31,LS4,0.014881823050042542,0.01468882795425741,0.0001249141447667,0.19016509252774935,0.0,0.12931609862757268,10,,
2010-07-31,LS5,0.009587385013365899,0.009383797824731976,0.0001249141447667,0.20165385548193196,0.0,0.089986375849822,10,,
2010-07-31,NLS6,0.016822597801588738,0.01657187322678122,0.0001249141447667,0.24657651723086546,0.0,0.043275538622052204,10,,
2010-07-31,NLS7,0.01673501737889067,0.0164911521571669,0.0001249141447667,0.23985130595029466,0.0,0.039637762070821356,10,,
2010-07-31,NLS8,0.016916690987209652,0.016658684931281975,0.0001249141447667,0.25371405368232525,0.0,0.047221597288009905,10,,
2010-07-31,CRE,0.011196964796102995,0.010866959143928101,0.0001249141447667,0.3263515058528507,0.0,0.3310594615417225,10,,
2010-07-31,SRE_STAR,0.010343178769764207,0.010082334327649711,0.0001249141447667,0.25817410123179907,0.0,0.09579370126014347,10,,
2010-07-31,GS_STAR,0.015134871404839984,0.015004619246663076,0.0001249141447667,0.12831019980294833,0.0,0.21811758184826852,10,,
2010-07-31,ID_KAPPA,0.01494602602537915,0.014748331341092769,0.0001249141447667,0.1947834458354762,0.0,0.014081129237268125,10,0.0,443.2897137171906
2010-07-31,EW,0.05344369648720223,0.05340850698379196,0.0001249141447667,0.0334042564663764,0.0,,10,,
2010-08-31,AIQ,0.0128613245517748,0.01279988336568283,0.0001165918724463,0.06066100521628465,0.0,0.03649718034462082,10,,
2010-08-31,HC,0.009321547307423626,0.009221954068251215,0.0001165918724463,0.09867344994060498,0.0,0.014955149824535321,10,,
2010-08-31,LS1,0.007849673338795212,0.007810958980227767,0.0001165918724463,0.03841283039688568,0.0,0.129269759695977,10,,
2010-08-31,LS2,0.008212516361529403,0.008176967482029118,0.0001165918724463,0.035259311825183846,0.0,0.0980149209654348,10,,
2010-08-31,LS3,0.010798771475114521,0.010698755704112495,0.0001165918724463,0.09894726213022068,0.0,0.152856174466431,10,,
2010-08-31,LS4,0.009492717044043598,0.009406240118595699,0.0001165918724463,0.08566374376738599,0.0,0.13524182582374486,10,,
2010-08-31,LS5,0.014127123911871113,0.01404392273423194,0.0001165918724463,0.08204215790843654,0.0,0.08985328070321558,10,,
2010-08-31,NLS6,0.007365159049799532,0.007329576107479863,0.0001165918724463,0.035322784394579775,0.0,0.042635742444195074,10,,
2010-08-31,NLS7,0.007467038162281651,0.007423344419462241,0.0001165918724463,0.04336989813498611,0.0,0.0389661169417351,10,,
2010-08-31,NLS8,0.007254913866913212,0.007227237560377686,0.0001165918724463,0.027476963531657083,0.0,0.04662702839917421,10,,
2010-08-31,CRE,0.009481998759954608,0.009166313132756398,0.0001165918724463,0.31272041263332295,0.0,0.26488107560050683,10,,
2010-08-31,SRE_STAR,0.009281506036966184,0.0090111499476635,0.0001165918724463,0.2678698536391523,0.0,0.07879501082993057,10,,
2010-08-31,GS_STAR,0.009424880444650199,0.009346619574126303,0.0001165918724463,0.07753015805344382,0.0,0.16706153216656097,10,,
2010-08-31,ID_KAPPA,0.00935563482804365,0.009258800041326731,0.0001165918724463,0.09593723299862031,0.0,0.03799742928782515,10,0.02339211200300733,155.51790370836096
2010-08-31,EW,-0.022248250132737867,-0.02227860080633981,0.0001165918724463,0.031041287940376666,0.0,,10,,
2010-09-30,AIQ,0.001065693694344505,0.001065693694344505,0.0001332356553898,0.0,0.0,0.05657166458802031,10,,
2010-09-30,HC,0.0032427843917040775,0.0031302393251382288,0.0001332356553898,0.11218128683982982,0.0,0.009820198882506246,10,,
2010-09-30,LS1,0.021481652978556563,0.021374353807220192,0.0001332356553898,0.10504268091699023,0.0,0.12012151743483188,10,,
2010-09-30,LS2,0.017381866068564334,0.01727003181372644,0.0001332356553898,0.10992357792856482,0.0,0.08902667638427568,10,,
2010-09-30,LS3,0.0023246638187942536,0.0022378293259552873,0.0001332356553898,0.08663310000574746,0.0,0.12923166208512518,10,,
2010-09-30,LS4,0.0033416450039642715,0.003256586892575797,0.0001332356553898,0.08477482402135267,0.0,0.11639473158581215,10,,
2010-09-30,LS5,0.0031029498923735408,0.0030624582491649566,0.0001332356553898,0.04036638832838381,0.0,0.07474452495548714,10,,
2010-09-30,NLS6,0.00695269253264075,0.006861871750570403,0.0001332356553898,0.09019369305421278,0.0,0.030505740924701496,10,,
2010-09-30,NLS7,0.006498365830844696,0.0064056677913308935,0.0001332356553898,0.09209954299055091,0.0,0.027695476122666783,10,,
2010-09-30,NLS8,0.00744945481425825,0.007360606238159928,0.0001332356553898,0.08819159678305993,0.0,0.03358995282696425,10,,
2010-09-30,CRE,0.003645263620555698,0.0035158345724324302,0.0001332356553898,0.12895895872253135,0.0,0.3267988471340676,10,,
2010-09-30,SRE_STAR,0.003647004309621585,0.003511344522799442,0.0001332356553898,0.1351668328003159,0.0,0.06925683902342372,10,,
2010-09-30,GS_STAR,0.0042623081016786475,0.00422133184133866,0.0001332356553898,0.04080234816082593,0.0,0.2298016482204655,10,,
2010-09-30,ID_KAPPA,0.00328967042069128,0.0031839278013616745,0.0001332356553898,0.10539590154978504,0.0,0.05960600718199741,10,0.050279563613904905,99.78257780227861
2010-09-30,EW,0.07635498734005992,0.07632300526825819,0.0001332356553898,0.029713312223074453,0.0,,10,,
2010-10-31,AIQ,0.003654471473303862,0.003648098238475894,9.994504212973432e-05,0.006350028828764363,0.0,0.029766704291441546,10,,
2010-10-31,HC,0.0053998467416445355,0.005268910274872196,9.994504212973432e-05,0.1302332273041189,0.0,0.012369827906178386,10,,
2010-10-31,LS1,0.01635917306679549,0.016329350756049577,9.994504212973432e-05,0.029342295062843318,0.0,0.1454766459815454,10,,
2010-10-31,LS2,0.014458238214004483,0.014444127149709551,9.994504212973432e-05,0.013909950910956115,0.0,0.10803647132730805,10,,
2010-10-31,LS3,0.004408858209590635,0.0043194292758534925,9.994504212973432e-05,0.08903638494041759,0.0,0.15232937924898546,10,,
2010-10-31,LS4,0.005354321093169409,0.005232176861080129,9.994504212973432e-05,0.12149371572444827,0.0,0.13155306886749554,10,,
2010-10-31,LS5,0.005264881534059527,0.005225946150158256,9.994504212973432e-05,0.03873146731418984,0.0,0.07704019276770493,10,,
2010-10-31,NLS6,0.006434930957614406,0.006226735973992037,9.994504212973432e-05,0.20686382916408586,0.0,0.04129696725095392,10,,
2010-10-31,NLS7,0.006189649369561827,0.005988332039386313,9.994504212973432e-05,0.20007891186479035,0.0,0.03875902750122278,10,,
2010-10-31,NLS8,0.006743365462397861,0.006539881555411187,9.994504212973432e-05,0.20212093167683728,0.0,0.043766593183939814,10,,
2010-10-31,CRE,0.005788701080075186,0.005722519439612883,9.994504212973432e-05,0.06580073964951579,0.0,0.3235507587895579,10,,
2010-10-31,SRE_STAR,0.005672262677946707,0.00562881867753906,9.994504212973432e-05,0.04319896453337396,0.0,0.07579997134012223,10,,
2010-10-31,GS_STAR,0.00440344333890228,0.004336190989966626,9.994504212973432e-05,0.06695750535453514,0.0,0.15831283588632644,10,,
2010-10-31,ID_KAPPA,0.005392824773366878,0.005263973238726072,9.994504212973432e-05,0.12816038812465116,0.0,0.029324519428005416,10,0.01716704491305965,211.1700075175094
2010-10-31,EW,0.03523645848575778,0.035201730358549455,9.994504212973432e-05,0.03354608207989242,0.0,,10,,
2010-11-30,AIQ,-0.005187919579743721,-0.005216189389437131,0.0001415564044608,0.028417236028563872,0.0,0.0189911792718189,10,,
2010-11-30,HC,-0.00385558969356582,-0.0039305062172921845,0.0001415564044608,0.07520648909067265,0.0,0.01239054791542555,10,,
2010-11-30,LS1,-0.002536902514591517,-0.002647674358941976,0.0001415564044608,0.11105357644777908,0.0,0.17431956456733347,10,,
2010-11-30,LS2,-0.003112283975771205,-0.0032176047914403982,0.0001415564044608,0.1056496273112566,0.0,0.13213316670573938,10,,
2010-11-30,LS3,-0.005206506284517756,-0.005261350507047902,0.0001415564044608,0.055131263801485655,0.0,0.18528449365523314,10,,
2010-11-30,LS4,-0.0044896654049448766,-0.0045613172800234025,0.0001415564044608,0.07197501883057071,0.0,0.15685388174027243,10,,
2010-11-30,LS5,-0.005644573487286816,-0.0057007068835063235,0.0001415564044608,0.05645204392988276,0.0,0.09108077560281343,10,,
2010-11-30,NLS6,-0.0039058505958881867,-0.004014979791335249,0.0001415564044608,0.10955710914705907,0.0,0.0435391049586091,10,,
2010-11-30,NLS7,-0.003986733201571888,-0.0040760478144498125,0.0001415564044608,0.08967211166272278,0.0,0.04037129824201037,10,,
2010-11-30,NLS8,-0.003824957344379853,-0.003945700037894073,0.0001415564044608,0.12120630245102748,0.0,0.046864793450675665,10,,
2010-11-30,CRE,-0.005663033077852318,-0.005733367434364256,0.0001415564044608,0.0707349307645953,0.0,0.33390702183180904,10,,
2010-11-30,SRE_STAR,-0.0055709791227071025,-0.005630956718978286,0.0001415564044608,0.06031360208922758,0.0,0.09279762551346217,10,,
2010-11-30,GS_STAR,-0.005020588650203458,-0.005031305441043354,0.0001415564044608,0.010770866932149615,0.0,0.07471829528489092,10,,
2010-11-30,ID_KAPPA,-0.0038613428565160914,-0.0039358867569068146,0.0001415564044608,0.07483285570353246,0.0,0.018777858206690146,10,0.0064674454844296896,327.72223990058103
2010-11-30,EW,-0.004590685705651676,-0.004600363622258685,0.0001415564044608,0.009722549777291853,0.0,,10,,
2010-12-31,AIQ,-0.008840524340912922,-0.00885468969793235,9.994504212973432e-05,0.014291703169213086,0.0,0.023768247697481447,10,,
2010-12-31,HC,-0.005055547457857944,-0.005067325077654394,9.994504212973432e-05,0.01183746466082107,0.0,0.010857201921089726,10,,
2010-12-31,LS1,0.007828352124999256,0.007756252748945647,9.994504212973432e-05,0.07153934090224354,0.0,0.17775292055908692,10,,
2010-12-31,LS2,0.00599467610878187,0.0059192479780392215,9.994504212973432e-05,0.07497865797296044,0.0,0.13744127308020318,10,,
2010-12-31,LS3,-0.008184993607807061,-0.008217554915246006,9.994504212973432e-05,0.0328300209506015,0.0,0.19112517611760324,10,,
2010-12-31,LS4,-0.005400573516303779,-0.00543682995343997,9.994504212973432e-05,0.036453305894669844,0.0,0.15794120064561137,10,,
2010-12-31,LS5,-0.007861042227973097,-0.007868070990437293,9.994504212973432e-05,0.007084453653453398,0.0,0.08388685663952575,10,,
2010-12-31,NLS6,-0.002559192174966077,-0.0026673139377713095,9.994504212973432e-05,0.1083991771311784,0.0,0.029608247141246602,10,,
2010-12-31,NLS7,-0.002719599315658432,-0.002815258913739016,9.994504212973432e-05,0.09592046330694079,0.0,0.027054847664901238,10,,
2010-12-31,NLS8,-0.0023859156826916083,-0.002507385845102128,9.994504212973432e-05,0.12176067311002134,0.0,0.032383118017197725,10,,
2010-12-31,CRE,-0.005675170302453363,-0.005684343448346896,9.994504212973432e-05,0.009225502189581496,0.0,0.33270131428482835,10,,
2010-12-31,SRE_STAR,-0.006853347472592112,-0.006859898614291593,9.994504212973432e-05,0.006596348769621351,0.0,0.08737707488264952,10,,
2010-12-31,GS_STAR,-0.007504309809629943,-0.007534514345811316,9.994504212973432e-05,0.0304329141979101,0.0,0.06617470692777105,10,,
2010-12-31,ID_KAPPA,-0.0050776584011927705,-0.005089140076949161,9.994504212973432e-05,0.011540273322160378,0.0,0.023446581335669927,10,0.012727565159481296,261.0069931556909
2010-12-31,EW,0.05176472507495455,0.05174541425622681,9.994504212973432e-05,0.0183603977840716,0.0,,10,,
2011-01-31,AIQ,0.0010099490248927255,0.0009846591729363308,0.0001249141447667,0.025264336264722954,0.0,0.02266217287742955,10,,
2011-01-31,HC,0.0016909572348777135,0.0016646084432287989,0.0001249141447667,0.026304312181970702,0.0,0.012046103351571965,10,,
2011-01-31,LS1,0.00035208948544084115,0.00015220724541276098,0.0001249141447667,0.19981188836302416,0.0,0.14375683357525457,10,,
2011-01-31,LS2,0.0010302303120791206,0.0008598663448409205,0.0001249141447667,0.17018863374890142,0.0,0.11001967180577377,10,,
2011-01-31,LS3,0.0013166685095147054,0.0012893366653614624,0.0001249141447667,0.027295904495367087,0.0,0.1957771054146605,10,,
2011-01-31,LS4,0.0017715667867750327,0.0017382927015368033,0.0001249141447667,0.03321524221821067,0.0,0.13737636806030887,10,,
2011-01-31,LS5,0.002811160080401071,0.00267359208883744,0.0001249141447667,0.13718235001755275,0.0,0.0892954597335756,10,,
2011-01-31,NLS6,0.002234187034576927,0.002200632484176568,0.0001249141447667,0.03347975037624171,0.0,0.031570076890240564,10,,
2011-01-31,NLS7,0.002209023673980602,0.0021744289882714707,0.0001249141447667,0.034518433671969474,0.0,0.02930993231050926,10,,
2011-01-31,NLS8,0.0022604564318671923,0.0022281334122133956,0.0001249141447667,0.032250119663398476,0.0,0.0339937029509775,10,,
2011-01-31,CRE,0.003302454516075093,0.0031604856781504154,0.0001249141447667,0.14150153553970415,0.0,0.33622928245782996,10,,
2011-01-31,SRE_STAR,0.002986731703172322,0.002836541372739587,0.0001249141447667,0.14974308800461827,0.0,0.08108442428975439,10,,
2011-01-31,GS_STAR,0.0033317150760278614,0.003190709103267242,0.0001249141447667,0.14053774105018657,0.0,0.09826237246723066,10,,
2011-01-31,ID_KAPPA,0.0016993995422570068,0.0016730647920075725,0.0001249141447667,0.026290072911581076,0.0,0.02302742295752721,10,0.011115214630164827,262.78568761757407
2011-01-31,EW,0.008251657096172605,0.008226338569813585,0.0001249141447667,0.02511131638692629,0.0,,10,,
2011-02-28,AIQ,0.0047541753380637725,0.004739261312492582,0.0001249141447667,0.01484345717316135,0.0,0.01614068377498754,10,,
2011-02-28,HC,0.007346988193913434,0.007277936137391139,0.0001249141447667,0.06854843200163527,0.0,0.012992692127480155,10,,
2011-02-28,LS1,0.013597651892833811,0.013453482761875746,0.0001249141447667,0.1422350680160971,0.0,0.12808056481234342,10,,
2011-02-28,LS2,0.011592843870220951,0.011438037857767647,0.0001249141447667,0.1530319370993251,0.0,0.08663866373314534,10,,
2011-02-28,LS3,0.005869000221451199,0.005799111174831673,0.0001249141447667,0.0694812610827794,0.0,0.15477250991937788,10,,
2011-02-28,LS4,0.007180682886403868,0.007120151118827245,0.0001249141447667,0.06010020704837238,0.0,0.12523056174537378,10,,
2011-02-28,LS5,0.00554208745640293,0.005487423307674044,0.0001249141447667,0.05436286497672215,0.0,0.06970909025741855,10,,
2011-02-28,NLS6,0.009619779567171562,0.00944442579490734,0.0001249141447667,0.17368298027930132,0.0,0.03281082104380803,10,,
2011-02-28,NLS7,0.009556556220250338,0.009359084472423396,0.0001249141447667,0.19560246190295738,0.0,0.030621733096264852,10,,
2011-02-28,NLS8,0.009686231540419397,0.00953301880034818,0.0001249141447667,0.1517429229844728,0.0,0.03514814758733874,10,,
2011-02-28,CRE,0.00632779192422214,0.006249818256890638,0.0001249141447667,0.07748336869674549,0.0,0.3210952615994256,10,,
2011-02-28,SRE_STAR,0.006037535744813256,0.005969019946628906,0.0001249141447667,0.06810461414213603,0.0,0.06820499180752743,10,,
2011-02-28,GS_STAR,0.005847126909928898,0.005747227684896439,0.0001249141447667,0.09931849717501365,0.0,0.22993977527329257,10,,
2011-02-28,ID_KAPPA,0.007341332661421419,0.007272844394313527,0.0001249141447667,0.06798913624145207,0.0,0.016951379623413924,10,0.0040107985668979915,370.0164135272087
2011-02-28,EW,0.031192372555398414,0.031166727863118027,0.0001249141447667,0.024868970099963583,0.0,,10,,
2011-03-31,AIQ,0.0014537184621048577,0.0014374920031021698,7.496908027748717e-05,0.016202904541199922,0.0,0.050144521753037644,10,,
2011-03-31,HC,0.004248096941261204,0.004239179345499444,7.496908027748717e-05,0.00887987319969566,0.0,0.01734076516314031,10,,
2011-03-31,LS1,0.005932416699256608,0.005922243421531137,7.496908027748717e-05,0.010113281525428617,0.0,0.14215147495732244,10,,
2011-03-31,LS2,0.005173179657624031,0.005160252518283004,7.496908027748717e-05,0.01286060909955063,0.0,0.09259679135725231,10,,
2011-03-31,LS3,0.0031147026205926706,0.003106091506708486,7.496908027748717e-05,0.008584376105547895,0.0,0.16202177483392174,10,,
2011-03-31,LS4,0.004097405383523798,0.004088414513058636,7.496908027748717e-05,0.008954181553529297,0.0,0.1348209779692767,10,,
2011-03-31,LS5,0.0014120207593112703,0.0014013312445022574,7.496908027748717e-05,0.010674442275127772,0.0,0.06500242866431626,10,,
2011-03-31,NLS6,0.005207609092903424,0.0051365285272524375,7.496908027748717e-05,0.07071232351211998,0.0,0.052174291752529973,10,,
2011-03-31,NLS7,0.005169906542458774,0.0050662058756614226,7.496908027748717e-05,0.10316730149053502,0.0,0.04830950148684686,10,,
2011-03-31,NLS8,0.005289491290919535,0.005254938728454617,7.496908027748717e-05,0.03437075863651738,0.0,0.056330622874882615,10,,
2011-03-31,CRE,0.0017170423829685755,0.0017083599466529709,7.496908027748717e-05,0.008667553758518902,0.0,0.31968801510230255,10,,
2011-03-31,SRE_STAR,0.0017009562237257712,0.0016911240674495343,7.496908027748717e-05,0.00981546060751168,0.0,0.06770990104040016,10,,
2011-03-31,GS_STAR,0.002819942012551067,0.002805981457781881,7.496908027748717e-05,0.01392129751742195,0.0,0.21640261057191937,10,,
2011-03-31,ID_KAPPA,0.00420546371254297,0.004194896142263538,7.496908027748717e-05,0.010523314860713215,0.0,0.05090621473097308,10,0.03415777146123803,120.45057191834805
2011-03-31,EW,0.010475524878422703,0.01045804987840282,7.496908027748717e-05,0.01729383798976085,0.0,,10,,
2011-04-30,AIQ,0.013605122221130733,0.013542240710390008,3.3327223783574667e-05,0.06203748319938702,0.0,0.038605550941897805,10,,
2011-04-30,HC,0.01469786247099059,0.014654919906120556,3.3327223783574667e-05,0.04232054334417033,0.0,0.02017070712618289,10,,
2011-04-30,LS1,0.021915603991187596,0.021812794451277373,3.3327223783574667e-05,0.10060472656337947,0.0,0.16351947188392751,10,,
2011-04-30,LS2,0.019650180530830678,0.019517923666264148,3.3327223783574667e-05,0.12970807742886237,0.0,0.10973910401563108,10,,
2011-04-30,LS3,0.013978854974810507,0.013857768704417905,3.3327223783574667e-05,0.11941695805437896,0.0,0.18030538561194195,10,,
2011-04-30,LS4,0.014601049696629897,0.014512409982224472,3.3327223783574667e-05,0.08736410674118197,0.0,0.14822589054410887,10,,
2011-04-30,LS5,0.01503578001761605,0.014984976183934018,3.3327223783574667e-05,0.05005127374051058,0.0,0.07084376564972114,10,,
2011-04-30,NLS6,0.01534310479223368,0.015254943488373085,3.3327223783574667e-05,0.08682907624480067,0.0,0.06281377719893476,10,,
2011-04-30,NLS7,0.015227278451391496,0.015141819877772411,3.3327223783574667e-05,0.08417679019571771,0.0,0.05803490118933546,10,,
2011-04-30,NLS8,0.015840630886146668,0.015750580811113357,3.3327223783574667e-05,0.08864586855003785,0.0,0.0679547793760875,10,,
2011-04-30,CRE,0.01578795122529115,0.015750649680671414,3.3327223783574667e-05,0.036721782902436995,0.0,0.3249847428301421,10,,
2011-04-30,SRE_STAR,0.0153902072124671,0.015347563026045563,3.3327223783574667e-05,0.04199783109852216,0.0,0.07742521933626692,10,,
2011-04-30,GS_STAR,0.014329743055793511,0.014260308306596414,3.3327223783574667e-05,0.06845382349525622,0.0,0.26299943468578846,10,,
2011-04-30,ID_KAPPA,0.014701995838376447,0.014661786381010122,3.3327223783574667e-05,0.039626863385882435,0.0,0.04059142163659439,10,0.02084109411601487,151.69273200922476
2011-04-30,EW,0.038305712925259396,0.03828421948096716,3.3327223783574667e-05,0.020700496996715584,0.0,,10,,
2011-05-31,AIQ,0.010923734033854167,0.010912737281151053,4.99862552685304e-05,0.010877925142097955,0.0,0.056163179075610976,10,,
2011-05-31,HC,0.008662127385178145,0.008640839731659966,4.99862552685304e-05,0.021104840699545734,0.0,0.022931467752614114,10,,
2011-05-31,LS1,0.004384482769987119,0.004334689719296847,4.99862552685304e-05,0.04957568694499927,0.0,0.1569289736701921,10,,
2011-05-31,LS2,0.006040789492521664,0.005991445032663467,4.99862552685304e-05,0.049048170187035556,0.0,0.1072123445605526,10,,
2011-05-31,LS3,0.010275088494746213,0.010249666886769537,4.99862552685304e-05,0.025163055356075017,0.0,0.17332631791646955,10,,
2011-05-31,LS4,0.008775270486804026,0.00874540005305513,4.99862552685304e-05,0.02961059278782754,0.0,0.1479724818785169,10,,
2011-05-31,LS5,0.010579264583068234,0.010564025312927772,4.99862552685304e-05,0.015079737606420335,0.0,0.07263558101040579,10,,
2011-05-31,NLS6,0.007343911093814287,0.0073007147855008725,4.99862552685304e-05,0.042881391188967784,0.0,0.07495412449347315,10,,
2011-05-31,NLS7,0.007419161171973849,0.0073773517834003766,4.99862552685304e-05,0.041501482386784354,0.0,0.07009189842969525,10,,
2011-05-31,NLS8,0.00726271818672496,0.007221094464256117,4.99862552685304e-05,0.04132360080167152,0.0,0.08012563986671141,10,,
2011-05-31,CRE,0.009525141994243768,0.00950661400368813,4.99862552685304e-05,0.018353173967484357,0.0,0.31450936119022205,10,,
2011-05-31,SRE_STAR,0.010134688930591463,0.010119460870236408,4.99862552685304e-05,0.015075277110996418,0.0,0.0723016146760641,10,,
2011-05-31,GS_STAR,0.009377286172209572,0.009320078360174344,4.99862552685304e-05,0.056676341759481316,0.0,0.2726670880668857,10,,
2011-05-31,ID_KAPPA,0.008692567458069834,0.008655287531108113,4.99862552685304e-05,0.03695866130517443,0.0,0.05842115772672108,10,0.036322620985937054,106.32360265337607
2011-05-31,EW,-0.017006750405252305,-0.017024023084331485,4.99862552685304e-05,0.017571513422209042,0.0,,10,,
2011-06-30,AIQ,-0.004431387843162623,-0.0045860588897507215,2.4996563158685703e-05,0.1553595048089684,0.0,0.04195367739177249,10,,
2011-06-30,HC,-0.005538752255245339,-0.005699727279327105,2.4996563158685703e-05,0.16187159071990156,0.0,0.02339567046097716,10,,
2011-06-30,LS1,-0.007805140174952332,-0.00793573241248291,2.4996563158685703e-05,0.13161954654106803,0.0,0.14701381759029764,10,,
2011-06-30,LS2,-0.007111803443958077,-0.007266602667326594,2.4996563158685703e-05,0.15590801049445288,0.0,0.10202783643727538,10,,
2011-06-30,LS3,-0.004733514826980657,-0.004907681773447581,2.4996563158685703e-05,0.1749952892632869,0.0,0.16305513112091136,10,,
2011-06-30,LS4,-0.005562766922261551,-0.005702523860029229,2.4996563158685703e-05,0.14053872192130296,0.0,0.13633109934263637,10,,
2011-06-30,LS5,-0.005006028789869237,-0.00511876725518523,2.4996563158685703e-05,0.11330567679608006,0.0,0.0722545966155793,10,,
2011-06-30,NLS6,-0.006418471045314869,-0.0067084433423818535,2.4996563158685703e-05,0.29184549895163114,0.0,0.07323894934988151,10,,
2011-06-30,NLS7,-0.006390598700235135,-0.0066573247203357555,2.4996563158685703e-05,0.2684415221431111,0.0,0.0724492165493768,10,,
2011-06-30,NLS8,-0.006449843525960175,-0.006761673996960038,2.4996563158685703e-05,0.3138547852547166,0.0,0.07383506604533521,10,,
2011-06-30,CRE,-0.005518204134695133,-0.005613990358396159,2.4996563158685703e-05,0.09631772456694976,0.0,0.3063345735074947,10,,
2011-06-30,SRE_STAR,-0.005193512959040187,-0.005324300393596881,2.4996563158685703e-05,0.13147022688377802,0.0,0.07552039596475021,10,,
2011-06-30,GS_STAR,-0.005476064296593838,-0.0055690993219675855,2.4996563158685703e-05,0.09354729638341304,0.0,0.2533131450262294,10,,
2011-06-30,ID_KAPPA,-0.00554445772558098,-0.00569237939047007,2.4996563158685703e-05,0.14874638292105233,0.0,0.046166419461668065,10,0.023316248261400822,138.8976721540748
2011-06-30,EW,-0.02166108482483995,-0.021678269352626844,2.4996563158685703e-05,0.01756500484688711,0.0,,10,,
2011-07-31,AIQ,0.012801810700153174,0.012687186012408258,8.329516327321151e-05,0.11317583216566342,0.0,0.036303806346358214,10,,
2011-07-31,HC,0.011518924671746146,0.011400589999234656,8.329516327321151e-05,0.11698710684029259,0.0,0.020138026840887186,10,,
2011-07-31,LS1,0.01651455955365997,0.016453577101244177,8.329516327321151e-05,0.05999171565500676,0.0,0.1350697423731419,10,,
2011-07-31,LS2,0.015453366724767745,0.01538440641948613,8.329516327321151e-05,0.06791085395108373,0.0,0.09510227184766702,10,,
2011-07-31,LS3,0.013534465297024678,0.013471190258164345,8.329516327321151e-05,0.06243008109424189,0.0,0.14906849917219775,10,,
2011-07-31,LS4,0.012256188999943643,0.012178258535016528,8.329516327321151e-05,0.07698689894317137,0.0,0.12350709001780757,10,,
2011-07-31,LS5,0.015869395421129782,0.015854410462502688,8.329516327321151e-05,0.014750871218813019,0.0,0.07414396263678576,10,,
2011-07-31,NLS6,0.011168709280698389,0.010942014744875994,8.329516327321151e-05,0.22419061600875578,0.0,0.07051233455982733,10,,
2011-07-31,NLS7,0.010984602394910883,0.010764535019792465,8.329516327321151e-05,0.21767628764789393,0.0,0.06765394345748299,10,,
2011-07-31,NLS8,0.01159269511371628,0.011371746884204281,8.329516327321151e-05,0.21841619713058846,0.0,0.07318310065024848,10,,
2011-07-31,CRE,0.015175976522544184,0.015150535940657184,8.329516327321151e-05,0.025060267850440205,0.0,0.2940741752349122,10,,
2011-07-31,SRE_STAR,0.015907756023674436,0.01588168544753188,8.329516327321151e-05,0.02566234580649549,0.0,0.06987588835710642,10,,
2011-07-31,GS_STAR,0.015148920601232676,0.015087903253500068,8.329516327321151e-05,0.06010679467260124,0.0,0.2122627321016134,10,,
2011-07-31,ID_KAPPA,0.011697977299111869,0.011590075392993393,8.329516327321151e-05,0.10665426692509516,0.0,0.04046647343564528,10,0.020746234828583242,162.73031887370306
2011-07-31,EW,0.008239123762813572,0.008229616489584757,8.329516327321151e-05,0.009429581737898401,0.0,,10,,
2011-08-31,AIQ,0.005729593249485538,0.005666175510524951,1.6665139084048874e-05,0.063056451143822,0.0,0.03498487834923866,10,,
2011-08-31,HC,0.004881734008494287,0.004801794307708995,1.6665139084048874e-05,0.07955135224363355,0.0,0.00966583562457391,10,,
2011-08-31,LS1,7.451657827601268e-05,2.5941836382825656e-05,1.6665139084048874e-05,0.04857112253938031,0.0,0.121343397744493,10,,
2011-08-31,LS2,-0.0007173408641184814,-0.0007664968891469837,1.6665139084048874e-05,0.04919131196677485,0.0,0.07801808862303874,10,,
2011-08-31,LS3,0.004139966803038082,0.004095110905599331,1.6665139084048874e-05,0.044670961142702026,0.0,0.13352127967707705,10,,
2011-08-31,LS4,0.003436859262147072,0.003387314647715467,1.6665139084048874e-05,0.049374919781171124,0.0,0.1126129361706178,10,,
2011-08-31,LS5,0.0029980920117787637,0.002958441211908358,1.6665139084048874e-05,0.03953227846213904,0.0,0.08802414602790602,10,,
2011-08-31,NLS6,0.000742719046324623,0.0006733047263043357,1.6665139084048874e-05,0.06936280294557098,0.0,0.033478392933261415,10,,
2011-08-31,NLS7,0.0009375658979145309,0.0008690979949668165,1.6665139084048874e-05,0.06840376990583927,0.0,0.030462462810621822,10,,
2011-08-31,NLS8,0.0009559220429271975,0.0008850982218695513,1.6665139084048874e-05,0.0707561836619906,0.0,0.03676941383002091,10,,
2011-08-31,CRE,0.0015432545465973088,0.001509639566006138,1.6665139084048874e-05,0.0335631840547248,0.0,0.2900045080904792,10,,
2011-08-31,SRE_STAR,0.0020870408377671604,0.002057462703903168,1.6665139084048874e-05,0.029516531656964884,0.0,0.06467378876687371,10,,
2011-08-31,GS_STAR,0.003613116191370082,0.0035670238476286364,1.6665139084048874e-05,0.04592640629927438,0.0,0.17610231000426707,10,,
2011-08-31,ID_KAPPA,0.004405611146002025,0.004345578171850439,1.6665139084048874e-05,0.05976965230520961,0.0,0.03972924863155165,10,0.030356837205488273,165.4140286698529
2011-08-31,EW,-0.0357368225455018,-0.03575884090014492,1.6665139084048874e-05,0.02283438293397161,0.0,,10,,
2011-09-30,AIQ,-0.0017559642385348423,-0.0018558432424005122,1.6665139084048874e-05,0.10005469633430962,0.0,0.03837006902614812,10,,
2011-09-30,HC,-0.0024017306907700457,-0.0024136411406537883,1.6665139084048874e-05,0.011939124445281057,0.0,0.005329360691390357,10,,
2011-09-30,LS1,-0.019792760267454433,-0.019910300091880107,1.6665139084048874e-05,0.11991323840631075,0.0,0.10371055298821921,10,,
2011-09-30,LS2,-0.015507050673201643,-0.015632354914978608,1.6665139084048874e-05,0.12727794735611248,0.0,0.06772161439127522,10,,
2011-09-30,LS3,-0.00012670648822376865,-0.00032819280429086106,1.6665139084048874e-05,0.20151184892583554,0.0,0.11477374161522562,10,,
2011-09-30,LS4,-0.0018050592916010366,-0.0019643467961288907,1.6665139084048874e-05,0.15957554785333683,0.0,0.09813967822124842,10,,
2011-09-30,LS5,-0.0030317566495746346,-0.003193757332106806,1.6665139084048874e-05,0.16249332274390843,0.0,0.07898733560180152,10,,
2011-09-30,NLS6,-0.004099177767605348,-0.0043858880356799634,1.6665139084048874e-05,0.28789038192764627,0.0,0.021024318278372183,10,,
2011-09-30,NLS7,-0.0038234234027149806,-0.0040715542773946956,1.6665139084048874e-05,0.2490832253125585,0.0,0.020245661054397224,10,,
2011-09-30,NLS8,-0.004392582371894718,-0.004721407207690098,1.6665139084048874e-05,0.33027559856743754,0.0,0.021803751548271008,10,,
2011-09-30,CRE,-0.005996975187957787,-0.0061427268772841215,1.6665139084048874e-05,0.14663103198682853,0.0,0.27406684297038475,10,,
2011-09-30,SRE_STAR,-0.004029752284775439,-0.004208093085022568,1.6665139084048874e-05,0.17906237727103463,0.0,0.04653490714326634,10,,
2011-09-30,GS_STAR,-0.0010343315074769815,-0.0012408149931759649,1.6665139084048874e-05,0.2066972792073395,0.0,0.07205089507484413,10,,
2011-09-30,ID_KAPPA,-0.0020241180620540265,-0.002093702402241493,1.6665139084048874e-05,0.06972547277631092,0.0,0.04149406118931759,10,0.03635846788748633,161.6068167943379
2011-09-30,EW,-0.08470629938676315,-0.08474943531631174,1.6665139084048874e-05,0.047127965067077324,0.0,,10,,
2011-10-31,AIQ,0.008793236939465932,0.00877045654529307,8.332951413336787e-06,0.02258182681912746,0.0,0.03134489162423562,10,,
2011-10-31,HC,0.010990497921375738,0.010981068075258449,8.332951413336787e-06,0.009327334071526902,0.0,0.003718095243263061,10,,
2011-10-31,LS1,0.026227461387004197,0.026164458493955545,8.332951413336787e-06,0.061392717910195925,0.0,0.1257587951269157,10,,
2011-10-31,LS2,0.021287911256496053,0.021201075398438407,8.332951413336787e-06,0.08502583561457762,0.0,0.07472405486210862,10,,
2011-10-31,LS3,0.0073688525348942855,0.007329524515505392,8.332951413336787e-06,0.039040336903355496,0.0,0.15517169508914516,10,,
2011-10-31,LS4,0.010477043713782963,0.01045775988697506,8.332951413336787e-06,0.019083884119743117,0.0,0.12099120433230887,10,,
2011-10-31,LS5,0.010930596491431264,0.010881381028807757,8.332951413336787e-06,0.04868332484375022,0.0,0.09780321676230952,10,,
2011-10-31,NLS6,0.01270390857061029,0.01254461735023038,8.332951413336787e-06,0.1572929846835998,0.0,0.015701886533212105,10,,
2011-10-31,NLS7,0.012671737208756978,0.012520717885975419,8.332951413336787e-06,0.1491295917845324,0.0,0.014781168671861187,10,,
2011-10-31,NLS8,0.012751117156841194,0.012584186933435992,8.332951413336787e-06,0.16482847619461716,0.0,0.016671289110233457,10,,
2011-10-31,CRE,0.01339708776148391,0.013349207956538045,8.332951413336787e-06,0.04724683495169422,0.0,0.26647520358468163,10,,
2011-10-31,SRE_STAR,0.012041453150467828,0.011977484402166727,8.332951413336787e-06,0.06320763650732714,0.0,0.049304782165128014,10,,
2011-10-31,GS_STAR,0.010185038792543368,0.010133352684216668,8.332951413336787e-06,0.05116499090940361,9.999999990690525e-07,9.309482709689833e-16,9,,
2011-10-31,ID_KAPPA,0.010803109368908255,0.010793127147889825,8.332951413336787e-06,0.009875534538679521,0.0,0.0336771023799839,10,0.030070813284554694,203.57839166353727
2011-10-31,EW,0.0943570190402357,0.09431009997919682,8.332951413336787e-06,0.042873632847925336,0.0,,10,,
2011-11-30,AIQ,-0.001367454028086589,-0.0014239708677323826,8.332951413336787e-06,0.05659422965309925,0.0,0.04826939600713457,10,,
2011-11-30,HC,-0.0011107691645559862,-0.0011418275401816613,8.332951413336787e-06,0.031092912674390592,0.0,0.004848328604461415,10,,
2011-11-30,LS1,-0.005431898355665215,-0.005534400311294929,8.332951413336787e-06,0.10306177672511324,0.0,0.10513211797605215,10,,
2011-11-30,LS2,-0.004993301702245022,-0.005120712696196406,8.332951413336787e-06,0.128050388172685,0.0,0.056624206412941636,10,,
2011-11-30,LS3,-0.0010544382091780614,-0.0010849087830165915,8.332951413336787e-06,0.03050273709001524,0.0,0.136017447330322,10,,
2011-11-30,LS4,-0.0011380405015979267,-0.0011686492546921778,8.332951413336787e-06,0.030643626782667667,0.0,0.10658302086005306,10,,
2011-11-30,LS5,-0.003639125884211725,-0.003690202882846716,8.332951413336787e-06,0.051263553158147304,0.0,0.08051757536693684,10,,
2011-11-30,NLS6,-0.0011522057741844918,-0.0011973771429152347,8.332951413336787e-06,0.04522347548031364,0.0,0.01843521160458923,10,,
2011-11-30,NLS7,-0.0011549558091625879,-0.0011916813749367483,8.332951413336787e-06,0.0367680312254048,0.0,0.020166043120589623,10,,
2011-11-30,NLS8,-0.0011544479549788554,-0.0012082946471381195,8.332951413336787e-06,0.053908927210065336,0.0,0.016642981011963348,10,,
2011-11-30,CRE,-0.0037826707990693625,-0.0038470075805608905,8.332951413336787e-06,0.06458107042087273,0.0,0.24946605395367405,10,,
2011-11-30,SRE_STAR,-0.003931892510741719,-0.003989439752582258,8.332951413336787e-06,0.057774404589264694,0.0,0.0408655499094249,10,,
2011-11-30,GS_STAR,-0.0012377322342184112,-0.0013884728133770619,8.332951413336787e-06,0.1509273868504609,0.0,0.0645623857644128,10,,
2011-11-30,ID_KAPPA,-0.0011317457175354238,-0.0011681491992541204,8.332951413336787e-06,0.03644472788345636,0.0,0.050988724420219504,10,0.04636518949021381,136.53971136847554
2011-11-30,EW,-0.018216250840226822,-0.01824605095434595,8.332951413336787e-06,0.030353032574252314,0.0,,10,,
2011-12-31,AIQ,0.010502239184610298,0.010474187039039018,1.6665139084048874e-05,0.0277605971401746,0.0,0.036450709848715464,10,,
2011-12-31,HC,0.010628178007568554,0.010624725669118762,1.6665139084048874e-05,0.0034160322509101254,0.0,0.005929123920411043,10,,
2011-12-31,LS1,0.008037994870931322,0.008016680557384914,1.6665139084048874e-05,0.02114435532666467,0.0,0.11211551434566434,10,,
2011-12-31,LS2,0.010786512952943398,0.010755143270732903,1.6665139084048874e-05,0.03103492360510191,0.0,0.0617429909352595,10,,
2011-12-31,LS3,0.010829820664936854,0.010817881157002107,1.6665139084048874e-05,0.011811590527588539,0.0,0.14998050060725102,10,,
2011-12-31,LS4,0.010703902844075436,0.010700031910680918,1.6665139084048874e-05,0.0038299381089616363,0.0,0.11381595486277946,10,,
2011-12-31,LS5,0.012023171086325368,0.012001452693624515,1.6665139084048874e-05,0.021460370989088297,0.0,0.09067934626916674,10,,
2011-12-31,NLS6,0.01056328923720858,0.010552724878501119,1.6665139084048874e-05,0.010453930812452421,0.0,0.01598974815662093,10,,
2011-12-31,NLS7,0.010541490834875086,0.010538844543403592,1.6665139084048874e-05,0.0026186866106408385,0.0,0.01585301307217707,10,,
2011-12-31,NLS8,0.010596313807324283,0.01056903006452048,1.6665139084048874e-05,0.026997667051623406,0.0,0.01602220835467562,10,,
2011-12-31,CRE,0.011646883092732053,0.011631950874761099,1.6665139084048874e-05,0.014760306407823413,0.0,0.25776992534621707,10,,
2011-12-31,SRE_STAR,0.012059656247870887,0.0120359215010164,1.6665139084048874e-05,0.02345192470419514,0.0,0.05097805703558736,10,,
2011-12-31,GS_STAR,0.010977735813311178,0.010853764140944078,1.6665139084048874e-05,0.12262552178483443,1.0000000000005291e-06,-5.29090630456597e-19,9,,
2011-12-31,ID_KAPPA,0.010664677092891933,0.01065143270376101,1.6665139084048874e-05,0.013104632457310061,0.0,0.03741930686770117,10,0.03167800576904711,186.2445475958051
2011-12-31,EW,-0.005576405450664146,-0.0055995430362590914,1.6665139084048874e-05,0.02326733368130103,0.0,,10,,
2012-01-31,AIQ,0.011704925041113147,0.011687517594926033,4.99862552685304e-05,0.017206050653983625,0.0,0.038452967582395754,10,,
2012-01-31,HC,0.012550203653805407,0.012542518551263537,4.99862552685304e-05,0.007589848398832248,0.0,0.005344490742700724,10,,
2012-01-31,LS1,0.022517968401856468,0.022483565637782643,4.99862552685304e-05,0.03364514378916234,0.0,0.11662371184691595,10,,
2012-01-31,LS2,0.01852221442834982,0.01847682498579939,4.99862552685304e-05,0.04456401824885699,0.0,0.06458695733407749,10,,
2012-01-31,LS3,0.010914045784783496,0.01089519849305498,4.99862552685304e-05,0.018643812307246918,0.0,0.14284728448107745,10,,
2012-01-31,LS4,0.012133505572611605,0.012109264838844114,4.99862552685304e-05,0.023950134674904703,0.0,0.11511266123894379,10,,
2012-01-31,LS5,0.012381793532117819,0.012379825039567915,4.99862552685304e-05,0.0019444171777655483,0.0,0.0923359492835456,10,,
2012-01-31,NLS6,0.01302993867102364,0.013019369721005702,4.99862552685304e-05,0.010433008556203133,0.0,0.016764431996299782,10,,
2012-01-31,NLS7,0.013097537022224727,0.013095355202631609,4.99862552685304e-05,0.002153612572675226,0.0,0.018068251594698354,10,,
2012-01-31,NLS8,0.012970619650495655,0.01293645331168225,4.99862552685304e-05,0.03372885466826121,0.0,0.015430926678558835,10,,
2012-01-31,CRE,0.013564325312339243,0.01354956751684,4.99862552685304e-05,0.014560294922240556,0.0,0.2583941213595349,10,,
2012-01-31,SRE_STAR,0.012782825487993811,0.012782060737477563,4.99862552685304e-05,0.0007550982272865759,0.0,0.047580527648805854,10,,
2012-01-31,GS_STAR,0.011277316568624117,0.011276121705844577,4.99862552685304e-05,0.0011815381993323711,1.000000000017415e-06,-1.741496638435338e-17,9,,
2012-01-31,ID_KAPPA,0.012454838205461234,0.012425319689753245,4.99862552685304e-05,0.029155390042253267,0.0,0.03961287068077757,10,0.034452511064524856,175.05383518514938
2012-01-31,EW,0.059964948241507394,0.05993794437491995,4.99862552685304e-05,0.025476188276182476,0.0,,10,,
2012-02-29,AIQ,0.0008188116547823683,0.0008087052943577255,6.66422347088691e-05,0.010098091989121344,0.0,0.04581077132994532,10,,
2012-02-29,HC,0.001201652222538307,0.0011897010414945175,6.66422347088691e-05,0.011936837116758095,0.0,0.004067981158557975,10,,
2012-02-29,LS1,0.007110323777228389,0.007066443298303193,6.66422347088691e-05,0.04357067730231701,0.0,0.12995514340551975,10,,
2012-02-29,LS2,0.006094579182552717,0.006047573048858945,6.66422347088691e-05,0.046721386504122636,0.0,0.07719719912775157,10,,
2012-02-29,LS3,0.0009343601090318044,0.0009058391166305579,6.66422347088691e-05,0.028494368399856432,0.0,0.1787040147692132,10,,
2012-02-29,LS4,0.002217168457720121,0.0021835407167203336,6.66422347088691e-05,0.033553347575797934,0.0,0.12683757125732378,10,,
2012-02-29,LS5,0.0029145010086638534,0.002907154128509948,6.66422347088691e-05,0.007325529889616498,0.0,0.1087400722560005,10,,
2012-02-29,NLS6,0.0013311353925724162,0.0013198664045575015,6.66422347088691e-05,0.011254007407285091,0.0,0.018258867392197047,10,,
2012-02-29,NLS7,0.001335694098481531,0.001322496795133743,6.66422347088691e-05,0.013179699301053241,0.0,0.01786945655219646,10,,
2012-02-29,NLS8,0.0014054313667675618,0.0013919488483604692,6.66422347088691e-05,0.013463596246505016,0.0,0.01861054526812331,10,,
2012-02-29,CRE,0.003852024533657075,0.00382640542441548,6.66422347088691e-05,0.025520802484324496,0.0,0.26814404499479055,10,,
2012-02-29,SRE_STAR,0.0031809574445663858,0.0031744812100085174,6.66422347088691e-05,0.00645569925337484,0.0,0.057960239741983534,10,,
2012-02-29,GS_STAR,0.002792907740325313,0.0027681555363763266,6.66422347088691e-05,0.024683265864694406,0.0,0.07146025987948504,10,,
2012-02-29,ID_KAPPA,0.0016096859274620085,0.001581248359667775,6.66422347088691e-05,0.028391865807289182,0.0,0.04683980553027915,10,0.042946530046776676,144.74118285399877
2012-02-29,EW,0.02952728306282757,0.029500062131022187,6.66422347088691e-05,0.026440223831882714,0.0,,10,,
2012-03-31,AIQ,-0.004480556314609651,-0.004497944440069235,5.831462642125196e-05,0.017466384579299405,0.0,0.05619295162960393,10,,
2012-03-31,HC,-0.00479172284638559,-0.004839306629133788,5.831462642125196e-05,0.04781288886003858,0.0,0.006262746662197587,10,,
2012-03-31,LS1,-0.0032765824577561165,-0.003296293589231558,5.831462642125196e-05,0.019775928937293782,0.0,0.14492809620291575,10,,
2012-03-31,LS2,-0.0042714876995641575,-0.0043183188822526475,5.831462642125196e-05,0.04703207963806076,0.0,0.08536747221118074,10,,
2012-03-31,LS3,-0.004855141438179916,-0.0048829078073469034,5.831462642125196e-05,0.02790183652983161,0.0,0.18678514911732103,10,,
2012-03-31,LS4,-0.004526380128749509,-0.0045604026933253605,5.831462642125196e-05,0.03417726386390081,0.0,0.13756178725519938,10,,
2012-03-31,LS5,-0.005011242840283685,-0.005040171506189184,5.831462642125196e-05,0.02907436460701103,0.0,0.09826174252240497,10,,
2012-03-31,NLS6,-0.0032531675798570217,-0.003335787919553135,5.831462642125196e-05,0.08288999473969764,0.0,0.016501724149290443,10,,
2012-03-31,NLS7,-0.0035025507171085077,-0.003577810784473834,5.831462642125196e-05,0.07552459609362151,0.0,0.016134574782611825,10,,
2012-03-31,NLS8,-0.0029824361650443447,-0.003066210257298474,5.831462642125196e-05,0.08402469052990053,0.0,0.016853993403503947,10,,
2012-03-31,CRE,-0.0040510428729970405,-0.004073334410448881,5.831462642125196e-05,0.022382208738981967,0.0,0.26259417532414353,10,,
2012-03-31,SRE_STAR,-0.004977487015019546,-0.005004877147058773,5.831462642125196e-05,0.027527148061258784,0.0,0.04621447110298832,10,,
2012-03-31,GS_STAR,-0.0044271933153916376,-0.004482467895517095,5.831462642125196e-05,0.05552037957881656,9.999999995029072e-07,4.970931435574477e-16,9,,
2012-03-31,ID_KAPPA,-0.004795035760323926,-0.004835453779477916,5.831462642125196e-05,0.04061275878467211,0.0,0.0584313957269199,10,0.05249742715138789,115.75816680258419
2012-03-31,EW,0.006499055940109056,0.00647286061670993,5.831462642125196e-05,0.026026177813543633,0.0,,10,,
2012-04-30,AIQ,0.009650207840412348,0.009592293206808211,8.329516327321151e-05,0.05736108719086633,0.0,0.024514716656767847,10,,
2012-04-30,HC,0.00942915961856789,0.009263031820083034,8.329516327321151e-05,0.16457598525044265,0.0,0.005892323193032306,10,,
2012-04-30,LS1,0.009044277586480142,0.008997358130629518,8.329516327321151e-05,0.04649890682965206,0.0,0.15872758597443407,10,,
2012-04-30,LS2,0.009661198029650724,0.009591079373049816,8.329516327321151e-05,0.06944770853607374,0.0,0.09513492933912501,10,,
2012-04-30,LS3,0.01064972099166772,0.010618320409774507,8.329516327321151e-05,0.031069698275247998,0.0,0.2348417910575415,10,,
2012-04-30,LS4,0.009483796998017466,0.00942275157301875,8.329516327321151e-05,0.06047192157055857,0.0,0.15057695967839432,10,,
2012-04-30,LS5,0.010962456550346424,0.010935012198808769,8.329516327321151e-05,0.027146756400194597,0.0,0.11327940321178338,10,,
2012-04-30,NLS6,0.009062731172829104,0.008974397812646862,8.329516327321151e-05,0.08754000861716091,0.0,0.018085808992327066,10,,
2012-04-30,NLS7,0.009057462390964804,0.008985473702113556,8.329516327321151e-05,0.07134250677908507,0.0,0.016567110331283465,10,,
2012-04-30,NLS8,0.009067956251484212,0.008962028473770145,8.329516327321151e-05,0.10497586119718892,0.0,0.01972386579324741,10,,
2012-04-30,CRE,0.010445450687295051,0.01042616974273236,8.329516327321151e-05,0.019081628354721544,0.0,0.2680653953494235,10,,
2012-04-30,SRE_STAR,0.010925852630492583,0.010895381117213887,8.329516327321151e-05,0.030142184215774866,0.0,0.05533013445284715,10,,
2012-04-30,GS_STAR,0.009840358035990475,0.009780104441875492,8.329516327321151e-05,0.05966645483671194,1.0000000004956968e-06,-4.956972332603726e-16,9,,
2012-04-30,ID_KAPPA,0.009429779463777673,0.00929909279572505,8.329516327321151e-05,0.12946583379183363,0.0,0.025201781486727828,10,0.01942391025056463,274.39462628202176
2012-04-30,EW,-0.003324158064596062,-0.003349510473895978,8.329516327321151e-05,0.02543696579496585,0.0,,10,,
2012-05-31,AIQ,0.003937799334442233,0.0038512935482435395,5.831462642125196e-05,0.08616647989155071,0.0,0.013992636226175867,10,,
2012-05-31,HC,0.0028332721039564567,0.0028270126964946574,5.831462642125196e-05,0.006241722962242777,0.0,0.0059073002743709625,10,,
2012-05-31,LS1,-0.005481793438738485,-0.005499503973703579,5.831462642125196e-05,0.017808155595575692,0.0,0.17294937614380362,10,,
2012-05-31,LS2,-0.0017553497536024357,-0.001772439060162334,5.831462642125196e-05,0.01711935701903223,0.0,0.10349727397966317,10,,
2012-05-31,LS3,0.00837931801940924,0.008346144530156252,5.831462642125196e-05,0.0328978278908902,0.0,0.27113974181760914,10,,
2012-05-31,LS4,0.002843286779954867,0.0028416874222867428,5.831462642125196e-05,0.0015948231285700318,0.0,0.16245287113666523,10,,
2012-05-31,LS5,0.005966662322441878,0.0059545922596153655,5.831462642125196e-05,0.011998471995855964,0.0,0.10610156234407263,10,,
2012-05-31,NLS6,0.001872923420465292,0.00183697999003396,5.831462642125196e-05,0.03587623698676183,0.0,0.018371704493607095,10,,
2012-05-31,NLS7,0.0020984008820147315,0.0020582977677316983,5.831462642125196e-05,0.04001913808837541,0.0,0.016633146345909233,10,,
2012-05-31,NLS8,0.0016236364267166058,0.0015903636465255389,5.831462642125196e-05,0.03321884486444426,0.0,0.020269047010150455,10,,
2012-05-31,CRE,0.0037253745354505416,0.003715470347158023,5.831462642125196e-05,0.009867428426135434,0.0,0.2665983139276249,10,,
2012-05-31,SRE_STAR,0.005518844012334669,0.005503538226207638,5.831462642125196e-05,0.015221779500274042,0.0,0.05295756976428023,10,,
2012-05-31,GS_STAR,0.0029075496955417368,0.0028302864651648107,5.831462642125196e-05,0.07703923497268665,0.0,0.05130962526010437,10,,
2012-05-31,ID_KAPPA,0.00294003673273059,0.0029220032578323174,5.831462642125196e-05,0.01798061124085432,0.0,0.014763765531732097,10,0.008909093950499563,473.61416893875753
2012-05-31,EW,-0.06808440353743292,-0.06809553825289427,5.831462642125196e-05,0.011948201643627046,0.0,,10,,
2012-06-30,AIQ,0.003354875458185745,0.0033380841438936937,7.496908027748717e-05,0.016735169881329698,0.0,0.018069759500095386,10,,
2012-06-30,HC,0.0039012496676709865,0.003872869856726968,7.496908027748717e-05,0.028269524471118516,0.0,0.006002558422465854,10,,
2012-06-30,LS1,0.009718028814960306,0.009706611626322692,7.496908027748717e-05,0.011307303932129115,0.0,0.16613126972452844,10,,
2012-06-30,LS2,0.0077023703503242506,0.007676665239300551,7.496908027748717e-05,0.02550863407692852,0.0,0.09743706534505096,10,,
2012-06-30,LS3,0.0008317387105128988,0.000829488392692479,7.496908027748717e-05,0.0022484476995158244,0.0,0.26818238812098155,10,,
2012-06-30,LS4,0.0035623496032769924,0.003539063437944412,7.496908027748717e-05,0.023203506330991358,0.0,0.15178639883178874,10,,
2012-06-30,LS5,0.003300106775509793,0.003284600329933607,7.496908027748717e-05,0.01545544097080211,0.0,0.10505737440477805,10,,
2012-06-30,NLS6,0.004798288488963641,0.004775550184418442,7.496908027748717e-05,0.02262972061734391,0.0,0.01794078371829684,10,,
2012-06-30,NLS7,0.0047354146618162766,0.00471003482608201,7.496908027748717e-05,0.02526021812709165,0.0,0.016254951224310425,10,,
2012-06-30,NLS8,0.004865328418337712,0.004824158265806844,7.496908027748717e-05,0.040970816055232506,0.0,0.0197940283391429,10,,
2012-06-30,CRE,0.004407509160764953,0.004384732922871004,7.496908027748717e-05,0.022676291929543194,0.0,0.2590456880339094,10,,
2012-06-30,SRE_STAR,0.003608402856263424,0.003593606250102521,7.496908027748717e-05,0.014743406012628472,0.0,0.052169482040355264,10,,
2012-06-30,GS_STAR,0.002410202818374948,0.0023593478423944436,7.496908027748717e-05,0.050732699884327034,0.0,0.13421678455292455,10,,
2012-06-30,ID_KAPPA,0.003874214931184149,0.0038479034782488153,7.496908027748717e-05,0.026209910110162472,0.0,0.019593793810560065,10,0.013673310231587757,360.61812822732827
2012-06-30,EW,0.03360850013944503,0.03357129380664392,7.496908027748717e-05,0.03599654298120482,0.0,,10,,
2012-07-31,AIQ,0.013678978201211004,0.013635662846922303,9.162048384192544e-05,0.04273084005885677,0.0,0.015325350127568457,10,,
2012-07-31,HC,0.013297538636610052,0.013291938286751126,9.162048384192544e-05,0.0055268562741007405,0.0,0.006013592602910279,10,,
2012-07-31,LS1,0.01496128916764223,0.014938399662362878,9.162048384192544e-05,0.02255209683727339,0.0,0.16894803459888644,10,,
2012-07-31,LS2,0.014862077568139764,0.014857272969826418,9.162048384192544e-05,0.004734237705524044,0.0,0.09879675710056697,10,,
2012-07-31,LS3,0.013839628568718725,0.013829119706168624,9.162048384192544e-05,0.010365409137744069,0.0,0.2685433715370555,10,,
2012-07-31,LS4,0.013195678973470688,0.013192576198163275,9.162048384192544e-05,0.0030623653176094865,0.0,0.15220570698485142,10,,
2012-07-31,LS5,0.014536164281344776,0.01453207526869571,9.162048384192544e-05,0.0040304257188701455,0.0,0.10542915532546852,10,,
2012-07-31,NLS6,0.012343633651795295,0.01233552035135399,9.162048384192544e-05,0.008014373945418561,0.0,0.018320078175937046,10,,
2012-07-31,NLS7,0.01229289343177884,0.012285847529487581,9.162048384192544e-05,0.006960339578534293,0.0,0.0166008140142637,10,,
2012-07-31,NLS8,0.012395412483138408,0.012383355745427371,9.162048384192544e-05,0.011909119265513843,0.0,0.020210253899320664,10,,
2012-07-31,CRE,0.014379071999510648,0.014374394394183199,9.162048384192544e-05,0.004611299125392742,0.0,0.26047699444424444,10,,
2012-07-31,SRE_STAR,0.014599639038502563,0.014595204852952959,9.162048384192544e-05,0.00437037958513215,0.0,0.051986756260973516,10,,
2012-07-31,GS_STAR,0.015089144842771521,0.015067391495926064,9.162048384192544e-05,0.02142998667257565,0.0,0.1652979649398267,10,,
2012-07-31,ID_KAPPA,0.013207807124621539,0.013201776750014549,9.162048384192544e-05,0.0059517648448969285,0.0,0.016678495403287166,10,0.010729425192347954,423.5228848106675
2012-07-31,EW,0.016114595968616884,0.016098115057026297,9.162048384192544e-05,0.01621954025264588,0.0,,10,,
2012-08-31,AIQ,0.0020217832236620464,0.001958344533891321,7.496908027748717e-05,0.06331068928120873,0.0,0.02774463606999975,10,,
2012-08-31,HC,0.002444835456363714,0.0024052283129587515,7.496908027748717e-05,0.03951054661970544,0.0,0.005303957948195913,10,,
2012-08-31,LS1,0.007273322244505628,0.007259743580236622,7.496908027748717e-05,0.013480615409033196,0.0,0.17234330383000626,10,,
2012-08-31,LS2,0.0050554988795097665,0.005046748168006765,7.496908027748717e-05,0.00870669481710078,0.0,0.09897789261175127,10,,
2012-08-31,LS3,0.0009704089918395472,0.0009599537259077362,7.496908027748717e-05,0.010445129883943593,0.0,0.26971591631673275,10,,
2012-08-31,LS4,0.002486812329532886,0.0024673109949500116,7.496908027748717e-05,0.019452958725356836,0.0,0.15293144099512263,10,,
2012-08-31,LS5,0.002317829231894327,0.002315973172124508,7.496908027748717e-05,0.0018517676884952008,0.0,0.10558417492167999,10,,
2012-08-31,NLS6,0.003280040511432339,0.0032624438537165457,7.496908027748717e-05,0.017539128663219175,0.0,0.016441406410708837,10,,
2012-08-31,NLS7,0.003328629410383414,0.0033111494809574538,7.496908027748717e-05,0.017421938249890828,0.0,0.014863553422414985,10,,
2012-08-31,NLS8,0.0032346692505265833,0.0032152700670498024,7.496908027748717e-05,0.01933663585541183,0.0,0.018179164714080206,10,,
2012-08-31,CRE,0.0032487224734430056,0.003246207162463932,7.496908027748717e-05,0.002507165892759265,0.0,0.2575278185236321,10,,
2012-08-31,SRE_STAR,0.0025626921497383087,0.0025593135774621967,7.496908027748717e-05,0.003369936167285193,0.0,0.04992167130503357,10,,
2012-08-31,GS_STAR,0.0035597110965679512,0.003517539134712866,7.496908027748717e-05,0.042022374342913144,0.0,0.1447841158385121,10,,
2012-08-31,ID_KAPPA,0.0024221379149616464,0.0023774060977546085,7.496908027748717e-05,0.04462373237283712,0.0,0.030148858595215988,10,0.02497737961817237,232.53889900371558
2012-08-31,EW,0.024205828128854523,0.024195121658045382,7.496908027748717e-05,0.010453436716805223,0.0,,10,,
2012-09-30,AIQ,0.0026636887051397495,0.0025945538990508332,8.329516327321151e-05,0.06895114171142404,0.0,0.0445175624562082,10,,
2012-09-30,HC,0.0031420420106464575,0.003104407831169498,8.329516327321151e-05,0.037516301681119205,0.0,0.006193683192682382,10,,
2012-09-30,LS1,0.008218134206581785,0.008202036674868074,8.329516327321151e-05,0.015966318366587906,0.0,0.2019086989455264,10,,
2012-09-30,LS2,0.006590325404202902,0.006552034793712247,8.329516327321151e-05,0.03803991507197474,0.0,0.12069615945768936,10,,
2012-09-30,LS3,0.001376526148556101,0.001328988041750634,8.329516327321151e-05,0.04747275931081498,0.0,0.31917087241648445,10,,
2012-09-30,LS4,0.0029193718729078996,0.0028672993520857393,8.329516327321151e-05,0.05192094427770841,0.0,0.17272815819594123,10,,
2012-09-30,LS5,0.002793672377591934,0.0027247241309971137,8.329516327321151e-05,0.06875616439749652,0.0,0.11169403386827945,10,,
2012-09-30,NLS6,0.003774175504261551,0.0036796694620129244,8.329516327321151e-05,0.0941507009791489,0.0,0.018981924555038464,10,,
2012-09-30,NLS7,0.0037652718312198275,0.003668581597034537,8.329516327321151e-05,0.09632753483184674,0.0,0.017096418769054544,10,,
2012-09-30,NLS8,0.003785348712563152,0.0036932978984547393,8.329516327321151e-05,0.09170368368753307,0.0,0.021065332089132346,10,,
2012-09-30,CRE,0.003243442594565293,0.0031841279384872134,8.329516327321151e-05,0.059122894364185635,0.0,0.26526808086958537,10,,
2012-09-30,SRE_STAR,0.0030490084112668996,0.002979349141055909,8.329516327321151e-05,0.06944752412580357,0.0,0.054624206492541405,10,,
2012-09-30,GS_STAR,0.0022554185697992776,0.0021985931746801857,8.329516327321151e-05,0.056697518483292804,0.0,0.08866554790650925,10,,
2012-09-30,ID_KAPPA,0.003109822129338471,0.0030400959766856417,8.329516327321151e-05,0.06950998895096193,0.0,0.047153602375425284,10,0.041215193031102396,144.6258144496928
2012-09-30,EW,0.01862783538301205,0.018609189536410664,8.329516327321151e-05,0.018304866560243202,0.0,,10,,
2012-10-31,AIQ,0.001306238522262759,0.001303766844893639,9.162048384192544e-05,0.0024684529809380945,0.0,0.004101459834695044,10,,
2012-10-31,HC,0.0004025951592216997,0.000335037002688221,9.162048384192544e-05,0.06753096889223864,0.0,0.009958939747274844,10,,
2012-10-31,LS1,0.00017232649226342557,0.00015751163768307208,9.162048384192544e-05,0.01481230202854096,0.0,0.19750499511076156,10,,
2012-10-31,LS2,0.00196053023832298,0.0019471212016906048,9.162048384192544e-05,0.013382799249792666,0.0,0.11772602495415768,10,,
2012-10-31,LS3,0.001966867518975901,0.001966867518975901,9.162048384192544e-05,0.0,0.0,0.33763057997764606,10,,
2012-10-31,LS4,0.0002606359829801969,0.00024493439462824895,9.162048384192544e-05,0.015697497019470347,0.0,0.17427555202655462,10,,
2012-10-31,LS5,0.002756096386504,0.002752972751143501,9.162048384192544e-05,0.003115049982660642,0.0,0.10687523729192427,10,,
2012-10-31,NLS6,6.42264369793459e-05,3.200859728513805e-05,9.162048384192544e-05,0.03221577059011526,0.0,0.030046576772005812,10,,
2012-10-31,NLS7,7.445327032186892e-05,5.458587494144851e-05,9.162048384192544e-05,0.0198659162979454,0.0,0.02742400164467864,10,,
2012-10-31,NLS8,5.288609559409561e-05,8.132708604779992e-06,9.162048384192544e-05,0.04475102028261006,0.0,0.03289865278886876,10,,
2012-10-31,CRE,0.0017907681494429212,0.0017882314133073063,9.162048384192544e-05,0.0025322015498226765,0.0,0.265151179042342,10,,
2012-10-31,SRE_STAR,0.0028066834047771783,0.002805424741241236,9.162048384192544e-05,0.0012551407532273814,0.0,0.05546346406505846,10,,
2012-10-31,GS_STAR,0.0007512461784253106,0.0007440299979681875,9.162048384192544e-05,0.007210763398676656,0.0,0.0836550034939306,10,,
2012-10-31,ID_KAPPA,0.00040259515922169925,0.00037225036263932587,9.162048384192544e-05,0.030332584830525963,0.0,0.009958939747274844,10,0.0,710.3012785148079
2012-10-31,EW,-0.015882133953255974,-0.015900342060146788,9.162048384192544e-05,0.018501957457516524,0.0,,10,,
2012-11-30,AIQ,0.0017897106631201366,0.0017574174294150424,6.66422347088691e-05,0.032235541412987595,0.0,0.04502142994538173,10,,
2012-11-30,HC,0.0016911222104724684,0.0016690345031651344,6.66422347088691e-05,0.02205041735679498,0.0,0.008963559561084692,10,,
2012-11-30,LS1,0.0033569657683831114,0.003330072622033775,6.66422347088691e-05,0.02680316902855954,0.0,0.18544290764093263,10,,
2012-11-30,LS2,0.003169414961581366,0.0031605454939032107,6.66422347088691e-05,0.00884144546862816,0.0,0.11291352464225657,10,,
2012-11-30,LS3,0.0015779969741502864,0.0015779969741502864,6.66422347088691e-05,0.0,0.0,0.3419574805854765,10,,
2012-11-30,LS4,0.001683760775977838,0.00167327278679541,6.66422347088691e-05,0.010470359601524842,0.0,0.17449216545807217,10,,
2012-11-30,LS5,0.002292190890303591,0.0022814710098642,6.66422347088691e-05,0.0106953646219161,0.0,0.10912420421635385,10,,
2012-11-30,NLS6,0.001769996933399201,0.001756963252417254,6.66422347088691e-05,0.0130106521675762,0.0,0.027594965949123678,10,,
2012-11-30,NLS7,0.0017689814829901195,0.0017560019685518569,6.66422347088691e-05,0.01295659446281558,0.0,0.02542452477346736,10,,
2012-11-30,NLS8,0.0017711496668575003,0.0017580327997810397,6.66422347088691e-05,0.013093676216196212,0.0,0.02991731036818007,10,,
2012-11-30,CRE,0.0023636865235513267,0.0023547694624415083,6.66422347088691e-05,0.008896033674774418,0.0,0.2711683942005303,10,,
2012-11-30,SRE_STAR,0.002371774184337291,0.00236132396942601,6.66422347088691e-05,0.01042548800785409,0.0,0.058819227962562594,10,,
2012-11-30,GS_STAR,0.0021826000881483283,0.0021741435211992677,6.66422347088691e-05,0.008438149842630109,0.0,0.07577209953125927,10,,
2012-11-30,ID_KAPPA,0.0016881351859539557,0.0016749652890393207,6.66422347088691e-05,0.013147701816473352,0.0,0.04748863143961166,10,0.03887351696317618,142.46739229503518
2012-11-30,EW,0.007467499811414435,0.007449496770603137,6.66422347088691e-05,0.01786959957984159,0.0,,10,,
2012-12-31,AIQ,-0.0006499319751080956,-0.0006514567662510018,4.165712110459907e-05,0.0015257827978751252,0.0,0.03458019170242762,10,,
2012-12-31,HC,-0.0007977768722866863,-0.0008800345795499931,4.165712110459907e-05,0.08232338295427527,0.0,0.006215898433266648,10,,
2012-12-31,LS1,0.003091832386506664,0.003081843649207272,4.165712110459907e-05,0.00995794899004429,0.0,0.17242896937481406,10,,
2012-12-31,LS2,0.002905164241923777,0.0028941074756354546,4.165712110459907e-05,0.011024737614792425,0.0,0.11024039213855079,10,,
2012-12-31,LS3,-0.0014239152797478338,-0.0014239152797478338,4.165712110459907e-05,0.0,0.0,0.3215742838421288,10,,
2012-12-31,LS4,-0.0003479571554670725,-0.00035808865739106466,4.165712110459907e-05,0.010135028479639017,0.0,0.17110614740222083,10,,
2012-12-31,LS5,0.0004663201081712829,0.00046280239522289435,4.165712110459907e-05,0.0035160733326743826,0.0,0.10015427551013692,10,,
2012-12-31,NLS6,-4.596345843175873e-06,-0.00013062458256385412,4.165712110459907e-05,0.1260288159927693,0.0,0.019664674560415842,10,,
2012-12-31,NLS7,-7.670964233928418e-05,-0.00020708074165021184,4.165712110459907e-05,0.13038110079851217,0.0,0.0178256373822947,10,,
2012-12-31,NLS8,6.457846991284483e-05,-5.773718702550834e-05,4.165712110459907e-05,0.1223077584905323,0.0,0.0216862261533372,10,,
2012-12-31,CRE,0.0005926657023574014,0.0005913351357718089,4.165712110459907e-05,0.0013297784715985553,0.0,0.2654696830160488,10,,
2012-12-31,SRE_STAR,0.000680412632487962,0.000677680830893701,4.165712110459907e-05,0.00272994410572428,0.0,0.0561065952019008,10,,
2012-12-31,GS_STAR,-0.0003451705257991101,-0.0003480317867957661,4.165712110459907e-05,0.0028622489605962384,0.0,0.07577626787585684,10,,
2012-12-31,ID_KAPPA,-0.0005373448077142032,-0.0005787772000614977,4.165712110459907e-05,0.041454667797862985,0.0,0.037620676769462465,10,0.03160120823696651,182.8609912753453
2012-12-31,EW,0.013534451106750302,0.013527401987530885,4.165712110459907e-05,0.006954987284254838,0.0,,10,,
2013-01-31,AIQ,-0.0030423860410246878,-0.0030737199630390677,5.831462642125196e-05,0.0314295428167546,0.0,0.03448702464652112,10,,
2013-01-31,HC,-0.0027211508515179164,-0.0028006720250820516,5.831462642125196e-05,0.07973815310735767,0.0,0.010096589309993572,10,,
2013-01-31,LS1,0.0031525521963596086,0.0031138630799836253,5.831462642125196e-05,0.03856753022393844,0.0,0.17107356255379091,10,,
2013-01-31,LS2,0.0008596826535616038,0.0008383767584136947,5.831462642125196e-05,0.02128759457207928,0.0,0.10665978862126645,10,,
2013-01-31,LS3,-0.006994182358394996,-0.006994182358394996,5.831462642125196e-05,0.0,0.0,0.3238294067278023,10,,
2013-01-31,LS4,-0.00284471437647075,-0.0028741886008698536,5.831462642125196e-05,0.029558309346713295,0.0,0.1846236220482313,10,,
2013-01-31,LS5,-0.0045523623919562,-0.004570261203413084,5.831462642125196e-05,0.017980665964348136,0.0,0.1026448350816081,10,,
2013-01-31,NLS6,-0.0016911058458590562,-0.0018178114205182894,5.831462642125196e-05,0.12692021016854765,0.0,0.028297097741821597,10,,
2013-01-31,NLS7,-0.001795034298797599,-0.0019261113357708082,5.831462642125196e-05,0.13131274785953528,0.0,0.026395095750965443,10,,
2013-01-31,NLS8,-0.0015836018097036546,-0.001706571080417496,5.831462642125196e-05,0.12316431394427893,0.0,0.0302509519521252,10,,
2013-01-31,CRE,-0.003276366254789523,-0.003301051842425795,5.831462642125196e-05,0.02476673252292098,0.0,0.2681795565478772,10,,
2013-01-31,SRE_STAR,-0.004284818486101405,-0.004303013773595876,5.831462642125196e-05,0.018273586495669895,0.0,0.0569725579372347,10,,
2013-01-31,GS_STAR,-0.0038547582744895155,-0.003868218755523345,5.831462642125196e-05,0.013512568719869292,0.0,0.03400295099397873,10,,
2013-01-31,ID_KAPPA,-0.0027413306586799926,-0.0027881546537908974,5.831462642125196e-05,0.04695270800887245,0.0,0.03738796355152129,10,0.02756973452844657,183.72591582824336
2013-01-31,EW,0.02846475022606345,0.028445104287251555,5.831462642125196e-05,0.01910219947506714,0.0,,10,,
2013-02-28,AIQ,0.005471228795292685,0.00544991607340406,9.162048384192544e-05,0.021196749621919437,0.0,0.02490930117911355,10,,
2013-02-28,HC,0.0054463527013371565,0.005414421542060843,9.162048384192544e-05,0.03175819295634184,0.0,0.009337915222005699,10,,
2013-02-28,LS1,0.0028496892091874164,0.00283926257604028,9.162048384192544e-05,0.010397004914457117,0.0,0.1769830947062775,10,,
2013-02-28,LS2,0.004051774352718758,0.00403569452349295,9.162048384192544e-05,0.01601494030155657,0.0,0.11138532293738126,10,,
2013-02-28,LS3,0.005012414377903343,0.005009358733008229,9.162048384192544e-05,0.00304040512481879,0.0,0.3134545033573463,10,,
2013-02-28,LS4,0.005139263703399174,0.005131536521540525,9.162048384192544e-05,0.007687672880363006,0.0,0.18316073935554483,10,,
2013-02-28,LS5,0.004936601355972988,0.004925625014268409,9.162048384192544e-05,0.010922422060975661,0.0,0.10977659960621308,10,,
2013-02-28,NLS6,0.005217554395983446,0.005203367681911875,9.162048384192544e-05,0.014113078317625387,0.0,0.026055906926188168,10,,
2013-02-28,NLS7,0.005235004897379575,0.005219274972668053,9.162048384192544e-05,0.015648007316485343,0.0,0.0241442079911283,10,,
2013-02-28,NLS8,0.005193694042914386,0.005181221442888129,9.162048384192544e-05,0.012408155861225028,0.0,0.02804502555751881,10,,
2013-02-28,CRE,0.004822264030160892,0.004812115531201089,9.162048384192544e-05,0.010099795081329615,0.0,0.26857724344982165,10,,
2013-02-28,SRE_STAR,0.004832176799589826,0.0048192305066803165,9.162048384192544e-05,0.012884034974559502,0.0,0.05937623390043608,10,,
2013-02-28,GS_STAR,0.0051392275335335035,0.005075709735570255,9.162048384192544e-05,0.06319303458005832,0.0,0.05973700594020731,10,,
2013-02-28,ID_KAPPA,0.005375109076292547,0.005352012384288507,9.162048384192544e-05,0.02297320850257831,0.0,0.02745170425572977,10,0.01828452840989061,252.3193415006104
2013-02-28,EW,-0.006965374715775985,-0.006985312721757619,9.162048384192544e-05,0.020077855770592554,0.0,,10,,
2013-03-31,AIQ,0.003523790756920225,0.0035214902941007598,5.831462642125196e-05,0.002292384934661079,0.0,0.03594701502149073,10,,
2013-03-31,HC,0.0038605461354272535,0.0038477228208531056,5.831462642125196e-05,0.012773999957868416,0.0,0.009933520577459241,10,,
2013-03-31,LS1,0.007053047888217586,0.00703020899093576,5.831462642125196e-05,0.022678941620536804,0.0,0.18229541190522566,10,,
2013-03-31,LS2,0.005459398124279043,0.005439737070109363,5.831462642125196e-05,0.019554299463820167,0.0,0.11420729041253382,10,,
2013-03-31,LS3,0.0008868466597494241,0.0008710665040034815,5.831462642125196e-05,0.01576617356754162,0.0,0.31995039601518,10,,
2013-03-31,LS4,0.0033413858605683146,0.003330594148752475,5.831462642125196e-05,0.01075577262934996,0.0,0.19149815655126112,10,,
2013-03-31,LS5,0.0020523379146432643,0.0020421088831270584,5.831462642125196e-05,0.010208081084467906,0.0,0.10960336276695341,10,,
2013-03-31,NLS6,0.004233336760451406,0.004223850843573906,5.831462642125196e-05,0.009445929078763241,0.0,0.02651094915468374,10,,
2013-03-31,NLS7,0.004260994857446487,0.004249748557506372,5.831462642125196e-05,0.011198582836388603,0.0,0.024446565280183914,10,,
2013-03-31,NLS8,0.004200010046931364,0.0041921303759699935,5.831462642125196e-05,0.007846714680639914,0.0,0.028716040642677913,10,,
2013-03-31,CRE,0.0029754482070221125,0.0029603831734932307,5.831462642125196e-05,0.015020341281378628,0.0,0.26837621952466173,10,,
2013-03-31,SRE_STAR,0.0022111356944461424,0.0021992808832005384,5.831462642125196e-05,0.011828656480939516,0.0,0.06126740577683062,10,,
2013-03-31,GS_STAR,0.0029823458400432524,0.00297589911246976,5.831462642125196e-05,0.00642755837153688,0.0,0.05982933102048694,10,,
2013-03-31,ID_KAPPA,0.003820454939428232,0.003807841775320231,5.831462642125196e-05,0.012565159482428666,0.0,0.04111032748678533,10,0.03148960959420529,166.74639171358854
2013-03-31,EW,0.01577527803549328,0.01575728869650117,5.831462642125196e-05,0.017709959457839042,0.0,,10,,
2013-04-30,AIQ,0.010041622183379796,0.00998524969950032,4.165712110459907e-05,0.05581204045606907,0.0,0.015098419823760211,10,,
2013-04-30,HC,0.010414740118841597,0.01038091110795114,4.165712110459907e-05,0.03348032203742686,0.0,0.009923735890316079,10,,
2013-04-30,LS1,0.008045782414607777,0.00800344007495557,4.165712110459907e-05,0.04200438153799628,0.0,0.18312304279524957,10,,
2013-04-30,LS2,0.00931916301720149,0.00927646453880726,4.165712110459907e-05,0.04230423830122301,0.0,0.11366174134407386,10,,
2013-04-30,LS3,0.010118666333720494,0.010099492850994984,4.165712110459907e-05,0.018981416109375468,0.0,0.33611024969727155,10,,
2013-04-30,LS4,0.010618029627014282,0.01059078122044399,4.165712110459907e-05,0.026962121960549153,0.0,0.19087699921749868,10,,
2013-04-30,LS5,0.010860408461202502,0.010823027201107394,4.165712110459907e-05,0.03697964603435193,0.0,0.09735631014614417,10,,
2013-04-30,NLS6,0.010009706099620562,0.009960680062892191,4.165712110459907e-05,0.04854016395301914,0.0,0.025345499392828843,10,,
2013-04-30,NLS7,0.009950437829696955,0.009900394779792876,4.165712110459907e-05,0.04955000565326439,0.0,0.023968096018648476,10,,
2013-04-30,NLS8,0.010073965792696914,0.010026189480756953,4.165712110459907e-05,0.04729981521955613,0.0,0.02669450885233701,10,,
2013-04-30,CRE,0.010980912746199781,0.010946713673500197,4.165712110459907e-05,0.03382761461508827,0.0,0.2607547246670542,10,,
2013-04-30,SRE_STAR,0.010886457483961162,0.010840322465552443,4.165712110459907e-05,0.04563818029907594,0.0,0.052034511877140276,10,,
2013-04-30,GS_STAR,0.010195977468170003,0.01014209731474347,4.165712110459907e-05,0.053336337332755224,0.0,0.05901741010659908,10,,
2013-04-30,ID_KAPPA,0.010416075224993781,0.0103836582828567,4.165712110459907e-05,0.03208276563680858,0.0,0.016421074838497057,10,0.006562463098763611,431.4803080036193
2013-04-30,EW,0.005912811188130107,0.005897640757803302,4.165712110459907e-05,0.01508125769770885,0.0,,10,,
2013-05-31,AIQ,-0.019025999069359957,-0.019134083900792298,3.3327223783574667e-05,0.11018113765485305,0.0,0.024663196243745588,10,,
2013-05-31,HC,-0.014878087438482974,-0.014965833999041611,3.3327223783574667e-05,0.08907177826400782,0.0,0.011828235025470594,10,,
2013-05-31,LS1,-0.01241352535461967,-0.012450495744860346,3.3327223783574667e-05,0.037435091700576295,0.0,0.2036141011857291,10,,
2013-05-31,LS2,-0.014364653626070107,-0.014393097524704523,3.3327223783574667e-05,0.028858440131107096,0.0,0.1118562185959768,10,,
2013-05-31,LS3,-0.017841980244843625,-0.017841980244843625,3.3327223783574667e-05,0.0,0.0,0.43740614906261727,10,,
2013-05-31,LS4,-0.015549213319405893,-0.01558486243760604,3.3327223783574667e-05,0.03621218925561261,0.0,0.2043165882380145,10,,
2013-05-31,LS5,-0.01627660570476025,-0.016306840970614744,3.3327223783574667e-05,0.03073553605590364,0.0,0.08787633333038067,10,,
2013-05-31,NLS6,-0.014156849915798546,-0.01418851951121991,3.3327223783574667e-05,0.03212437538228444,0.0,0.02715739368456791,10,,
2013-05-31,NLS7,-0.014181085123435522,-0.01420954788777029,3.3327223783574667e-05,0.02887220351039327,0.0,0.025862597668151674,10,,
2013-05-31,NLS8,-0.014124234015417956,-0.014159580081584466,3.3327223783574667e-05,0.03585245462563648,0.0,0.028437471018313197,10,,
2013-05-31,CRE,-0.01564811536006947,-0.01570894805071721,3.3327223783574667e-05,0.06179974011023204,0.0,0.2579202123807514,10,,
2013-05-31,SRE_STAR,-0.016201832660870902,-0.016222390694847433,3.3327223783574667e-05,0.020896597146611014,0.0,0.0659963654075725,10,,
2013-05-31,GS_STAR,-0.017567980745405314,-0.01762457220581226,3.3327223783574667e-05,0.057603436469639877,0.0,0.1433094131207747,10,,
2013-05-31,ID_KAPPA,-0.014917188725041483,-0.014985018551196605,3.3327223783574667e-05,0.06885697870153532,0.0,0.027826176189877323,10,0.016189433589836565,255.2983732635271
2013-05-31,EW,-0.012378231187022993,-0.012406877580214193,3.3327223783574667e-05,0.029005429098181032,0.0,,10,,
2013-06-30,AIQ,-0.015624608469181043,-0.015747414543945903,3.3327223783574667e-05,0.12475532791801991,0.0,0.045062832433554204,10,,
2013-06-30,HC,-0.014781037536981576,-0.014841044383725022,3.3327223783574667e-05,0.06090711712805235,0.0,0.01515265029491266,10,,
2013-06-30,LS1,-0.023118311156087073,-0.023242739153760406,3.3327223783574667e-05,0.1273726379502084,0.0,0.26672431347132436,10,,
2013-06-30,LS2,-0.021412815594458182,-0.021602791695426227,3.3327223783574667e-05,0.1941330358657613,0.0,0.17360338064837666,10,,
2013-06-30,LS3,-0.01546854310071244,-0.01546854310071244,3.3327223783574667e-05,0.0,0.0,0.47291030736093065,10,,
2013-06-30,LS4,-0.015112525689645457,-0.015171000946088586,3.3327223783574667e-05,0.05937252525638721,0.0,0.26112234103005877,10,,
2013-06-30,LS5,-0.01731922591066418,-0.017399245577485845,3.3327223783574667e-05,0.08142997088334727,0.0,0.1501557068453239,10,,
2013-06-30,NLS6,-0.014520386822525665,-0.014614249246291844,3.3327223783574667e-05,0.09524542416815569,0.0,0.03607594401353164,10,,
2013-06-30,NLS7,-0.014516930935234186,-0.014610472815820397,3.3327223783574667e-05,0.09491982513203043,0.0,0.0335121452790351,10,,
2013-06-30,NLS8,-0.014523173818266986,-0.014618401629737154,3.3327223783574667e-05,0.0966312032310077,0.0,0.03871364112263486,10,,
2013-06-30,CRE,-0.017484153559796357,-0.01761607955847977,3.3327223783574667e-05,0.13427365997341575,0.0,0.32010766616484765,10,,
2013-06-30,SRE_STAR,-0.017396101670402894,-0.01747785199988683,3.3327223783574667e-05,0.08319764416057238,0.0,0.11831629077302355,10,,
2013-06-30,GS_STAR,-0.01690838144340918,-0.017006259168599325,3.3327223783574667e-05,0.09956114297242802,0.0,0.2061881261151577,10,,
2013-06-30,ID_KAPPA,-0.014810899263703766,-0.01487776842112909,3.3327223783574667e-05,0.0678744389025813,0.0,0.052952676711741,10,0.03838160952370019,118.56523892528188
2013-06-30,EW,-0.0331887072989969,-0.033215306908459974,3.3327223783574667e-05,0.027512721111007526,0.0,,10,,
2013-07-31,AIQ,0.008672564093260319,0.00858457431734072,3.3327223783574667e-05,0.08723324005406549,0.0,0.04966350793627335,10,,
2013-07-31,HC,0.009857640354204762,0.009766407477574957,3.3327223783574667e-05,0.09034231458391641,0.0,0.021325405791075235,10,,
2013-07-31,LS1,0.019989416035278953,0.019731312372770038,3.3327223783574667e-05,0.253045432090911,0.0,0.2624458728286758,10,,
2013-07-31,LS2,0.018954406102459073,0.018710301759349734,3.3327223783574667e-05,0.23956355814102656,0.0,0.20231770764165943,10,,
2013-07-31,LS3,0.002146930435754262,0.0020580806782146688,3.3327223783574667e-05,0.08865941194960636,0.0,0.5121636562689676,10,,
2013-07-31,LS4,0.009182314181558047,0.009087193978942754,3.3327223783574667e-05,0.09425472610725852,0.0,0.2736898515278321,10,,
2013-07-31,LS5,0.005099660329947957,0.005015809497433965,3.3327223783574667e-05,0.08342539135526975,0.0,0.1934624476491141,10,,
2013-07-31,NLS6,0.012347984060389403,0.012243492814564494,3.3327223783574667e-05,0.1032167273212688,0.0,0.058613746279580346,10,,
2013-07-31,NLS7,0.012274325661978754,0.012172845879693917,3.3327223783574667e-05,0.10024928985396497,0.0,0.0530417576840722,10,,
2013-07-31,NLS8,0.012431098663515385,0.012323469714908608,3.3327223783574667e-05,0.10630743045013959,0.0,0.0646637349702121,10,,
2013-07-31,CRE,0.005082440088252128,0.005031162102372422,3.3327223783574667e-05,0.051018686462361795,0.0,0.3745826573630409,10,,
2013-07-31,SRE_STAR,0.005177817190023731,0.005099291983607923,3.3327223783574667e-05,0.07812071165206133,0.0,0.16278904145770165,10,,
2013-07-31,GS_STAR,0.008503807987602295,0.008371959759730263,3.3327223783574667e-05,0.13073647003392405,0.0,0.3209433671212872,10,,
2013-07-31,ID_KAPPA,0.009724971260971185,0.009630421783078491,3.3327223783574667e-05,0.09363884283731899,0.0,0.05638101724026092,10,0.03581947631686636,100.57003594257333
2013-07-31,EW,0.038759015283386565,0.03873408590626215,3.3327223783574667e-05,0.023999192072162112,0.0,,10,,
2013-08-31,AIQ,-0.006815101502485265,-0.0068583712013079445,2.4996563158685703e-05,0.04356660968979785,0.0,0.05980669350472619,10,,
2013-08-31,HC,-0.008318379239447822,-0.008351631752510635,2.4996563158685703e-05,0.033531440299739174,0.0,0.024404055046482295,10,,
2013-08-31,LS1,-0.012590425005461956,-0.012678073630596698,2.4996563158685703e-05,0.08876622969273473,0.0,0.289414139793688,10,,
2013-08-31,LS2,-0.010800833970416134,-0.010891379692557157,2.4996563158685703e-05,0.09153436967051615,0.0,0.21340783389823423,10,,
2013-08-31,LS3,-0.005198594072366705,-0.005287814917983025,2.4996563158685703e-05,0.08968709240331796,0.0,0.4998615462307327,10,,
2013-08-31,LS4,-0.008361128857000707,-0.008394985035207969,2.4996563158685703e-05,0.03414164086590642,0.0,0.268172916389614,10,,
2013-08-31,LS5,-0.005360249835863569,-0.0054437148969022076,2.4996563158685703e-05,0.08391486568357229,0.0,0.1891867937752208,10,,
2013-08-31,NLS6,-0.009271030197114534,-0.00931229913897591,2.4996563158685703e-05,0.04165512780921052,0.0,0.06171756961755166,10,,
2013-08-31,NLS7,-0.009254144027385407,-0.009294375279413347,2.4996563158685703e-05,0.040607035381939216,0.0,0.05588529182517226,10,,
2013-08-31,NLS8,-0.009294355559139832,-0.009336490005696918,2.4996563158685703e-05,0.04252973301754687,0.0,0.0679693073886631,10,,
2013-08-31,CRE,-0.00535851708309991,-0.005440384966389655,2.4996563158685703e-05,0.08230893713562193,0.0,0.36704153814897855,10,,
2013-08-31,SRE_STAR,-0.0053631294697703445,-0.005443590898029482,2.4996563158685703e-05,0.08089528011985478,0.0,0.16133401714975742,10,,
2013-08-31,GS_STAR,-0.0057374965979394565,-0.005880944885863326,2.4996563158685703e-05,0.14427607139267515,0.0,0.2497942772047919,10,,
2013-08-31,ID_KAPPA,-0.008254857669213102,-0.008288584786652287,2.4996563158685703e-05,0.034007847378917946,0.0,0.06702121423877537,10,0.043683206570035556,85.6027744300988
2013-08-31,EW,-0.009998497052893004,-0.01002113152690709,2.4996563158685703e-05,0.022863070355626805,0.0,,10,,
2013-09-30,AIQ,0.013584481594672085,0.013553939782201763,1.6665139084048874e-05,0.030132478372621598,0.0,0.10014837015447561,10,,
2013-09-30,HC,0.013894774575110957,0.01384673186486185,1.6665139084048874e-05,0.047384315861857054,0.0,0.02463872206698328,10,,
2013-09-30,LS1,0.014115681592657787,0.01402127934734887,1.6665139084048874e-05,0.0930882413340864,0.0,0.29510488679474883,10,,
2013-09-30,LS2,0.01384830487918346,0.013747900689345949,1.6665139084048874e-05,0.09903275406630097,0.0,0.23145513242867916,10,,
2013-09-30,LS3,0.00950184822832835,0.009472525144402777,1.6665139084048874e-05,0.02904708295193678,0.0,0.49247955907522534,10,,
2013-09-30,LS4,0.012504095097346443,0.012435504524084706,1.6665139084048874e-05,0.06774350206978089,0.0,0.2809748802925698,10,,
2013-09-30,LS5,0.009576570331224775,0.009535138267700916,1.6665139084048874e-05,0.0410390501735475,0.0,0.1926345397403828,10,,
2013-09-30,NLS6,0.015859640163324074,0.015817790195956638,1.6665139084048874e-05,0.04119660405115544,0.0,0.06443490012082918,10,,
2013-09-30,NLS7,0.01561586472329072,0.015568446277480552,1.6665139084048874e-05,0.04668935121752469,0.0,0.05839836069772947,10,,
2013-09-30,NLS8,0.016102091086699275,0.01606557406061193,1.6665139084048874e-05,0.03593834360514318,0.0,0.0709218068756509,10,,
2013-09-30,CRE,0.009571597873174945,0.009512140932817825,1.6665139084048874e-05,0.05889323796581064,0.0,0.36892061051526553,10,,
2013-09-30,SRE_STAR,0.009575999995775951,0.00952607599348032,1.6665139084048874e-05,0.04945046464626482,0.0,0.16939348171260732,10,,
2013-09-30,GS_STAR,0.010093274754186123,0.010020847227836915,1.6665139084048874e-05,0.0717038001929853,0.0,0.23475920556833282,10,,
2013-09-30,ID_KAPPA,0.013350251517499122,0.013294098594260673,1.6665139084048874e-05,0.055413143830754366,0.0,0.10909121120597431,10,0.08658585392887755,50.69163241661002
2013-09-30,EW,0.024121966699765553,0.024098110543518292,1.6665139084048874e-05,0.023294253050974698,0.0,,10,,
2013-10-31,AIQ,0.00783335115107591,0.007670290593306595,3.3327223783574667e-05,0.16179317501565282,0.0,0.07064823181037355,10,,
2013-10-31,HC,0.008805934953499028,0.008765348882154633,3.3327223783574667e-05,0.0402317927938701,0.0,0.026307430502858786,10,,
2013-10-31,LS1,0.018613516778010805,0.01844535329496,3.3327223783574667e-05,0.16509056701179145,0.0,0.30447396341497135,10,,
2013-10-31,LS2,0.018160696999667016,0.018002988545883447,3.3327223783574667e-05,0.1548954445486585,0.0,0.24064057576776895,10,,
2013-10-31,LS3,0.010719959151421998,0.010558378794417456,3.3327223783574667e-05,0.15986659365083872,0.0,0.5482348779707167,10,,
2013-10-31,LS4,0.010289233637223378,0.010139133090957042,3.3327223783574667e-05,0.1485718557307788,0.0,0.33134906059553115,10,,
2013-10-31,LS5,0.012882323648906784,0.012788636509261986,3.3327223783574667e-05,0.09249558162632587,0.0,0.178757504001565,10,,
2013-10-31,NLS6,0.009756309864462569,0.009652765214828385,3.3327223783574667e-05,0.10254419667662334,0.0,0.07839217466810826,10,,
2013-10-31,NLS7,0.009269669014586028,0.009218740514290502,3.3327223783574667e-05,0.050460745882777235,0.0,0.07160266801327604,10,,
2013-10-31,NLS8,0.010213751134786656,0.010060843747537351,3.3327223783574667e-05,0.15136141938019027,0.0,0.08573061512906947,10,,
2013-10-31,CRE,0.012809352211613948,0.012702666329321488,3.3327223783574667e-05,0.10533658882545424,0.0,0.38998155572747395,10,,
2013-10-31,SRE_STAR,0.012871533331290213,0.012776644353017952,3.3327223783574667e-05,0.09368313270705012,0.0,0.14835800784839806,10,,
2013-10-31,GS_STAR,0.012343804913137075,0.012154426956821451,3.3327223783574667e-05,0.1870688153534841,0.0,0.2757370718111949,10,,
2013-10-31,ID_KAPPA,0.008751501224306294,0.008717911931830358,3.3327223783574667e-05,0.03329788598592502,0.0,0.07733418896340895,10,0.05240541014593862,68.54526838289952
2013-10-31,EW,0.02557404072793098,0.025541578571697032,3.3327223783574667e-05,0.031652669573172657,0.0,,10,,
2013-11-30,AIQ,-0.0004916015372718762,-0.0006393311123777945,4.99862552685304e-05,0.14780223491181904,0.0,0.10161989205917474,10,,
2013-11-30,HC,-0.0005194023038831164,-0.0005352451421990478,4.99862552685304e-05,0.015851071398947644,0.0,0.026869302059936415,10,,
2013-11-30,LS1,0.0030655209935629255,0.002988844202324703,4.99862552685304e-05,0.07644245528656061,0.0,0.3161631156154779,10,,
2013-11-30,LS2,0.003617256470078142,0.0035469886249579474,4.99862552685304e-05,0.07001458441172546,0.0,0.25169066897859727,10,,
2013-11-30,LS3,-0.0023609343225315547,-0.002362288313053851,4.99862552685304e-05,0.0013571947700080633,0.0,0.5371420687430655,10,,
2013-11-30,LS4,-0.0005886964926395012,-0.0006271570037618135,4.99862552685304e-05,0.03848316602713698,0.0,0.3359412843162929,10,,
2013-11-30,LS5,-0.0012655322340992773,-0.0012757771146979513,4.99862552685304e-05,0.010257862253936934,0.0,0.18559983429373836,10,,
2013-11-30,NLS6,0.0007916862256414486,0.0007220811756598611,4.99862552685304e-05,0.06954998821384673,0.0,0.07653030519506951,10,,
2013-11-30,NLS7,0.0007746171137326731,0.0007448749538994104,4.99862552685304e-05,0.029719138879633282,0.0,0.06998923471924348,10,,
2013-11-30,NLS8,0.0008771152617593052,0.0008119946523870158,4.99862552685304e-05,0.0650635411472515,0.0,0.08358983542043996,10,,
2013-11-30,CRE,-0.0013722022677978168,-0.001397945383186272,4.99862552685304e-05,0.02577848868913457,0.0,0.39025194105848,10,,
2013-11-30,SRE_STAR,-0.0013151813343121527,-0.0013353878664780217,4.99862552685304e-05,0.02023314241706803,0.0,0.15725034696626367,10,,
2013-11-30,GS_STAR,-0.0016455448297506327,-0.0017261935388981353,4.99862552685304e-05,0.08078163895569757,0.0,0.26724662241128605,10,,
2013-11-30,ID_KAPPA,-0.0006252336626641632,-0.0006412056082992779,4.99862552685304e-05,0.015981938080672362,0.0,0.10823300817327378,10,0.0836102553188057,47.9670531159467
2013-11-30,EW,-0.0014380630523885057,-0.0014556452132927777,4.99862552685304e-05,0.017607481573014422,0.0,,10,,
2013-12-31,AIQ,-0.003917393247104605,-0.003955032822871352,5.831462642125196e-05,0.03778760467407722,0.0,0.09697428655359179,10,,
2013-12-31,HC,-0.0030009214340567703,-0.003010920733279354,5.831462642125196e-05,0.010029396654114335,0.0,0.0266300431700396,10,,
2013-12-31,LS1,0.0038600276104835867,0.003832777988014513,5.831462642125196e-05,0.027144842627219046,0.0,0.31697777242333275,10,,
2013-12-31,LS2,0.0037858834460617993,0.0037653594149889003,5.831462642125196e-05,0.020446622542993727,0.0,0.25556057149419475,10,,
2013-12-31,LS3,-0.003906169009713001,-0.003906170837279288,5.831462642125196e-05,1.8347330885959412e-06,0.0,0.5327505271921726,10,,
2013-12-31,LS4,-0.002716711443459776,-0.0027380676174731944,5.831462642125196e-05,0.021414350624851537,0.0,0.3324305542201707,10,,
2013-12-31,LS5,-0.00254623714596329,-0.00254957322897853,5.831462642125196e-05,0.00334459915789187,0.0,0.17972811072446435,10,,
2013-12-31,NLS6,-0.0020459231482978994,-0.0020736310564385407,5.831462642125196e-05,0.027764712608954092,0.0,0.07832017899126495,10,,
2013-12-31,NLS7,-0.0021349993629920885,-0.002164912869542346,5.831462642125196e-05,0.02997750851188187,0.0,0.0717467104265839,10,,
2013-12-31,NLS8,-0.001886686390234581,-0.0019431609446386444,5.831462642125196e-05,0.056581305583274684,0.0,0.0854184799439059,10,,
2013-12-31,CRE,-0.0026799604319633565,-0.0026832286187119525,5.831462642125196e-05,0.0032769688955360254,0.0,0.3859816955310313,10,,
2013-12-31,SRE_STAR,-0.002604835243108109,-0.0026074825272570656,5.831462642125196e-05,0.002654197897201671,0.0,0.15128015226542418,10,,
2013-12-31,GS_STAR,-0.0033108369722738406,-0.0033205039426544847,5.831462642125196e-05,0.009699082461355228,0.0,0.24328957547716024,10,,
2013-12-31,ID_KAPPA,-0.0030373736978426534,-0.0030466077816205805,5.831462642125196e-05,0.009262216591010779,0.0,0.10438859386123016,10,0.07988591608521807,50.261288024651115
2013-12-31,EW,0.005429827733774506,0.005406195086552268,5.831462642125196e-05,0.02350501901820108,0.0,,10,,
2014-01-31,AIQ,0.011141783651809905,0.01111399002887592,1.6665139084048874e-05,0.027487364663724423,0.0,0.06568885554360065,10,,
2014-01-31,HC,0.010913241189671912,0.010880716233867549,1.6665139084048874e-05,0.03217383498335992,0.0,0.026489902601724517,10,,
2014-01-31,LS1,0.0035531725888974276,0.0035286392067686023,1.6665139084048874e-05,0.024446519426247273,0.0,0.32804465324247567,10,,
2014-01-31,LS2,0.003559887387055282,0.003518510583413237,1.6665139084048874e-05,0.04123002938038996,0.0,0.2659674469758154,10,,
2014-01-31,LS3,0.0137089145171983,0.013664285394781928,1.6665139084048874e-05,0.044025579510344304,0.0,0.5249275086237445,10,,
2014-01-31,LS4,0.011064810310598461,0.011045403921198682,1.6665139084048874e-05,0.019194011305505784,0.0,0.3486037934723655,10,,
2014-01-31,LS5,0.012728141876517468,0.012688648787968937,1.6665139084048874e-05,0.038996732603253814,0.0,0.17378535628581182,10,,
2014-01-31,NLS6,0.009227475982748938,0.009207457303137101,1.6665139084048874e-05,0.019835646658546306,0.0,0.07823282684864309,10,,
2014-01-31,NLS7,0.009393949518210654,0.009372689000462398,1.6665139084048874e-05,0.02106265621915015,0.0,0.07184914608679908,10,,
2014-01-31,NLS8,0.009065745614433572,0.009045906977577456,1.6665139084048874e-05,0.01966040066513145,0.0,0.08510705246884331,10,,
2014-01-31,CRE,0.012868685946364198,0.012817142623416489,1.6665139084048874e-05,0.0508884553969178,0.0,0.3820550618926508,10,,
2014-01-31,SRE_STAR,0.01279967096437648,0.012752301307693559,1.6665139084048874e-05,0.04677100323107575,0.0,0.1472596927505976,10,,
2014-01-31,GS_STAR,0.012233751805783852,0.012180863756854121,1.6665139084048874e-05,0.0522488494730804,0.0,0.28546694591594296,10,,
2014-01-31,ID_KAPPA,0.010934996578602647,0.010906638498330068,1.6665139084048874e-05,0.0280513389770274,0.0,0.070007245248081,10,0.044701480511252195,77.8737242646899
2014-01-31,EW,-0.011516385633744141,-0.011531829487822942,1.6665139084048874e-05,0.015623783595734075,0.0,,10,,
2014-02-28,AIQ,0.010592956676291915,0.010497550306031167,4.165712110459907e-05,0.09440632811708738,0.0,0.09853669788502976,10,,
2014-02-28,HC,0.01155667801233598,0.011440657288211975,4.165712110459907e-05,0.11469522830084342,0.0,0.04074871567921436,10,,
2014-02-28,LS1,0.021826146942054907,0.021675636268406517,4.165712110459907e-05,0.1472957744317386,0.0,0.3422428594664429,10,,
2014-02-28,LS2,0.023507298161656875,0.023285942285158567,4.165712110459907e-05,0.21627190826662515,0.0,0.3429131309867536,10,,
2014-02-28,LS3,0.008888082058533938,0.008686862341002133,4.165712110459907e-05,0.19944701608637927,0.0,0.43700578223821923,10,,
2014-02-28,LS4,0.012278407819500585,0.012102712487795486,4.165712110459907e-05,0.1735642391935053,0.0,0.3475321346873563,10,,
2014-02-28,LS5,0.009783449953625619,0.009708336175054733,4.165712110459907e-05,0.07438602660240434,0.0,0.2989347660582308,10,,
2014-02-28,NLS6,0.014511474693896086,0.014233680640785673,4.165712110459907e-05,0.27382051365587434,0.0,0.12045450382976114,10,,
2014-02-28,NLS7,0.014010040211480786,0.013784045205906148,4.165712110459907e-05,0.22287255215706342,0.0,0.11017638683471255,10,,
2014-02-28,NLS8,0.01500367760885552,0.014702064329615183,4.165712110459907e-05,0.2971548634690582,0.0,0.1314165961726778,10,,
2014-02-28,CRE,0.01019540717598149,0.010082218854892577,4.165712110459907e-05,0.11204596683455588,0.0,0.46464882712027045,10,,
2014-02-28,SRE_STAR,0.010237027751586471,0.010153261429252991,4.165712110459907e-05,0.08291749364980963,0.0,0.21542864861007396,10,,
2014-02-28,GS_STAR,0.01203962183462368,0.01186856210001519,4.165712110459907e-05,0.16902474065024267,0.0,0.29144562812902935,10,,
2014-02-28,ID_KAPPA,0.01149878517495514,0.011384382346116384,4.165712110459907e-05,0.11310228990439006,0.0,0.09419661851286226,10,0.05571835420735674,47.26044866943149
2014-02-28,EW,0.04060395715941354,0.040575178465859896,4.165712110459907e-05,0.02765576024915431,0.0,,10,,
2014-03-31,AIQ,-0.0019669769762226353,-0.0020790189877383236,4.165712110459907e-05,0.11226282991753309,0.0,0.08749700787906019,10,,
2014-03-31,HC,-0.0022941365463107475,-0.002331395232469058,4.165712110459907e-05,0.037344359217650135,0.0,0.042310458855445564,10,,
2014-03-31,LS1,-0.0007402718954985816,-0.0008226027073063857,4.165712110459907e-05,0.08239180414485316,0.0,0.3336196876881006,10,,
2014-03-31,LS2,-0.0008442175431627497,-0.0009320644414941848,4.165712110459907e-05,0.08792112288580343,0.0,0.33280510652060674,10,,
2014-03-31,LS3,-0.000708207433050535,-0.0007236586433004843,4.165712110459907e-05,0.015462160667051182,0.0,0.46676748760348497,10,,
2014-03-31,LS4,-0.0015968708973913644,-0.0016322349022479532,4.165712110459907e-05,0.0354205669290212,0.0,0.3389517795941879,10,,
2014-03-31,LS5,-0.0004868553661835925,-0.0004937158044610035,4.165712110459907e-05,0.006863779945385062,0.0,0.30689377037112675,10,,
2014-03-31,NLS6,-0.0022198653774718924,-0.002282668546777611,4.165712110459907e-05,0.06294289405710635,0.0,0.12040777587874424,10,,
2014-03-31,NLS7,-0.0023140951938246776,-0.002372310694385038,4.165712110459907e-05,0.058350529239686366,0.0,0.11030715346080175,10,,
2014-03-31,NLS8,-0.0021359656540142296,-0.002203349406045385,4.165712110459907e-05,0.06752798949750234,0.0,0.13118316958084192,10,,
2014-03-31,CRE,-0.0005206049527432455,-0.0005553755526569448,4.165712110459907e-05,0.03478871108913675,0.0,0.46000259471687893,10,,
2014-03-31,SRE_STAR,-0.0005694769524881695,-0.0006047737648211537,4.165712110459907e-05,0.03531692450758092,0.0,0.22078297479718806,10,,
2014-03-31,GS_STAR,-0.0009147141320868567,-0.0009573578047390452,4.165712110459907e-05,0.042682715134878396,0.0,0.3043174323446078,10,,
2014-03-31,ID_KAPPA,-0.002286423956133151,-0.002322266584332655,4.165712110459907e-05,0.03592476744855017,0.0,0.08600842178179287,10,0.04562852683357403,53.337328240188135
2014-03-31,EW,-0.003885640762031395,-0.0038979606481324147,4.165712110459907e-05,0.012367943486424962,0.0,,10,,
2014-04-30,AIQ,0.008026885664872046,0.0077776068089594474,2.4996563158685703e-05,0.24729385640170695,0.0,0.04873954576197946,10,,
2014-04-30,HC,0.00636288394149212,0.006256384658222425,2.4996563158685703e-05,0.10582592518979653,0.0,0.0457564768097064,10,,
2014-04-30,LS1,0.005137481955324843,0.005027704590781834,2.4996563158685703e-05,0.10921626793734623,0.0,0.3207265546044723,10,,
2014-04-30,LS2,0.005149510073762007,0.005037654193634333,2.4996563158685703e-05,0.11128282808333528,0.0,0.3251259395076047,10,,
2014-04-30,LS3,0.007998964046657333,0.007925049315629096,2.4996563158685703e-05,0.07332818154064233,0.0,0.4697616482873268,10,,
2014-04-30,LS4,0.0066319328967694696,0.006502452215644494,2.4996563158685703e-05,0.12862763130542,0.0,0.3308985167852391,10,,
2014-04-30,LS5,0.007873346392024702,0.007809795831299482,2.4996563158685703e-05,0.0630541138452892,0.0,0.2909277290019547,10,,
2014-04-30,NLS6,0.005544222128049958,0.005362301669564973,2.4996563158685703e-05,0.18091741216505985,0.0,0.10769541201531599,10,,
2014-04-30,NLS7,0.005659724047174551,0.005482137588227687,2.4996563158685703e-05,0.1765870251143257,0.0,0.09803840923256352,10,,
2014-04-30,NLS8,0.005426965935413922,0.005239733236530819,2.4996563158685703e-05,0.18622207800949112,0.0,0.11809156354839807,10,,
2014-04-30,CRE,0.00790105353055486,0.00782772650314345,2.4996563158685703e-05,0.07275220831889506,0.0,0.45373333358699725,10,,
2014-04-30,SRE_STAR,0.007914211493250495,0.007833382195773453,2.4996563158685703e-05,0.08019462029145949,0.0,0.2114741397274935,10,,
2014-04-30,GS_STAR,0.0068483136720478895,0.006790195131835874,2.4996563158685703e-05,0.057723233403365,0.0,0.29213107897521484,10,,
2014-04-30,ID_KAPPA,0.006351084184437804,0.0062473554737989545,2.4996563158685703e-05,0.10307407848910177,0.0,0.05166334138742987,10,0.006190101828488351,92.70420606401952
2014-04-30,EW,0.003086072648650096,0.003073497970346617,2.4996563158685703e-05,0.012535991323659151,0.0,,10,,
2014-05-31,AIQ,0.00964481575782221,0.009400691547031714,3.3327223783574667e-05,0.24179216986056803,0.0,0.09644284526599012,10,,
2014-05-31,HC,0.009421241744714036,0.009360510878116513,3.3327223783574667e-05,0.060164046570335535,0.0,0.04485543437915808,10,,
2014-05-31,LS1,0.009529603268139437,0.009441971819800665,3.3327223783574667e-05,0.08680423838482851,0.0,0.34064714942663143,10,,
2014-05-31,LS2,0.010533044255095632,0.010439250359870256,3.3327223783574667e-05,0.09281625747796317,0.0,0.3442808624854033,10,,
2014-05-31,LS3,0.010856364187253494,0.010787857541356916,3.3327223783574667e-05,0.0677709003212307,0.0,0.5083381234726505,10,,
2014-05-31,LS4,0.009648534358318656,0.009539109608547092,3.3327223783574667e-05,0.10837905077627755,0.0,0.3493241920870259,10,,
2014-05-31,LS5,0.010754589638689433,0.010712331991298951,3.3327223783574667e-05,0.04180801929915334,0.0,0.2819738225091926,10,,
2014-05-31,NLS6,0.008940468330252005,0.008833633022903298,3.3327223783574667e-05,0.10588861355283578,0.0,0.11530030767204662,10,,
2014-05-31,NLS7,0.009005507811089235,0.008896790881667505,3.3327223783574667e-05,0.10774661642602817,0.0,0.1051644595650971,10,,
2014-05-31,NLS8,0.008877703476699564,0.008772001918995853,3.3327223783574667e-05,0.1047714280328039,0.0,0.1261395234223497,10,,
2014-05-31,CRE,0.010563886185019985,0.010502280828495802,3.3327223783574667e-05,0.060961367575346946,0.0,0.459174514378748,10,,
2014-05-31,SRE_STAR,0.010476940751208988,0.010414272199242403,3.3327223783574667e-05,0.062018784832461725,0.0,0.20864932160644045,10,,
2014-05-31,GS_STAR,0.009641338157857178,0.009574092131463097,3.3327223783574667e-05,0.06660387590394366,0.0,0.30079073644095355,10,,
2014-05-31,ID_KAPPA,0.009449370657397439,0.009391066122981018,3.3327223783574667e-05,0.0577587505735222,0.0,0.09427619897342306,10,0.05174165919285924,47.92016190214332
2014-05-31,EW,0.012674946278156407,0.012664485391182145,3.3327223783574667e-05,0.010329955345071778,0.0,,10,,
2014-06-30,AIQ,0.003648278068859709,0.0034641205654482032,3.3327223783574667e-05,0.18348808784469312,0.0,0.08382487993394963,10,,
2014-06-30,HC,0.0048599645193848845,0.004839174241277666,3.3327223783574667e-05,0.020689726769409278,0.0,0.04359212972296898,10,,
2014-06-30,LS1,0.009376122003911741,0.009342520264567389,3.3327223783574667e-05,0.03328961188190023,0.0,0.3732547296005756,10,,
2014-06-30,LS2,0.01041305842966375,0.01038053047641152,3.3327223783574667e-05,0.03219272848939965,0.0,0.37179581184678623,10,,
2014-06-30,LS3,0.0026787892434766646,0.0026106789123996332,3.3327223783574667e-05,0.06792836530284654,0.0,0.48559372948435303,10,,
2014-06-30,LS4,0.005002098082279371,0.004914056556625246,3.3327223783574667e-05,0.08760332522905406,0.0,0.34693379506422384,10,,
2014-06-30,LS5,0.0030132338536717016,0.0029529290695342603,3.3327223783574667e-05,0.06012361761731955,0.0,0.28894996924408717,10,,
2014-06-30,NLS6,0.006864064360469878,0.006695611194103668,3.3327223783574667e-05,0.16730477561848925,0.0,0.10073328104456276,10,,
2014-06-30,NLS7,0.0067046043361915055,0.0065169179316357795,3.3327223783574667e-05,0.1864364221117088,0.0,0.09222460282836177,10,,
2014-06-30,NLS8,0.007023461943648497,0.006872720346911221,3.3327223783574667e-05,0.14969025294244948,0.0,0.10978496919767103,10,,
2014-06-30,CRE,0.004627608079172848,0.00408410772488943,3.3327223783574667e-05,0.5409968329684528,0.0,0.2224046271562349,10,,
2014-06-30,SRE_STAR,0.004924276372587347,0.004412616409153358,3.3327223783574667e-05,0.5091527545547958,0.0,0.08799342192323818,10,,
2014-06-30,GS_STAR,0.004499915015681163,0.004441990236996984,3.3327223783574667e-05,0.05766528978081833,0.0,0.25425061317850467,10,,
2014-06-30,ID_KAPPA,0.004868139059151172,0.004846739476969564,3.3327223783574667e-05,0.021295910726896412,0.0,0.08284698676657863,10,0.04104405480502704,55.278183049490075
2014-06-30,EW,0.02265655530391564,0.022641356892357578,3.3327223783574667e-05,0.014861696704951119,0.0,,10,,
2014-07-31,AIQ,-0.010948543155312887,-0.011293628249527732,2.4996563158685703e-05,0.3489050967233105,0.0,0.09309593306156802,10,,
2014-07-31,HC,-0.012601054728994024,-0.01262258929832527,2.4996563158685703e-05,0.021809390656555544,0.0,0.04285536850239875,10,,
2014-07-31,LS1,-0.017431964523502125,-0.01753929691505185,2.4996563158685703e-05,0.10923660008713099,0.0,0.3495811080965167,10,,
2014-07-31,LS2,-0.017353390466256637,-0.017440172487375394,2.4996563158685703e-05,0.08831457848307268,0.0,0.34254891294097584,10,,
2014-07-31,LS3,-0.005531427630447477,-0.005534907522915744,2.4996563158685703e-05,0.003499248307097691,0.0,0.5043306816857034,10,,
2014-07-31,LS4,-0.011798473277528318,-0.01183850939938802,2.4996563158685703e-05,0.0405141267009284,0.0,0.37451381088289276,10,,
2014-07-31,LS5,-0.005927636566529744,-0.005943283769077046,2.4996563158685703e-05,0.015740506549477857,0.0,0.2784363790806109,10,,
2014-07-31,NLS6,-0.01567658564958321,-0.01575391858612174,2.4996563158685703e-05,0.07856456060186291,0.0,0.09602690292193763,10,,
2014-07-31,NLS7,-0.01539969721174099,-0.015481909375158143,2.4996563158685703e-05,0.08349800744964694,0.0,0.08744263034641374,10,,
2014-07-31,NLS8,-0.015951609858656665,-0.016024487137715426,2.4996563158685703e-05,0.07405863348683056,0.0,0.10529085261116981,10,,
2014-07-31,CRE,-0.007383032338664372,-0.007952112441987791,2.4996563158685703e-05,0.5733128909374648,0.0,0.45195041452128715,10,,
2014-07-31,SRE_STAR,-0.007630315962933663,-0.00816097068416044,2.4996563158685703e-05,0.5347349176045375,0.0,0.19853889286238777,10,,
2014-07-31,GS_STAR,-0.010770941868626798,-0.010799728095984285,2.4996563158685703e-05,0.0290996580830477,0.0,0.2740233725199382,10,,
2014-07-31,ID_KAPPA,-0.012528284949878558,-0.012549022930985032,2.4996563158685703e-05,0.021001088730429503,0.0,0.09181293682198158,10,0.0511496034230276,49.9064587213565
2014-07-31,EW,-0.01759685623133631,-0.017611428674499385,2.4996563158685703e-05,0.01483346552324978,0.0,,10,,
2014-08-31,AIQ,0.009927386771799539,0.009790205123577422,2.4996563158685703e-05,0.13583317971067557,0.0,0.11805715509515019,10,,
2014-08-31,HC,0.008981215777903574,0.008901435072221409,2.4996563158685703e-05,0.07907055595762387,0.0,0.04261757670113522,10,,
2014-08-31,LS1,0.012896965056628476,0.012738591836683133,2.4996563158685703e-05,0.1563566931375135,0.0,0.3289831006336408,10,,
2014-08-31,LS2,0.013792271166829425,0.013660083202804651,2.4996563158685703e-05,0.13038959536810227,0.0,0.3412327256787783,10,,
2014-08-31,LS3,0.012086315278283822,0.011966244323952102,2.4996563158685703e-05,0.11863706930826073,0.0,0.477136638019305,10,,
2014-08-31,LS4,0.0103673755919861,0.01020323431897241,2.4996563158685703e-05,0.1624570200692598,0.0,0.33947760673777916,10,,
2014-08-31,LS5,0.012294425464655182,0.012193701209373353,2.4996563158685703e-05,0.0995009482892685,0.0,0.25867624941045025,10,,
2014-08-31,NLS6,0.01056747080848268,0.010259371428425812,2.4996563158685703e-05,0.3048775949718604,0.0,0.10981799900269407,10,,
2014-08-31,NLS7,0.010421871333452478,0.010141805147780847,2.4996563158685703e-05,0.2771774776629425,0.0,0.10215325990427972,10,,
2014-08-31,NLS8,0.010714016561675678,0.010380727366902098,2.4996563158685703e-05,0.3297561815828104,0.0,0.11791511144056017,10,,
2014-08-31,CRE,0.012163289752309887,0.012035425468488903,2.4996563158685703e-05,0.12632772312083285,0.0,0.44434746462723224,10,,
2014-08-31,SRE_STAR,0.01176646253420285,0.011635207087477228,2.4996563158685703e-05,0.12972899536207388,0.0,0.1860184962956497,10,,
2014-08-31,GS_STAR,0.01134947546539499,0.011230519431121744,2.4996563158685703e-05,0.1176210965240394,0.0,0.20488575734236966,10,,
2014-08-31,ID_KAPPA,0.009319037821424122,0.009225866576843211,2.4996563158685703e-05,0.09231099492794646,0.0,0.11674052940541264,10,0.07742251257221834,38.88707846359606
2014-08-31,EW,0.01975090400828664,0.019730057000112655,2.4996563158685703e-05,0.020443235786274716,0.0,,10,,
2014-09-30,AIQ,-0.013505484021532687,-0.013543643610681944,1.6665139084048874e-05,0.03868200839554257,0.0,0.07814665842589634,10,,
2014-09-30,HC,-0.014038336806816437,-0.014090301950616113,1.6665139084048874e-05,0.052705034830040146,0.0,0.026570667052910217,10,,
2014-09-30,LS1,-0.02139420444402417,-0.0214373489757258,1.6665139084048874e-05,0.044087754126907144,0.0,0.3254573227892609,10,,
2014-09-30,LS2,-0.02368239848080884,-0.02371658478472416,1.6665139084048874e-05,0.035015556271963774,0.0,0.3397819233627622,10,,
2014-09-30,LS3,-0.010086554476112532,-0.01011530106442482,1.6665139084048874e-05,0.029039496778551777,0.0,0.4662526161304219,10,,
2014-09-30,LS4,-0.013867233199991167,-0.01390503696508516,1.6665139084048874e-05,0.038335370618123504,0.0,0.3212673363367904,10,,
2014-09-30,LS5,-0.010647350633867098,-0.010668676163793411,1.6665139084048874e-05,0.02155503393045055,0.0,0.2707974925595303,10,,
2014-09-30,NLS6,-0.014856444415661342,-0.0149269942913548,1.6665139084048874e-05,0.07161380216470195,0.0,0.07393704370787801,10,,
2014-09-30,NLS7,-0.014723369837521821,-0.014790126938589276,1.6665139084048874e-05,0.0677546782536205,0.0,0.067135040993706,10,,
2014-09-30,NLS8,-0.015006977162978968,-0.01508070007281892,1.6665139084048874e-05,0.07484612391226073,0.0,0.0813144473545835,10,,
2014-09-30,CRE,-0.01088483556438136,-0.010907497584271453,1.6665139084048874e-05,0.022911406785508084,0.0,0.44203754472868834,10,,
2014-09-30,SRE_STAR,-0.011137391290864362,-0.011155360886012766,1.6665139084048874e-05,0.0181719836406996,0.0,0.20191378196245732,10,,
2014-09-30,GS_STAR,-0.013651602292401631,-0.013693948256953248,1.6665139084048874e-05,0.042932055904474874,0.0,0.30985617837863166,10,,
2014-09-30,ID_KAPPA,-0.013811072747457978,-0.013855664425436287,1.6665139084048874e-05,0.04521616167661771,0.0,0.08037762456698347,10,0.055275668908774715,58.9203911120988
2014-09-30,EW,-0.04074242218654198,-0.04075929574157444,1.6665139084048874e-05,0.01759022333806537,0.0,,10,,
2014-10-31,AIQ,0.0035743639219558017,0.0035483223206089765,8.332951413336787e-06,0.025948850711153375,0.0,0.11483835740319243,10,,
2014-10-31,HC,0.003140603291279051,0.003068333917835453,8.332951413336787e-06,0.07204311460087781,0.0,0.04809336931073273,10,,
2014-10-31,LS1,0.0027557006927680368,0.0026378280749990157,8.332951413336787e-06,0.11754868876605251,0.0,0.3180412349460666,10,,
2014-10-31,LS2,0.0026813562777012767,0.0025029537494141163,8.332951413336787e-06,0.17792544677346744,0.0,0.3155338239077491,10,,
2014-10-31,LS3,0.010109325309107346,0.009918048955109615,8.332951413336787e-06,0.18936203161886844,0.0,0.46440572888127296,10,,
2014-10-31,LS4,0.004368762949642005,0.004165930130063167,8.332951413336787e-06,0.2019505455181049,0.0,0.2856917029907396,10,,
2014-10-31,LS5,0.01014385473821602,0.009906877709862094,8.332951413336787e-06,0.23459730734610457,0.0,0.22751856976629203,10,,
2014-10-31,NLS6,0.0028934432408704224,0.002825165521642914,8.332951413336787e-06,0.06808073149515202,0.0,0.12537663610291466,10,,
2014-10-31,NLS7,0.002949797819165205,0.0028796637604111552,8.332951413336787e-06,0.06992778592379326,0.0,0.115217354828752,10,,
2014-10-31,NLS8,0.002829832371057891,0.0027635536324261967,8.332951413336787e-06,0.06609171017067447,0.0,0.13620887073724688,10,,
2014-10-31,CRE,0.010134684969174327,0.009903612387935468,8.332951413336787e-06,0.22875422919079874,0.0,0.40240412733576875,10,,
2014-10-31,SRE_STAR,0.009676238619590986,0.009393407668775833,8.332951413336787e-06,0.2801204386089343,0.0,0.1690594463755077,10,,
2014-10-31,GS_STAR,0.004783927191773794,0.004650702612581492,8.332951413336787e-06,0.13259027696090367,0.0,0.24537792212732304,10,,
2014-10-31,ID_KAPPA,0.0035758764892878836,0.003509557067304936,8.332951413336787e-06,0.06608311691892091,0.0,0.12307397191753444,10,0.07876886260631366,41.330674616346506
2014-10-31,EW,0.013296806393622186,0.013273224331624478,8.332951413336787e-06,0.023272610600459195,0.0,,10,,
2014-11-30,AIQ,-0.0026727861582464723,-0.0026803857943885623,1.6665139084048874e-05,0.007620002780037036,0.0,0.10179790449974296,10,,
2014-11-30,HC,-0.00464887024859694,-0.004676021007780973,1.6665139084048874e-05,0.027277569063271057,0.0,0.047441660555195664,10,,
2014-11-30,LS1,-0.009095690802557366,-0.009157558724613768,1.6665139084048874e-05,0.06243581896068963,0.0,0.3307631953991919,10,,
2014-11-30,LS2,-0.009033430990796449,-0.009093720961024565,1.6665139084048874e-05,0.0608395601966077,0.0,0.32995318622769115,10,,
2014-11-30,LS3,0.00508765372342885,0.0050804458201150204,1.6665139084048874e-05,0.0071714176243354855,0.0,0.43898121121824213,10,,
2014-11-30,LS4,-0.0023914044925240044,-0.0024137652286138067,1.6665139084048874e-05,0.022414337838020004,0.0,0.3054379665878489,10,,
2014-11-30,LS5,0.004994270115179704,0.004980811443549005,1.6665139084048874e-05,0.01339178941695962,0.0,0.22059493984206452,10,,
2014-11-30,NLS6,-0.0044782723287013805,-0.00449340274908161,1.6665139084048874e-05,0.015198483327567888,0.0,0.11971340309128685,10,,
2014-11-30,NLS7,-0.0044595170980599825,-0.004477339623579324,1.6665139084048874e-05,0.01790236140608223,0.0,0.11015128035291961,10,,
2014-11-30,NLS8,-0.004506256933691346,-0.0045196649091880925,1.6665139084048874e-05,0.013468668778774937,0.0,0.12984597093975345,10,,
2014-11-30,CRE,0.0045162226824223654,0.004502349075033774,1.6665139084048874e-05,0.013811232785879198,0.0,0.4099742632867897,10,,
2014-11-30,SRE_STAR,0.003339456862991,0.0033007527891040223,1.6665139084048874e-05,0.03857525349206605,0.0,0.16802622030049708,10,,
2014-11-30,GS_STAR,-0.00431495415402006,-0.004382958420638627,1.6665139084048874e-05,0.06829897355822893,0.0,0.25301165070108766,10,,
2014-11-30,ID_KAPPA,-0.004069133496661621,-0.0040966740111167965,1.6665139084048874e-05,0.027653038359863737,0.0,0.10883820127132157,10,0.0644543627132704,46.24341526718506
2014-11-30,EW,-0.0020017563570562838,-0.002031690957915888,1.6665139084048874e-05,0.029994642826552703,0.0,,10,,
2014-12-31,AIQ,-0.012044040160517919,-0.012089935836514965,3.3327223783574667e-05,0.04645518409996712,0.0,0.09555587880082587,10,,
2014-12-31,HC,-0.010730010687142492,-0.010751789979227877,3.3327223783574667e-05,0.02201551883777028,0.0,0.05670733605562376,10,,
2014-12-31,LS1,-0.021200514750646215,-0.02126405532816389,3.3327223783574667e-05,0.06491684811367539,0.0,0.3601767802897448,10,,
2014-12-31,LS2,-0.02289515726527717,-0.022976558143495973,3.3327223783574667e-05,0.08330823332227451,0.0,0.3603552287191355,10,,
2014-12-31,LS3,-0.0011415536386367752,-0.0011478773926171248,3.3327223783574667e-05,0.006330981134850117,0.0,0.41050868152508396,10,,
2014-12-31,LS4,-0.009206974937965826,-0.009239972088659454,3.3327223783574667e-05,0.03330377774059989,0.0,0.3217625847352775,10,,
2014-12-31,LS5,-0.001348987789371716,-0.001356711851196124,3.3327223783574667e-05,0.007734495564500454,0.0,0.2329015249802841,10,,
2014-12-31,NLS6,-0.012347980532933909,-0.012374757398892267,3.3327223783574667e-05,0.027111639960695308,0.0,0.14118239475007333,10,,
2014-12-31,NLS7,-0.012005373135250637,-0.012035518366603992,3.3327223783574667e-05,0.030511533700386895,0.0,0.12874880070844835,10,,
2014-12-31,NLS8,-0.0126944652729787,-0.012717957624287513,3.3327223783574667e-05,0.02379440860254471,0.0,0.15436132660042734,10,,
2014-12-31,CRE,-0.0024938484085954967,-0.002504638941786097,3.3327223783574667e-05,0.010817510421784743,0.0,0.42367995017841686,10,,
2014-12-31,SRE_STAR,-0.0031581486851613993,-0.003168753410578984,3.3327223783574667e-05,0.010638322822830268,0.0,0.19809628584979494,10,,
2014-12-31,GS_STAR,-0.010878215143317159,-0.010902864922105127,3.3327223783574667e-05,0.02492087341058474,0.0,0.2581756261996189,10,,
2014-12-31,ID_KAPPA,-0.01042471917756074,-0.01044246511343705,3.3327223783574667e-05,0.01793288112622144,0.0,0.10596698751969878,10,0.05222096317180693,47.29972898957585
2014-12-31,EW,-0.020334762258320285,-0.020358657711342265,3.3327223783574667e-05,0.024391447303984473,0.0,,10,,
2015-01-31,AIQ,0.01166641301663052,0.011607139390339416,1.6665139084048874e-05,0.058590090101467755,0.0,0.08464545164835169,10,,
2015-01-31,HC,0.01565166114062575,0.015605072978442935,1.6665139084048874e-05,0.04587021708841099,0.0,0.03374689167092038,10,,
2015-01-31,LS1,0.002307313083387233,0.0021774165674699475,1.6665139084048874e-05,0.129597493923914,0.0,0.40830309895690564,10,,
2015-01-31,LS2,0.0022402576231564824,0.0020483343852446545,1.6665139084048874e-05,0.19149424147754784,0.0,0.4219101070643836,10,,
2015-01-31,LS3,0.019372274365445256,0.01932752440542851,1.6665139084048874e-05,0.04389952634789447,0.0,0.39413547018158235,10,,
2015-01-31,LS4,0.014831729653511627,0.014774637481436148,1.6665139084048874e-05,0.05625777201028027,0.0,0.30151160552647555,10,,
2015-01-31,LS5,0.0192609468985297,0.019204864666925836,1.6665139084048874e-05,0.05502244717060864,0.0,0.18749833534697113,10,,
2015-01-31,NLS6,0.010100040370203251,0.010051767526581212,1.6665139084048874e-05,0.04779016106579817,0.0,0.08970330285229872,10,,
2015-01-31,NLS7,0.010509924932972047,0.010466015942330209,1.6665139084048874e-05,0.04345231012422499,0.0,0.08114749162058905,10,,
2015-01-31,NLS8,0.009662855431301182,0.009610527610794728,1.6665139084048874e-05,0.05182702347119571,0.0,0.09886878396054681,10,,
2015-01-31,CRE,0.019082768125239232,0.019035655752287273,1.6665139084048874e-05,0.04623017327498169,0.0,0.4128059904164525,10,,
2015-01-31,SRE_STAR,0.019785036387240502,0.019741710433875292,1.6665139084048874e-05,0.04248537860349509,0.0,0.17860108858203053,10,,
2015-01-31,GS_STAR,0.01604132085142877,0.015864345309275718,1.6665139084048874e-05,0.1741814417592395,0.0,0.24023592052550816,10,,
2015-01-31,ID_KAPPA,0.01543962946210517,0.015393602452251187,1.6665139084048874e-05,0.045327175066181155,0.0,0.08944612136437671,10,0.05764455422014232,56.63147888423887
2015-01-31,EW,0.0030688162946140404,0.0030364168872480946,1.6665139084048874e-05,0.03230028372886948,0.0,,10,,
2015-02-28,AIQ,-0.0005158836190194325,-0.0006376240980686676,1.6665139084048874e-05,0.12180331538436301,0.0,0.08471312278261624,10,,
2015-02-28,HC,-0.002084023822266009,-0.002144512813444188,1.6665139084048874e-05,0.06061531493854833,0.0,0.029473361674813806,10,,
2015-02-28,LS1,0.016681588748794815,0.016573783178292167,1.6665139084048874e-05,0.1060367097189135,0.0,0.42206613206284993,10,,
2015-02-28,LS2,0.01849670319634503,0.018436174463836608,1.6665139084048874e-05,0.05942948300033099,0.0,0.42244056289224163,10,,
2015-02-28,LS3,-0.005588671885852861,-0.005596931067323174,1.6665139084048874e-05,0.00830559873641637,0.0,0.38763383189250955,10,,
2015-02-28,LS4,-0.0013522466896816103,-0.001399299010451549,1.6665139084048874e-05,0.04711603327002626,0.0,0.32996219100669283,10,,
2015-02-28,LS5,-0.004512985692706598,-0.004569914238198081,1.6665139084048874e-05,0.05718662792505495,0.0,0.1952704357337987,10,,
2015-02-28,NLS6,0.002860242945269176,0.0028398108164731095,1.6665139084048874e-05,0.020373854622094394,0.0,0.07722709546982842,10,,
2015-02-28,NLS7,0.0025153791279258794,0.002493788618785908,1.6665139084048874e-05,0.021536337087306158,0.0,0.06915127999929585,10,,
2015-02-28,NLS8,0.0032492299377887553,0.003229945207089635,1.6665139084048874e-05,0.019222273113727116,0.0,0.08591399393547682,10,,
2015-02-28,CRE,-0.004222181377903112,-0.0042719740534084005,1.6665139084048874e-05,0.050003800621102185,0.0,0.42976193678084856,10,,
2015-02-28,SRE_STAR,-0.005149169661263597,-0.005240046911346163,1.6665139084048874e-05,0.0913476144474918,0.0,0.19107041390323384,10,,
2015-02-28,GS_STAR,0.0006108263554098049,0.000517891559443262,1.6665139084048874e-05,0.09287806359753402,0.0,0.18168291858425276,10,,
2015-02-28,ID_KAPPA,-0.0019627406254481942,-0.0020185695681197435,1.6665139084048874e-05,0.05593873590099427,0.0,0.09117867808507416,10,0.06357920944523857,53.08195989498923
2015-02-28,EW,0.028187050322679683,0.02815328564734476,1.6665139084048874e-05,0.03283903967129129,0.0,,10,,
2015-03-31,AIQ,-0.0006050846297325821,-0.0006940243740846119,2.4996563158685703e-05,0.08899359300731617,0.0,0.06197898155698892,10,,
2015-03-31,HC,0.00012071262680347386,6.132603732544872e-05,2.4996563158685703e-05,0.05937942163202432,0.0,0.03621070133370808,10,,
2015-03-31,LS1,-0.006344291313058564,-0.006524937105393036,2.4996563158685703e-05,0.18179917928829273,0.0,0.39833151058730787,10,,
2015-03-31,LS2,-0.0065022257578731925,-0.00674707582845091,2.4996563158685703e-05,0.2464525607664001,0.0,0.36960028822782826,10,,
2015-03-31,LS3,0.0025016445554243696,0.0023297996860303094,2.4996563158685703e-05,0.171416047372639,0.0,0.3503052521305244,10,,
2015-03-31,LS4,0.0005686574391284814,0.0003575341002131083,2.4996563158685703e-05,0.21100335029048126,0.0,0.3380300704777854,10,,
2015-03-31,LS5,0.0021814375391158414,0.001994824088307201,2.4996563158685703e-05,0.18620725132061133,0.0,0.20969431951029976,10,,
2015-03-31,NLS6,-0.0008769850843035102,-0.0009217283686044908,2.4996563158685703e-05,0.04478255793628985,0.0,0.10496516606594482,10,,
2015-03-31,NLS7,-0.0008337073721334905,-0.000877030888108532,2.4996563158685703e-05,0.04335966524761397,0.0,0.09419239308406434,10,,
2015-03-31,NLS8,-0.0009340310572831505,-0.0009803656155112916,2.4996563158685703e-05,0.04637787660526266,0.0,0.11651774104647554,10,,
2015-03-31,CRE,0.0013841991398869974,0.0011224845627193503,2.4996563158685703e-05,0.2613528128288623,0.0,0.44722950190509864,10,,
2015-03-31,SRE_STAR,0.0013876289896473598,0.0010681341380442966,2.4996563158685703e-05,0.31905212562420426,0.0,0.19737569924673132,10,,
2015-03-31,GS_STAR,-0.0002737357273679273,-0.00032061562552054834,2.4996563158685703e-05,0.04689273436937896,0.0,0.2559669830490288,10,,
2015-03-31,ID_KAPPA,0.000167141255314595,0.00011673788608956848,2.4996563158685703e-05,0.05039494615060913,0.0,0.06876244329379727,10,0.0337747493203491,68.59007767103843
2015-03-31,EW,-0.013469627313920575,-0.0135048289836468,2.4996563158685703e-05,0.0356822969681153,0.0,,10,,
2015-04-30,AIQ,0.004895771154331738,0.004791330158194107,8.332951413336787e-06,0.10393216802756328,0.0,0.0836822128949904,10,,
2015-04-30,HC,0.003734151219172565,0.0037207678732935623,8.332951413336787e-06,0.013333556363262195,0.0,0.036581967569190854,10,,
2015-04-30,LS1,0.007467109870428138,0.007349284288524105,8.332951413336787e-06,0.11695228633233551,0.0,0.41232599813734855,10,,
2015-04-30,LS2,0.007484910363726965,0.007373258987569686,8.332951413336787e-06,0.11082188428703395,0.0,0.37936348971978817,10,,
2015-04-30,LS3,-0.00031911565860143394,-0.00033429416150509983,8.332951413336787e-06,0.015183348147805876,0.0,0.3311929595071635,10,,
2015-04-30,LS4,0.0025149795886306725,0.0024944347601163486,8.332951413336787e-06,0.020493288312652583,0.0,0.3471272646127677,10,,
2015-04-30,LS5,0.00010236742712215518,8.417646538028123e-05,8.332951413336787e-06,0.01818909977053995,0.0,0.2099534816063837,10,,
2015-04-30,NLS6,0.003720408206076128,0.003704689827277008,8.332951413336787e-06,0.0156601167722161,0.0,0.10511517452216182,10,,
2015-04-30,NLS7,0.0037102730550053822,0.003695309482852238,8.332951413336787e-06,0.014908258443663024,0.0,0.09445961909857978,10,,
2015-04-30,NLS8,0.0037563633568684185,0.003739750492792737,8.332951413336787e-06,0.01655069365652332,0.0,0.1165583213040008,10,,
2015-04-30,CRE,0.0007502855987432252,0.0007054766168326232,8.332951413336787e-06,0.04477538758191453,0.0,0.45258164861262073,10,,
2015-04-30,SRE_STAR,0.0007586210226493464,0.0007138852636965343,8.332951413336787e-06,0.04470184719177854,0.0,0.20169585148961322,10,,
2015-04-30,GS_STAR,0.003551602800070787,0.0035044403664836743,8.332951413336787e-06,0.04699552415190508,0.0,0.259097118821725,10,,
2015-04-30,ID_KAPPA,0.0035070420746092846,0.0034935585667994484,8.332951413336787e-06,0.013436385839299111,0.0,0.08916020247761221,10,0.05457468423728865,51.306579209336185
2015-04-30,EW,0.01965591030511699,0.0196396014962541,8.332951413336787e-06,0.015994423901464605,0.0,,10,,
2015-05-31,AIQ,-0.0014194689704162512,-0.001634542367923153,8.332951413336787e-06,0.2153791214867367,0.0,0.04367366294815033,10,,
2015-05-31,HC,-0.001587746409692139,-0.0016566132762301233,8.332951413336787e-06,0.06897638354335492,0.0,0.03587609293190001,10,,
2015-05-31,LS1,0.0024336401601931486,0.0023481187198783893,8.332951413336787e-06,0.08531381718304816,0.0,0.37717348288650304,10,,
2015-05-31,LS2,0.0024111458426549466,0.002322348499319782,8.332951413336787e-06,0.08858375498275885,0.0,0.33913857807278464,10,,
2015-05-31,LS3,-0.000919353387192994,-0.0009656894663560012,8.332951413336787e-06,0.04637871759417954,0.0,0.3454964479065639,10,,
2015-05-31,LS4,-0.0009859543986878822,-0.0010493314424191436,8.332951413336787e-06,0.06343959227633704,0.0,0.34833749483931736,10,,
2015-05-31,LS5,-0.000987146221165864,-0.0010294739621200533,8.332951413336787e-06,0.04236956591095391,0.0,0.21552608403590887,10,,
2015-05-31,NLS6,-0.0009224368748966591,-0.0009797073004236267,8.332951413336787e-06,0.05732330265506675,0.0,0.10198732981223993,10,,
2015-05-31,NLS7,-0.001002338433282864,-0.0010585294991543037,8.332951413336787e-06,0.056247444847154666,0.0,0.09217578229171786,10,,
2015-05-31,NLS8,-0.0008426910353353024,-0.0009007422542138821,8.332951413336787e-06,0.05810017937888934,0.0,0.11251110099665436,10,,
2015-05-31,CRE,-0.0005931973010716246,-0.0006635105016191689,8.332951413336787e-06,0.07035493490503511,0.0,0.46628398790517445,10,,
2015-05-31,SRE_STAR,-0.0006144128511731448,-0.0006839049995155388,8.332951413336787e-06,0.06953487146097488,0.0,0.20519519135663575,10,,
2015-05-31,GS_STAR,-0.001003544491750657,-0.0010480502879069986,8.332951413336787e-06,0.04455050456971,0.0,0.19172993890584625,10,,
2015-05-31,ID_KAPPA,-0.0015826722373857864,-0.0016470745071867077,8.332951413336787e-06,0.0645043590591477,0.0,0.0470471289925623,10,0.011586722389898078,96.34844937184748
2015-05-31,EW,-0.0009181416869998626,-0.0009528015620123842,8.332951413336787e-06,0.034691726933168146,0.0,,10,,
2015-06-30,AIQ,-0.011527299780973803,-0.011530181557360852,8.332951413336787e-06,0.0029153828795848366,0.0,0.048091041398803505,10,,
2015-06-30,HC,-0.011533742351816355,-0.011552687349046797,8.332951413336787e-06,0.019166053554043702,0.0,0.03619150050781164,10,,
2015-06-30,LS1,-0.016354249003312366,-0.016420931498823288,8.332951413336787e-06,0.06779116917175887,0.0,0.37255718144205313,10,,
2015-06-30,LS2,-0.01606957740313551,-0.016135310227159305,8.332951413336787e-06,0.06680637422544736,0.0,0.3338703206721675,10,,
2015-06-30,LS3,-0.012051917859464887,-0.012057403904933262,8.332951413336787e-06,0.005552969399389623,0.0,0.354866332980251,10,,
2015-06-30,LS4,-0.01206682570984428,-0.012088067154854776,8.332951413336787e-06,0.02150089253322261,0.0,0.3596683068641027,10,,
2015-06-30,LS5,-0.012046040778370917,-0.01206423730612094,8.332951413336787e-06,0.018418396505363335,0.0,0.20352115734105344,10,,
2015-06-30,NLS6,-0.011933118960796726,-0.011933891292838172,8.332951413336787e-06,0.0007816596794286076,0.0,0.10062130409148409,10,,
2015-06-30,NLS7,-0.011894039727826499,-0.01189835965513697,8.332951413336787e-06,0.004371927186089711,0.0,0.09132553951322933,10,,
2015-06-30,NLS8,-0.011921395820768682,-0.011927877482347693,8.332951413336787e-06,0.006559864318066616,0.0,0.11063549349535307,10,,
2015-06-30,CRE,-0.013001670295184894,-0.013019834239103023,8.332951413336787e-06,0.018403216471016823,0.0,0.46390515523021836,10,,
2015-06-30,SRE_STAR,-0.01293654212719025,-0.01295541322675875,8.332951413336787e-06,0.019118425890492556,0.0,0.19505716240264534,10,,
2015-06-30,GS_STAR,-0.011844953273858861,-0.01191643081427407,8.332951413336787e-06,0.07233433726016512,0.0,0.23691593523698756,10,,
2015-06-30,ID_KAPPA,-0.011536943178111037,-0.011555570313152908,8.332951413336787e-06,0.01884454346909368,0.0,0.05058186856875279,10,0.014930733717873537,89.13157855621361
2015-06-30,EW,-0.0180016786625412,-0.018014710977337756,8.332951413336787e-06,0.013271219016713257,0.0,,10,,
2015-07-31,AIQ,0.001750721010159551,0.001666289449817615,6.66422347088691e-05,0.084284002567755,0.0,0.03982000250645294,10,,
2015-07-31,HC,0.0022180630830364893,0.002199942855962478,6.66422347088691e-05,0.018080124217924966,0.0,0.023997628121636,10,,
2015-07-31,LS1,0.0014687525379038027,0.0014073477632714493,6.66422347088691e-05,0.06131471848393099,0.0,0.37227628727041356,10,,
2015-07-31,LS2,0.0017944923021936154,0.0017345012336225096,6.66422347088691e-05,0.05988360789761678,0.0,0.3358308752162426,10,,
2015-07-31,LS3,0.00452180360691034,0.004443507736691332,6.66422347088691e-05,0.07794342535711564,0.0,0.3506744323100014,10,,
2015-07-31,LS4,0.003231938213768268,0.0031504868750797943,6.66422347088691e-05,0.08118894104730592,0.0,0.3665451979012245,10,,
2015-07-31,LS5,0.0031889812521879828,0.003127032235511029,6.66422347088691e-05,0.061752090418378466,0.0,0.20372063542585667,10,,
2015-07-31,NLS6,0.0019377636654552553,0.0018828428781070272,6.66422347088691e-05,0.0548145696667234,0.0,0.06692188708383999,10,,
2015-07-31,NLS7,0.002041797034613116,0.001991446379236761,6.66422347088691e-05,0.05024805903851042,0.0,0.059927628864828844,10,,
2015-07-31,NLS8,0.0018189704318793353,0.0017632370372897554,6.66422347088691e-05,0.055632201260641286,0.0,0.07457784438306748,10,,
2015-07-31,CRE,0.002255309954871153,0.0022023656212442067,6.66422347088691e-05,0.05282519643552139,0.0,0.4704054202692352,10,,
2015-07-31,SRE_STAR,0.0022426200130639543,0.0022128050377088204,6.66422347088691e-05,0.02974826130894457,0.0,0.20092780441430236,10,,
2015-07-31,GS_STAR,-0.00018461849234584172,-0.0002988270408535998,6.66422347088691e-05,0.11422963741112253,0.0,0.24563535382450494,10,,
2015-07-31,ID_KAPPA,0.002311362199929816,0.0022946403883619126,6.66422347088691e-05,0.01668325053322941,0.0,0.043836164422477154,10,0.02032631976360968,100.70212781670729
2015-07-31,EW,-0.015675903559146134,-0.01568763075910884,6.66422347088691e-05,0.011913962083342194,0.0,,10,,
2015-08-31,AIQ,-0.008705471931731127,-0.008812765565704206,6.66422347088691e-05,0.1082358783743204,0.0,0.060460357397408446,10,,
2015-08-31,HC,-0.006805379221449037,-0.006819761658603873,6.66422347088691e-05,0.014480985754344741,0.0,0.022248694978373104,10,,
2015-08-31,LS1,-0.022136503390205054,-0.02216903252309732,6.66422347088691e-05,0.03326551507966734,0.0,0.33820948391308886,10,,
2015-08-31,LS2,-0.020835705045792966,-0.020862072850668545,6.66422347088691e-05,0.026928887227023066,0.0,0.3052864913915507,10,,
2015-08-31,LS3,-0.006615370291446894,-0.006634677575775849,6.66422347088691e-05,0.019435859738045208,0.0,0.40473293059495197,10,,
2015-08-31,LS4,-0.008312011333509822,-0.008334449704702429,6.66422347088691e-05,0.022626442438719883,0.0,0.3924164134434668,10,,
2015-08-31,LS5,-0.006439552561591646,-0.006455827095771749,6.66422347088691e-05,0.01638001414210553,0.0,0.21469476878759103,10,,
2015-08-31,NLS6,-0.010496358452120137,-0.010534043499702661,6.66422347088691e-05,0.03808479928734471,0.0,0.0651685010901458,10,,
2015-08-31,NLS7,-0.01013677157305162,-0.010175781469217271,6.66422347088691e-05,0.03940938004909767,0.0,0.058374562188380254,10,,
2015-08-31,NLS8,-0.010870264705037876,-0.01090662093899164,6.66422347088691e-05,0.03675577900096187,0.0,0.07258681513333591,10,,
2015-08-31,CRE,-0.006729294348119016,-0.006771008858957317,6.66422347088691e-05,0.04199712183299379,0.0,0.4923809501713285,10,,
2015-08-31,SRE_STAR,-0.006696176491385528,-0.0067402169691771485,6.66422347088691e-05,0.044337368637128366,0.0,0.23101617176318381,10,,
2015-08-31,GS_STAR,-0.009249867316439845,-0.009294601761755006,6.66422347088691e-05,0.045152096214273664,0.0,0.23842625608239654,10,,
2015-08-31,ID_KAPPA,-0.006922257832475322,-0.006934571954115509,6.66422347088691e-05,0.012399957342060682,0.0,0.06527569793466535,10,0.044006080825778816,63.398532815338235
2015-08-31,EW,-0.03979084525115769,-0.03983615530619433,6.66422347088691e-05,0.047187693235903855,0.0,,10,,
2015-09-30,AIQ,0.0017040461718255723,0.0014703312493371534,0.0,0.23331733897021478,0.0,0.06366655521215256,10,,
2015-09-30,HC,0.0021369742184958766,0.0020589787593319198,0.0,0.07782914029753438,0.0,0.020919721733877766,10,,
2015-09-30,LS1,-0.013257055042900187,-0.013354111739323882,0.0,0.0983606692297758,0.0,0.34089872289119144,10,,
2015-09-30,LS2,-0.013192426066045301,-0.013308768882338118,0.0,0.11789817930660824,0.0,0.3159830516701113,10,,
2015-09-30,LS3,0.0002981816219740683,0.00019095995945317412,0.0,0.10718970052211912,0.0,0.361244861257548,10,,
2015-09-30,LS4,-0.000592666121493999,-0.0007118800928778146,0.0,0.11928466736504054,0.0,0.3768353301622693,10,,
2015-09-30,LS5,-0.0010437042572455713,-0.0011515206606445005,0.0,0.10792904940721565,0.0,0.18590537483610617,10,,
2015-09-30,NLS6,0.0002755160611193465,0.0001843312889644455,0.0,0.09115965620560167,0.0,0.062075156416424894,10,,
2015-09-30,NLS7,0.0005574457829805636,0.0004635775896852934,0.0,0.0938158960197754,0.0,0.05570479813639248,10,,
2015-09-30,NLS8,-2.7361537700937213e-05,-0.00011597172287958202,0.0,0.08861260975601559,0.0,0.06901310830954477,10,,
2015-09-30,CRE,-0.0018466615526095997,-0.001989241929477692,0.0,0.14284416168953426,0.0,0.4587256876940718,10,,
2015-09-30,SRE_STAR,-0.0018045593954722488,-0.0019486121541666401,0.0,0.1443131803999892,0.0,0.19040437524192688,10,,
2015-09-30,GS_STAR,-0.0015851892933985373,-0.0016716589357722578,0.0,0.08660693075306225,0.0,0.21754505192345713,10,,
2015-09-30,ID_KAPPA,0.002170723060382339,0.0020938022738148376,0.0,0.076754174510972,0.0,0.0666255153857632,10,0.046682375966991055,66.85015041778043
2015-09-30,EW,-0.025669353635769644,-0.025706395892698408,0.0,0.03801815848351972,0.0,,10,,
2015-10-31,AIQ,0.0016349690684374673,0.0015482318119353078,6.66422347088691e-05,0.08659567525155049,0.0,0.08592243585771865,10,,
2015-10-31,HC,0.0021689938720782544,0.0021079959345813304,6.66422347088691e-05,0.06086591969009678,0.0,0.03861353912946436,10,,
2015-10-31,LS1,0.02793225605377787,0.027846280053010375,6.66422347088691e-05,0.08363975374939062,0.0,0.3077599456025208,10,,
2015-10-31,LS2,0.028273538771391993,0.02819681264673113,6.66422347088691e-05,0.07461645347065668,0.0,0.29072802748167564,10,,
2015-10-31,LS3,0.004122149494061041,0.004026792755666975,6.66422347088691e-05,0.09496527732420545,0.0,0.3514624106687451,10,,
2015-10-31,LS4,0.004967530352368765,0.004882773674514285,6.66422347088691e-05,0.08433772763265335,0.0,0.36575893426071804,10,,
2015-10-31,LS5,0.0048523793609515685,0.0047285450925547146,6.66422347088691e-05,0.12323627921902862,0.0,0.1622720906916028,10,,
2015-10-31,NLS6,0.005847565694711732,0.00576501350501224,6.66422347088691e-05,0.08207226672812223,0.0,0.09620549450367685,10,,
2015-10-31,NLS7,0.005331900950859581,0.0052526666446699455,6.66422347088691e-05,0.07881407733578318,0.0,0.08796073235516812,10,,
2015-10-31,NLS8,0.006382924426081289,0.0062975642245231,6.66422347088691e-05,0.08481880950723483,0.0,0.10508729096916494,10,,
2015-10-31,CRE,0.0020096390913529674,0.0015609987446143503,6.66422347088691e-05,0.4477405498269254,0.0,0.20781945285726158,10,,
2015-10-31,SRE_STAR,0.0012355699377139613,0.0007105420346804614,6.66422347088691e-05,0.5243799948759474,0.0,0.06777761852793873,10,,
2015-10-31,GS_STAR,0.006517604348194623,0.006406191086278268,6.66422347088691e-05,0.11069181645219443,0.0,0.30435630126441393,10,,
2015-10-31,ID_KAPPA,0.00255303856872757,0.0024977790562865643,6.66422347088691e-05,0.055118792039054246,0.0,0.09261783118222601,10,0.0561733436560578,49.21650515215779
2015-10-31,EW,0.052630138451035674,0.05261038684084163,6.66422347088691e-05,0.018764055362432558,0.0,,10,,
2015-11-30,AIQ,-0.004519385360657846,-0.004617623124936077,0.0001831487316386,0.09868375419223921,0.0,0.07037153595503398,10,,
2015-11-30,HC,-0.006581031893174671,-0.006595109692704826,0.0001831487316386,0.01417105972614644,0.0,0.02994218970169809,10,,
2015-11-30,LS1,-0.017755813681532433,-0.017888126148908445,0.0001831487316386,0.1347042509581194,0.0,0.294436731097242,10,,
2015-11-30,LS2,-0.017611286627349655,-0.017753676751624647,0.0001831487316386,0.1449427526361912,0.0,0.26961417856720454,10,,
2015-11-30,LS3,-0.0056889857980362115,-0.005729961062381439,0.0001831487316386,0.041209705776199486,0.0,0.318070825363945,10,,
2015-11-30,LS4,-0.0069730235788673335,-0.007018832902560113,0.0001831487316386,0.04613099621704395,0.0,0.31821235196201497,10,,
2015-11-30,LS5,-0.006956387436645015,-0.006978957413119269,0.0001831487316386,0.02272808181698303,0.0,0.14286439575917534,10,,
2015-11-30,NLS6,-0.006513069574076208,-0.006522797055082408,0.0001831487316386,0.009791252112425696,0.0,0.07851765411902492,10,,
2015-11-30,NLS7,-0.00650015534981401,-0.006511638457539215,0.0001831487316386,0.011558238068288203,0.0,0.07113779125680318,10,,
2015-11-30,NLS8,-0.006526874478982012,-0.006534846926708027,0.0001831487316386,0.008024824749809782,0.0,0.08655045502484132,10,,
2015-11-30,CRE,-0.008035260120713116,-0.008364846219918953,0.0001831487316386,0.3322558614793952,0.0,0.423100987671029,10,,
2015-11-30,SRE_STAR,-0.00807650765194805,-0.008487645051234005,0.0001831487316386,0.4144849904832754,0.0,0.13215560485546637,10,,
2015-11-30,GS_STAR,-0.008265452040047793,-0.00831088512820155,0.0001831487316386,0.04581174291774415,0.0,0.24431327527920302,10,,
2015-11-30,ID_KAPPA,-0.0063743030706835315,-0.006386489820017438,0.0001831487316386,0.012264929713078083,0.0,0.07738028341533272,10,0.04890233675768942,61.19105711685652
2015-11-30,EW,-0.019117419846441497,-0.01914485278122524,0.0001831487316386,0.027967603196243154,0.0,,10,,
2015-12-31,AIQ,-0.009180318064370517,-0.009205099044343967,0.0001332356553898,0.02501058509970499,0.0,0.06192703676409461,10,,
2015-12-31,HC,-0.007782149461971242,-0.007813842537010895,0.0001332356553898,0.031941649731973436,0.0,0.020817479327095486,10,,
2015-12-31,LS1,-0.014034178399346512,-0.01410192153761447,0.0001332356553898,0.0687073900371026,0.0,0.29125210615859554,10,,
2015-12-31,LS2,-0.014013665312648024,-0.014077882290387311,0.0001332356553898,0.06512968332327175,0.0,0.26909925520451633,10,,
2015-12-31,LS3,-0.005941910336984812,-0.005989423704843122,0.0001332356553898,0.04779737557836911,0.0,0.30780348419849357,10,,
2015-12-31,LS4,-0.007638833775725798,-0.007717789432045374,0.0001332356553898,0.07956342812149347,0.0,0.30853113018836864,10,,
2015-12-31,LS5,-0.006518455406205117,-0.0065596659822031445,0.0001332356553898,0.04148096783704932,0.0,0.1484887085098441,10,,
2015-12-31,NLS6,-0.008962049267597607,-0.008986768337825413,0.0001332356553898,0.02494260710155522,0.0,0.049138534717654246,10,,
2015-12-31,NLS7,-0.008816074075133233,-0.008841024007967602,0.0001332356553898,0.025171849726210102,0.0,0.05115121822980303,10,,
2015-12-31,NLS8,-0.009274938601919127,-0.009342372587763381,0.0001332356553898,0.06806528720401267,0.0,0.04715771768724542,10,,
2015-12-31,CRE,-0.006639890077665262,-0.0066865222646664835,0.0001332356553898,0.04694388926577881,0.0,0.42739450904930587,10,,
2015-12-31,SRE_STAR,-0.006639838624482431,-0.0066851817385626955,0.0001332356553898,0.04564619746516863,0.0,0.1490543728165992,10,,
2015-12-31,GS_STAR,-0.0077677706028051585,-0.007824624973901018,0.0001332356553898,0.05729946015795874,0.0,0.28456843129154347,10,,
2015-12-31,ID_KAPPA,-0.007630979266827488,-0.007658000764906303,0.0001332356553898,0.027229284181792417,0.0,0.06825210249716263,10,0.04844308611378219,69.51889499813343
2015-12-31,EW,-0.021533225775245333,-0.021558788993396583,0.0001332356553898,0.026125790701022417,0.0,,10,,
2016-01-31,AIQ,0.00927882875687581,0.009185873105801212,0.0002745849373302,0.09210106110038818,0.0,0.04664513195095691,10,,
2016-01-31,HC,0.010187151258881047,0.010153832675106278,0.0002745849373302,0.03298258519069622,0.0,0.009370596098709036,10,,
2016-01-31,LS1,-0.0031135954436960103,-0.0031862148555208414,0.0002745849373302,0.07284622550063215,0.0,0.2743153668960993,10,,
2016-01-31,LS2,-0.00300840009977567,-0.003080744396658175,0.0002745849373302,0.07256259419821721,0.0,0.254400550883096,10,,
2016-01-31,LS3,0.011104504680410682,0.011048797136508526,0.0002745849373302,0.05509573307632305,0.0,0.2926338471503187,10,,
2016-01-31,LS4,0.009379737649578364,0.009319064990576775,0.0002745849373302,0.06010885372326329,0.0,0.28731082639711314,10,,
2016-01-31,LS5,0.010501203493508922,0.010461393592027912,0.0002745849373302,0.03939619403065171,0.0,0.1558387913021615,10,,
2016-01-31,NLS6,0.006859059047929913,0.006814792759551214,0.0002745849373302,0.043964731688006436,0.0,0.02451497798277856,10,,
2016-01-31,NLS7,0.007082477029682593,0.0070087364338131675,0.0002745849373302,0.07322200271715293,0.0,0.023145614767037023,10,,
2016-01-31,NLS8,0.0064966464852066535,0.006407251663175462,0.0002745849373302,0.08881780415604866,0.0,0.02591102547962133,10,,
2016-01-31,CRE,0.010853346555006216,0.010811897585301766,0.0002745849373302,0.041003939736466884,0.0,0.42256862436650683,10,,
2016-01-31,SRE_STAR,0.010893269697626959,0.01085286146295461,0.0002745849373302,0.03997280017941364,0.0,0.14594600499769783,10,,
2016-01-31,GS_STAR,0.007032341970947976,0.006964301226372038,0.0002745849373302,0.0675656001700027,0.0,0.3176167965961575,10,,
2016-01-31,ID_KAPPA,0.010102146817127795,0.010071345514517827,0.0002745849373302,0.03049325526828458,0.0,0.050840020564565234,10,0.041861693487535774,95.05476502256647
2016-01-31,EW,-0.03644542216564278,-0.03646287598990339,0.0002745849373302,0.018113996510589425,0.0,,10,,
2016-02-29,AIQ,0.006735177737655562,0.0066179371188768155,0.0002745849373302,0.11645626513441214,0.0,0.03199118344801516,10,,
2016-02-29,HC,0.00672202102184708,0.006657073427623228,0.0002745849373302,0.06451393022862055,0.0,0.011388745605832983,10,,
2016-02-29,LS1,0.013742552267575436,0.013693225049613122,0.0002745849373302,0.048658525630495504,0.0,0.2678577292838607,10,,
2016-02-29,LS2,0.013470688558091894,0.013409616369711053,0.0002745849373302,0.06026043877769421,0.0,0.24132417567018974,10,,
2016-02-29,LS3,0.006960417062172693,0.00688783920438607,0.0002745849373302,0.07207617753065622,0.0,0.2653065227284826,10,,
2016-02-29,LS4,0.006639131377930974,0.0065897471459748225,0.0002745849373302,0.04905852595714633,0.0,0.26249497447345677,10,,
2016-02-29,LS5,0.008656360865142081,0.008547336475866585,0.0002745849373302,0.10808873418691163,0.0,0.15949934502220095,10,,
2016-02-29,NLS6,0.006335593754544569,0.006290145014359094,0.0002745849373302,0.04516260824669379,0.0,0.03294578732010149,10,,
2016-02-29,NLS7,0.006381340427109029,0.006314702349081047,0.0002745849373302,0.06621553416294054,0.0,0.02992568930605633,10,,
2016-02-29,NLS8,0.006288161429029879,0.0062423084622440506,0.0002745849373302,0.04556643766981842,0.0,0.03623670841731355,10,,
2016-02-29,CRE,0.009864455930244535,0.009706326811566024,0.0002745849373302,0.1565844978006972,0.0,0.40912937910152786,10,,
2016-02-29,SRE_STAR,0.009912086743160384,0.00976010291194318,0.0002745849373302,0.15049214007051726,0.0,0.11543191083784425,10,,
2016-02-29,GS_STAR,0.0061172262386886105,0.0059932023347881724,0.0002745849373302,0.12326983443476522,0.0,0.260185100136989,10,,
2016-02-29,ID_KAPPA,0.006714197938779722,0.006651406131632065,0.0002745849373302,0.06237302232962921,0.0,0.03243954587974613,10,0.02129330429968926,153.9453925901345
2016-02-29,EW,0.00786469467197245,0.007830534446884752,0.0002745849373302,0.033893661786497276,0.0,,10,,
2016-03-31,AIQ,0.017249582010476366,0.01715566387387457,0.0001748317881415,0.09232555929496385,0.0,0.035630347699557724,10,,
2016-03-31,HC,0.014792517740626699,0.014780329921318058,0.0001748317881415,0.012010158821204792,0.0,0.009652905194915134,10,,
2016-03-31,LS1,0.03334636724265486,0.0332511673982363,0.0001748317881415,0.09212771964609855,0.0,0.284789873142481,10,,
2016-03-31,LS2,0.03234425751552273,0.032266821909733956,0.0001748317881415,0.07500947985644221,0.0,0.2504636554684487,10,,
2016-03-31,LS3,0.013796790590817159,0.013770697419626332,0.0001748317881415,0.025738068450338932,0.0,0.24593154025478936,10,,
2016-03-31,LS4,0.015201877033280593,0.01518317332176311,0.0001748317881415,0.01842363764366258,0.0,0.2781002304221383,10,,
2016-03-31,LS5,0.01503731105631901,0.01502689958380321,0.0001748317881415,0.010257231337684062,0.0,0.16013473801667863,10,,
2016-03-31,NLS6,0.01723187692585353,0.017212536160842173,0.0001748317881415,0.019013133042774792,0.0,0.029452426336949018,10,,
2016-03-31,NLS7,0.01687595315403947,0.016859773658120636,0.0001748317881415,0.0159109829165579,0.0,0.026722687399695147,10,,
2016-03-31,NLS8,0.017620124579159333,0.017599260875962086,0.0001748317881415,0.020502447517842567,0.0,0.03242166617602339,10,,
2016-03-31,CRE,0.01647096844339887,0.0164528595321487,0.0001748317881415,0.017815473154010403,0.0,0.4123952684749192,10,,
2016-03-31,SRE_STAR,0.01613196186610673,0.01611435848182241,0.0001748317881415,0.017323915539357908,0.0,0.11227024813819207,10,,
2016-03-31,GS_STAR,0.017303831873849502,0.01722168561181836,0.0001748317881415,0.08074899499766384,0.0,0.2948659319280703,10,,
2016-03-31,ID_KAPPA,0.014765418658052282,0.014753296216506895,0.0001748317881415,0.011946053070583662,0.0,0.038118348647482314,10,0.028742895901733182,128.48470604890034
2016-03-31,EW,0.061701967178786475,0.061680509614923995,0.0001748317881415,0.02021053414777796,0.0,,10,,
2016-04-30,AIQ,0.009020459887604063,0.008897897583426184,0.0001831487316386,0.12146661940980288,0.0,0.04195441103944028,10,,
2016-04-30,HC,0.008244186345456537,0.008177537048656092,0.0001831487316386,0.06610432046424009,0.0,0.006525141736195557,10,,
2016-04-30,LS1,0.018104609156488358,0.017848884865709458,0.0001831487316386,0.25117683239903793,0.0,0.20137977716970754,10,,
2016-04-30,LS2,0.017606733480820487,0.01735993711715489,0.0001831487316386,0.24252626829771828,0.0,0.1737844540301439,10,,
2016-04-30,LS3,0.006268761698147788,0.006123081277332965,0.0001831487316386,0.14477287416637533,0.0,0.21298375629886787,10,,
2016-04-30,LS4,0.007435043967284794,0.007326721566977001,0.0001831487316386,0.10752296235513768,0.0,0.2108458084558383,10,,
2016-04-30,LS5,0.008567357424875794,0.008423043291651888,0.0001831487316386,0.14308824508493753,0.0,0.1091387988096116,10,,
2016-04-30,NLS6,0.008671666930785624,0.008584465748385561,0.0001831487316386,0.08645150375390981,0.0,0.02153753324555447,10,,
2016-04-30,NLS7,0.00857838820603694,0.008494184650025272,0.0001831487316386,0.0834873689505163,0.0,0.019361015374289133,10,,
2016-04-30,NLS8,0.008772459804542663,0.008683855991657108,0.0001831487316386,0.0878332988022841,0.0,0.023943371265085292,10,,
2016-04-30,CRE,0.010338295341919402,0.010180637230963852,0.0001831487316386,0.15604487297212793,0.0,0.38449204574548607,10,,
2016-04-30,SRE_STAR,0.01029065369222007,0.010137769310213818,0.0001831487316386,0.15132712694870298,0.0,0.11185243281668124,10,,
2016-04-30,GS_STAR,0.008950708749760828,0.008801829338519696,0.0001831487316386,0.14755865668173282,0.0,0.19203019448235567,10,,
2016-04-30,ID_KAPPA,0.008125915476271095,0.008058489340549313,0.0001831487316386,0.06688265293714019,0.0,0.0445306167170566,10,0.03825509489719696,118.93713238575431
2016-04-30,EW,0.020352447817399134,0.020325975654381434,0.0001831487316386,0.025944136336648174,0.0,,10,,
2016-05-31,AIQ,0.0027438701557274967,0.0026156682201297077,0.0002828927622806,0.1278511287013522,0.0,0.034459781421458564,10,,
2016-05-31,HC,0.0027127981111982166,0.002625260851154554,0.0002828927622806,0.08730043159776071,0.0,0.010859745030428834,10,,
2016-05-31,LS1,-0.000698384892297024,-0.000813341153335756,0.0002828927622806,0.11503660086288876,0.0,0.2101677307529073,10,,
2016-05-31,LS2,-0.0003736753468417198,-0.0004851535110944605,0.0002828927622806,0.11151983646625113,0.0,0.18021453123704476,10,,
2016-05-31,LS3,0.0011132017932208832,0.001068666677544572,0.0002828927622806,0.044485594233193176,0.0,0.22051877721257848,10,,
2016-05-31,LS4,0.002273277910281715,0.002244827901927149,0.0002828927622806,0.028385480269259498,0.0,0.22099674224009436,10,,
2016-05-31,LS5,-0.0003059106149295226,-0.0003512132983004568,0.0002828927622806,0.04531654618346306,0.0,0.14481732691765625,10,,
2016-05-31,NLS6,0.002484122027240783,0.00244433945592748,0.0002828927622806,0.03968399143591944,0.0,0.034920078857494305,10,,
2016-05-31,NLS7,0.0023890338160168713,0.0023497929199787215,0.0002828927622806,0.039147371643475516,0.0,0.03158082452916642,10,,
2016-05-31,NLS8,0.00258531281054931,0.0025450841904992583,0.0002828927622806,0.04012488467160182,0.0,0.038572473592708593,10,,
2016-05-31,CRE,-0.0007762609152807909,-0.0008319993730837583,0.0002828927622806,0.05578175900220292,0.0,0.3978305402284388,10,,
2016-05-31,SRE_STAR,-0.0007585113988760298,-0.0008098982684148215,0.0002828927622806,0.051425876652398284,0.0,0.11342325933344825,10,,
2016-05-31,GS_STAR,0.002213755877702505,0.0020885370323138197,0.0002828927622806,0.12494225374006714,0.0,0.1633230319197469,10,,
2016-05-31,ID_KAPPA,0.0026090333898699763,0.0025318206180660052,0.0002828927622806,0.07701184532820105,0.0,0.035584081489942486,10,0.024995784303889736,144.74548891130567
2016-05-31,EW,0.0022976744646727937,0.002268929366532335,0.0002828927622806,0.02867920266867406,0.0,,10,,
2016-06-30,AIQ,0.015520992461682563,0.015471236534434052,0.0002164089003005,0.04899546894440732,0.0,0.03361912154652232,10,,
2016-06-30,HC,0.016393646996288976,0.016336238278719994,0.0002164089003005,0.05648275915385069,0.0,0.007535928281214563,10,,
2016-06-30,LS1,0.021135207841615454,0.02097961624455058,0.0002164089003005,0.1523712000820084,0.0,0.24704810711379765,10,,
2016-06-30,LS2,0.019774085060169626,0.01965231268900869,0.0002164089003005,0.11941112540975206,0.0,0.20646274537345097,10,,
2016-06-30,LS3,0.017129634841242084,0.017090076678489385,0.0002164089003005,0.03889195771893442,0.0,0.2201977095271564,10,,
2016-06-30,LS4,0.01639474052571115,0.016357882930865042,0.0002164089003005,0.0362630712031772,0.0,0.2293599520313159,10,,
2016-06-30,LS5,0.018471608464457296,0.018420340780807898,0.0002164089003005,0.05033786236492064,0.0,0.1624590011306891,10,,
2016-06-30,NLS6,0.016027898496614127,0.015943997302182655,0.0002164089003005,0.08257764826701638,0.0,0.023951767600255334,10,,
2016-06-30,NLS7,0.016101854273549387,0.016021931346526852,0.0002164089003005,0.07865641292393402,0.0,0.02151376370643864,10,,
2016-06-30,NLS8,0.015948086882046505,0.01586036047810735,0.0002164089003005,0.08634929783505083,0.0,0.02661990975444293,10,,
2016-06-30,CRE,0.01906426334392263,0.01900125873505587,0.0002164089003005,0.06182594281141077,0.0,0.3994453917095202,10,,
2016-06-30,SRE_STAR,0.019105219239627998,0.01904857580923891,0.0002164089003005,0.055581533014944624,0.0,0.10419948738251536,10,,
2016-06-30,GS_STAR,0.01672482860689539,0.016679841241051152,0.0002164089003005,0.044247336721186636,0.0,0.12327601105713842,10,,
2016-06-30,ID_KAPPA,0.016373901688219155,0.01631820316989252,0.0002164089003005,0.054801208722601184,0.0,0.03383583808715693,10,0.02649960895853451,150.1300823335228
2016-06-30,EW,0.016472274987229953,0.01644726008717612,0.0002164089003005,0.02460952518769187,0.0,,10,,
2016-07-31,AIQ,0.007922024676047912,0.007842502711970623,0.0002330344234704,0.07889694056714944,0.0,0.03342319854215619,10,,
2016-07-31,HC,0.007923862874119112,0.00787489449448997,0.0002330344234704,0.04858341133984506,0.0,0.008682006953041683,10,,
2016-07-31,LS1,0.022233298503299748,0.022128129999910318,0.0002330344234704,0.10288111680909502,0.0,0.25407143047137776,10,,
2016-07-31,LS2,0.021037331212206557,0.02095725921604763,0.0002330344234704,0.07842220231440691,0.0,0.21529458244409372,10,,
2016-07-31,LS3,0.00826795516661336,0.008201903321416681,0.0002330344234704,0.06551020971964806,0.0,0.23494154680164592,10,,
2016-07-31,LS4,0.008172495315566982,0.008116113338553,0.0002330344234704,0.05592493077923229,0.0,0.23961016645236263,10,,
2016-07-31,LS5,0.009086499347619952,0.009070940385335069,0.0002330344234704,0.015418858833915002,0.0,0.16310254957319473,10,,
2016-07-31,NLS6,0.008838491024771673,0.008722842479450543,0.0002330344234704,0.11463534188077687,0.0,0.027438135591044126,10,,
2016-07-31,NLS7,0.008767359364700657,0.008654256355849821,0.0002330344234704,0.11212001241017235,0.0,0.024652779427530573,10,,
2016-07-31,NLS8,0.008918825622563138,0.008800336579562806,0.0002330344234704,0.11744160183283936,0.0,0.03048498478059443,10,,
2016-07-31,CRE,0.010817213765953813,0.010770278283878776,0.0002330344234704,0.04643320417960681,0.0,0.40250259247163805,10,,
2016-07-31,SRE_STAR,0.010419155300782414,0.01037366950800811,0.0002330344234704,0.04501675620034687,0.0,0.10394022183727801,10,,
2016-07-31,GS_STAR,0.008257716349481801,0.008192960494403323,0.0002330344234704,0.06422549912407308,0.0,0.10210084291180356,10,,
2016-07-31,ID_KAPPA,0.007958910268376737,0.007910605644712687,0.0002330344234704,0.04792320715859062,0.0,0.033818860712782735,10,0.02535700343991492,148.85373908456677
2016-07-31,EW,0.026462834641062395,0.02643416149900002,0.0002330344234704,0.027933931063838666,0.0,,10,,
2016-08-31,AIQ,6.170047097964411e-05,3.4838311378626585e-05,0.0002745849373302,0.026860502295542658,0.0,0.025225038413519744,10,,
2016-08-31,HC,0.0005387656878502578,0.0005146625831298213,0.0002745849373302,0.02409012578707717,0.0,0.017215096114289046,10,,
2016-08-31,LS1,0.0015528030365058562,0.0014090208591115427,0.0002745849373302,0.14355925814236364,0.0,0.25687280986782857,10,,
2016-08-31,LS2,0.0020052867963380183,0.0018887304541808092,0.0002745849373302,0.11632308101881192,0.0,0.22556341783453396,10,,
2016-08-31,LS3,-0.00040830488686285704,-0.0004531844419261022,0.0002745849373302,0.04489788708999065,0.0,0.2305696888017442,10,,
2016-08-31,LS4,0.00028619911093132364,0.00025798177215707874,0.0002745849373302,0.02820926530752356,0.0,0.23272734541592982,10,,
2016-08-31,LS5,0.000676593721678341,0.0006458616475251144,0.0002745849373302,0.030711295083844545,0.0,0.1538100972465209,10,,
2016-08-31,NLS6,0.0011010428092126357,0.0010646872822452913,0.0002745849373302,0.03631554200093268,0.0,0.05353083426379061,10,,
2016-08-31,NLS7,0.0010168664057460188,0.0009838021928749718,0.0002745849373302,0.033030625137784625,0.0,0.04873026316638321,10,,
2016-08-31,NLS8,0.0011890666868585853,0.0011491422072140711,0.0002745849373302,0.039877063157086445,0.0,0.05863044774413431,10,,
2016-08-31,CRE,0.000603119345981761,0.0005617589893105457,0.0002745849373302,0.04133542647571424,0.0,0.3951658948217995,10,,
2016-08-31,SRE_STAR,0.0010202286988889207,0.0009787963810861111,0.0002745849373302,0.04139009044464424,0.0,0.092811694928342,10,,
2016-08-31,GS_STAR,0.0009914316613234854,0.0009503294238808468,0.0002745849373302,0.04106152774397552,0.0,0.08268821223597833,10,,
2016-08-31,ID_KAPPA,0.000533145821666692,0.0005091326922008754,0.0002745849373302,0.024000333788113604,0.0,0.026024647831818373,10,0.008963865524082164,198.78455373412274
2016-08-31,EW,0.0024499643727164183,0.002421946513015749,0.0002745849373302,0.027949384704062857,0.0,,10,,
2016-09-30,AIQ,0.0015869431084155987,0.001552873476269978,0.0002413460452737,0.0340156512422958,0.0,0.0211262338958608,10,,
2016-09-30,HC,0.00219687273629855,0.00214615538808971,0.0002413460452737,0.05060617288748709,0.0,0.018704010172204882,10,,
2016-09-30,LS1,0.004004083107512143,0.00395822227774989,0.0002413460452737,0.04567793152806713,0.0,0.26409373335314185,10,,
2016-09-30,LS2,0.003845651843261604,0.0037979026782724024,0.0002413460452737,0.04756624178391654,0.0,0.22583764828919467,10,,
2016-09-30,LS3,0.0006818702436045825,0.0006557494119336926,0.0002413460452737,0.026103032789760856,0.0,0.22601943906492156,10,,
2016-09-30,LS4,0.0017613323432202242,0.001731490977293193,0.0002413460452737,0.029788897777849963,0.0,0.234498484504604,10,,
2016-09-30,LS5,0.00031880612034107953,0.0003134265693192084,0.0002413460452737,0.00537783653487291,0.0,0.17784978242254634,10,,
2016-09-30,NLS6,0.00286775833742968,0.002833131249965426,0.0002413460452737,0.034528069305725835,0.0,0.05955302957784385,10,,
2016-09-30,NLS7,0.002729086350941756,0.0026947566675832313,0.0002413460452737,0.03423624967673676,0.0,0.05370280649375701,10,,
2016-09-30,NLS8,0.003013418687276683,0.002978590025497496,0.0002413460452737,0.03472402375716747,0.0,0.06592074136859954,10,,
2016-09-30,CRE,0.00047024455070604536,0.0004581054629140269,0.0002413460452737,0.012133382135232816,0.0,0.3951839536882499,10,,
2016-09-30,SRE_STAR,0.0006049284882545776,0.0005950868690718369,0.0002413460452737,0.009835669306210467,0.0,0.09231237920213725,10,,
2016-09-30,GS_STAR,0.00046417162605500524,0.00043679886621905695,0.0002413460452737,0.027360060072372162,0.0,0.08245199946557621,10,,
2016-09-30,ID_KAPPA,0.002189948877145797,0.0021401411287953476,0.0002413460452737,0.049698910277756955,0.0,0.022130165007039487,10,0.003491459121763857,234.70009539170772
2016-09-30,EW,0.009391468364289746,0.009374799114704402,0.0002413460452737,0.016514157398611617,0.0,,10,,
2016-10-31,AIQ,-0.00809570905731224,-0.008134173061909777,0.0002828927622806,0.03877793951367805,0.0,0.029704613271446748,10,,
2016-10-31,HC,-0.008296186254785952,-0.008344882777556406,0.0002828927622806,0.04910389785293891,0.0,0.013103214242636232,10,,
2016-10-31,LS1,-0.011198342638494299,-0.011269721459768234,0.0002828927622806,0.07218719825410425,0.0,0.26301562808942375,10,,
2016-10-31,LS2,-0.010443193951863154,-0.01050924928702035,0.0002828927622806,0.06675244387549176,0.0,0.2259355191569633,10,,
2016-10-31,LS3,-0.008259680190481986,-0.00833001944324907,0.0002828927622806,0.07092507117241313,0.0,0.22722848946534088,10,,
2016-10-31,LS4,-0.008645540820924029,-0.008717243170319633,0.0002828927622806,0.07232766114253422,0.0,0.2234174153968072,10,,
2016-10-31,LS5,-0.007020836772971289,-0.0070828507740763325,0.0002828927622806,0.06245246970092755,0.0,0.17729525692575354,10,,
2016-10-31,NLS6,-0.009298323379877993,-0.009362334100019853,0.0002828927622806,0.06461149875122629,0.0,0.04033559687829242,10,,
2016-10-31,NLS7,-0.009221105683957996,-0.009290123705793962,0.0002828927622806,0.06966036744627771,0.0,0.03585070209824601,10,,
2016-10-31,NLS8,-0.009390184019005307,-0.009452009487446289,0.0002828927622806,0.06241152413756252,0.0,0.0453119425064204,10,,
2016-10-31,CRE,-0.007391680028846126,-0.0074818367704470035,0.0002828927622806,0.0908281139568555,0.0,0.38798459763358295,10,,
2016-10-31,SRE_STAR,-0.007037424547382453,-0.007127346425933712,0.0002828927622806,0.0905591819614456,0.0,0.08114621778033969,10,,
2016-10-31,GS_STAR,-0.006898880473951252,-0.007006907524427675,0.0002828927622806,0.10877749340168899,0.0,0.08183800105443005,10,,
2016-10-31,ID_KAPPA,-0.008347194571667509,-0.008396124289072548,0.0002828927622806,0.04934158118368099,0.0,0.0303505660237851,10,0.017476348114673752,171.47745039694504
2016-10-31,EW,-0.01942527096893043,-0.01943530709392527,0.0002828927622806,0.010234941507027057,0.0,,10,,
2016-11-30,AIQ,-0.021751508374668604,-0.021805332939961564,0.0003991226892567,0.055021362929449535,0.0,0.019782082756782043,10,,
2016-11-30,HC,-0.021294483367978567,-0.021332061520236367,0.0003991226892567,0.038395770350935235,0.0,0.01592152994742749,10,,
2016-11-30,LS1,-0.015362883225273318,-0.015433469113827036,0.0003991226892567,0.07168721080195783,0.0,0.30074079807779347,10,,
2016-11-30,LS2,-0.015584617990358833,-0.01565997212250292,0.0003991226892567,0.07654708928893933,0.0,0.25588440541432184,10,,
2016-11-30,LS3,-0.023176406053867227,-0.023237645387681916,0.0003991226892567,0.0626923163959228,0.0,0.23886421063579627,10,,
2016-11-30,LS4,-0.02178298374090965,-0.02182249178728446,0.0003991226892567,0.04038781345861032,0.0,0.24807426953769282,10,,
2016-11-30,LS5,-0.023388953916829606,-0.023465759398184294,0.0003991226892567,0.07864490337547506,0.0,0.20405173507470686,10,,
2016-11-30,NLS6,-0.018242453969934944,-0.018276204665067186,0.0003991226892567,0.03437783113425282,0.0,0.04389946533647216,10,,
2016-11-30,NLS7,-0.018860045283675214,-0.018895405411565314,0.0003991226892567,0.036039840921798474,0.0,0.039099805614292014,10,,
2016-11-30,NLS8,-0.017609408437025794,-0.017639774403901187,0.0003991226892567,0.030910278596097015,0.0,0.04924056484135531,10,,
2016-11-30,CRE,-0.023668928538461993,-0.02378596844472136,0.0003991226892567,0.11987727286411194,0.0,0.3903187777294823,10,,
2016-11-30,SRE_STAR,-0.023469958263375935,-0.02357231588899089,0.0003991226892567,0.10481769248283812,0.0,0.08781832436626517,10,,
2016-11-30,GS_STAR,-0.022331319029571715,-0.022414106923706933,0.0003991226892567,0.0846788853388521,0.0,0.20701694871585533,10,,
2016-11-30,ID_KAPPA,-0.021299129625339648,-0.021336437899344585,0.0003991226892567,0.038120201109746336,0.0,0.02067042669020578,10,0.004825729743406247,253.96410870139576
2016-11-30,EW,-0.0013178244935343913,-0.0013325029674310374,0.0003991226892567,0.014697843074237216,0.0,,10,,
2016-12-31,AIQ,0.00484316205567,0.0046970600117275385,0.000424009787461,0.14539785855089765,0.0,0.023647289895590444,10,,
2016-12-31,HC,0.0045713091207405295,0.004431362496639224,0.000424009787461,0.13930979596042212,0.0,0.023258648726653206,10,,
2016-12-31,LS1,0.00873087898711317,0.008590656569131161,0.000424009787461,0.1390087494129067,0.0,0.3151605123130541,10,,
2016-12-31,LS2,0.008476547947281535,0.008326897584993276,0.000424009787461,0.14839250609529872,0.0,0.28310731776729375,10,,
2016-12-31,LS3,0.0029379369938846273,0.0028534549814853705,0.000424009787461,0.08423453663782958,0.0,0.2649113794638219,10,,
2016-12-31,LS4,0.004356192057834402,0.004216547191951747,0.000424009787461,0.13903918449140157,0.0,0.27370736569720533,10,,
2016-12-31,LS5,0.002850244104221701,0.0027225741438654527,0.000424009787461,0.12730710403349935,0.0,0.2210425908973869,10,,
2016-12-31,NLS6,0.005653191226061604,0.005501658272505372,0.000424009787461,0.15068112434611347,0.0,0.0732707829579318,10,,
2016-12-31,NLS7,0.005497674163957086,0.005344168836760366,0.000424009787461,0.15266601916762593,0.0,0.06582658324613257,10,,
2016-12-31,NLS8,0.0058415957784287605,0.005685595298456025,0.000424009787461,0.15509448070889234,0.0,0.08144560484806194,10,,
2016-12-31,CRE,0.003156634128938118,0.002991214680367893,0.000424009787461,0.164898923002058,0.0,0.4110725959699436,10,,
2016-12-31,SRE_STAR,0.0032669002032726774,0.0031080351893113534,0.000424009787461,0.15834770780247398,0.0,0.1077154903646429,10,,
2016-12-31,GS_STAR,0.004185765883104965,0.003994692962677071,0.000424009787461,0.19027646768123535,0.0,0.22097264070523193,10,,
2016-12-31,ID_KAPPA,0.004570672551242797,0.0044306463466350365,0.000424009787461,0.13938910266242457,0.0,0.023945605192293006,10,0.0007033146131724689,209.3163187157016
2016-12-31,EW,0.0186389234939527,0.018599249978082932,0.000424009787461,0.03894757499924657,0.0,,10,,
2017-01-31,AIQ,0.0022177511651182507,0.0021205224534832645,0.0004323039737159,0.09701355969993225,0.0,0.03160002466295826,10,,
2017-01-31,HC,0.0019308308319100755,0.001910183495753115,0.0004323039737159,0.020607546471000562,0.0,0.021669135993125203,10,,
2017-01-31,LS1,0.012958922674100143,0.01290134124989506,0.0004323039737159,0.056844777133616985,0.0,0.31211299619514155,10,,
2017-01-31,LS2,0.012562974222544255,0.012514609311611968,0.0004323039737159,0.04776484244770843,0.0,0.27331919763118273,10,,
2017-01-31,LS3,0.0020402891150371936,0.0019981340043222495,0.0004323039737159,0.04206927722677415,0.0,0.24228246521830646,10,,
2017-01-31,LS4,0.00191707959516459,0.0018888052002605793,0.0004323039737159,0.028220294353635732,0.0,0.2568606070675582,10,,
2017-01-31,LS5,0.004083279069589627,0.0040595465585722135,0.0004323039737159,0.023635998639052545,0.0,0.21576446685749195,10,,
2017-01-31,NLS6,0.0018716038672705513,0.001853448523569723,0.0004323039737159,0.0181214275669238,0.0,0.06651194881449808,10,,
2017-01-31,NLS7,0.0018836828226338092,0.0018662964543756377,0.0004323039737159,0.01735367943029771,0.0,0.05986250218559488,10,,
2017-01-31,NLS8,0.001859355264430167,0.0018314424927361461,0.0004323039737159,0.027860968255905935,0.0,0.07374880938544728,10,,
2017-01-31,CRE,0.005214258464930807,0.005190016161768174,0.0004323039737159,0.024116553221003714,0.0,0.3996791866568681,10,,
2017-01-31,SRE_STAR,0.005154969804181284,0.005132076130378138,0.0004323039737159,0.02277626285590476,0.0,0.10551188309215989,10,,
2017-01-31,GS_STAR,0.004201621308475685,0.004189104548888434,0.0004323039737159,0.012464388944961324,0.0,0.2021328496077079,10,,
2017-01-31,ID_KAPPA,0.0019286793723054003,0.0019083963398198733,0.0004323039737159,0.020243988322782513,0.0,0.03218032273258274,10,0.010743999935162878,159.95555373744492
2017-01-31,EW,0.022385986193769004,0.02236885428110824,0.0004323039737159,0.0167567952730064,0.0,,10,,
2017-02-28,AIQ,0.008107669740122392,0.008062879894686681,0.0004405974036381,0.04442962471182783,0.0,0.03347628297888808,10,,
2017-02-28,HC,0.007723793060708384,0.007721465050660514,0.0004405974036381,0.0023101667975523425,0.0,0.020968187595161634,10,,
2017-02-28,LS1,0.01515008406104522,0.015076690661308678,0.0004405974036381,0.07229807778076408,0.0,0.292350022985408,10,,
2017-02-28,LS2,0.015078891029356117,0.015018396197931105,0.0004405974036381,0.059596187015478676,0.0,0.2644216665668609,10,,
2017-02-28,LS3,0.0072477241738499315,0.007241170872038127,0.0004405974036381,0.006506147052587043,0.0,0.23909921415716992,10,,
2017-02-28,LS4,0.0076396790939925845,0.007636045409715075,0.0004405974036381,0.0036061345664768307,0.0,0.2457390816531305,10,,
2017-02-28,LS5,0.007794731033499005,0.007780032295112038,0.0004405974036381,0.014585051830818955,0.0,0.20548276796520296,10,,
2017-02-28,NLS6,0.008067176209647399,0.008060617937847736,0.0004405974036381,0.00650578845771254,0.0,0.06429469423703679,10,,
2017-02-28,NLS7,0.008027712416179385,0.008021871165528882,0.0004405974036381,0.005794732206753653,0.0,0.057947846241800535,10,,
2017-02-28,NLS8,0.008108095793411724,0.008100786216823641,0.0004405974036381,0.007250786516440618,0.0,0.0712133248778026,10,,
2017-02-28,CRE,0.008337712207418007,0.008307597699319214,0.0004405974036381,0.029865498170216713,0.0,0.40030281701372006,10,,
2017-02-28,SRE_STAR,0.008366443534356697,0.008339003555563718,0.0004405974036381,0.027212308549919184,0.0,0.10693130729194021,10,,
2017-02-28,GS_STAR,0.009486227274659042,0.009477328664035056,0.0004405974036381,0.008814989628893821,0.0,0.2615579395735568,10,,
2017-02-28,ID_KAPPA,0.0077185531818103935,0.007715899560155837,0.0004405974036381,0.002633296416235359,0.0,0.035392888635346835,10,0.01473363874127133,144.85119180252335
2017-02-28,EW,0.024770381525331772,0.024750176601141982,0.0004405974036381,0.01971653802070618,0.0,,10,,
2017-03-31,AIQ,-0.0008649181304532118,-0.0008898811747898305,0.0006311378751067,0.02498465401687136,0.0,0.05814537087816928,10,,
2017-03-31,HC,-0.0010443677300957831,-0.0010567189254814258,0.0006311378751067,0.012364108061146897,0.0,0.02281342454870596,10,,
2017-03-31,LS1,-0.0013307322466754661,-0.0013895717785576966,0.0006311378751067,0.058917935879403915,0.0,0.28968804433984996,10,,
2017-03-31,LS2,-0.0013421180287179766,-0.0013942807283525704,0.0006311378751067,0.05223280222015084,0.0,0.26435632920252833,10,,
2017-03-31,LS3,-0.0005563162948509809,-0.0005900568413430562,0.0006311378751067,0.033759327355965055,0.0,0.2451891028898438,10,,
2017-03-31,LS4,-0.0011566443952617496,-0.0011711225656575452,0.0006311378751067,0.014494935882167069,0.0,0.24403256690148883,10,,
2017-03-31,LS5,-0.0006779490666580122,-0.000682355953032121,0.0006311378751067,0.0044098760455654595,0.0,0.20678964534837746,10,,
2017-03-31,NLS6,-0.00148098845878579,-0.0014970183462199582,0.0006311378751067,0.016053662723416243,0.0,0.0682467383295463,10,,
2017-03-31,NLS7,-0.0014200149483007516,-0.0014357882193319904,0.0006311378751067,0.015795701162953188,0.0,0.06177669179876012,10,,
2017-03-31,NLS8,-0.001543888415607193,-0.001560149092881269,0.0006311378751067,0.016285820764166684,0.0,0.07525349474735525,10,,
2017-03-31,CRE,-0.00078042751686775,-0.0007903207210152585,0.0006311378751067,0.009900931106502357,0.0,0.40104080775438633,10,,
2017-03-31,SRE_STAR,-0.0008473060038231959,-0.0008569486036260621,0.0006311378751067,0.009650776964082446,0.0,0.10957449754943421,10,,
2017-03-31,GS_STAR,-0.0006626496921114474,-0.0006839449702936706,0.0006311378751067,0.021309398848866554,0.0,0.28338991499398686,10,,
2017-03-31,ID_KAPPA,-0.0010661229535609189,-0.0010796795983347707,0.0006311378751067,0.013571113249190653,0.0,0.0584837568141349,10,0.03650309281925527,86.09617205243663
2017-03-31,EW,0.00125013825789988,0.0012391512365548252,0.0006311378751067,0.010973303199098255,0.0,,10,,
2017-04-30,AIQ,0.007922141336350278,0.007881962070979132,0.0006642346436225,0.03986346139598803,0.0,0.05721400352485736,10,,
2017-04-30,HC,0.007711228713895642,0.007700800340418201,0.0006642346436225,0.010348573262056866,0.0,0.022646588156018166,10,,
2017-04-30,LS1,0.00893942964268468,0.008865779278290908,0.0006642346436225,0.07299780564601427,0.0,0.2741952372634838,10,,
2017-04-30,LS2,0.008916028109187252,0.00883104911736754,0.0006642346436225,0.08422801249284309,0.0,0.24039513812864027,10,,
2017-04-30,LS3,0.007842003739563069,0.007815382137589255,0.0006642346436225,0.026414459682056902,0.0,0.2290720928711208,10,,
2017-04-30,LS4,0.007544690554263194,0.0075348924807294715,0.0006642346436225,0.009724703653766539,0.0,0.2269225750629579,10,,
2017-04-30,LS5,0.008173575425498701,0.008155064374932186,0.0006642346436225,0.018360975746367855,0.0,0.18815498901540073,10,,
2017-04-30,NLS6,0.007494193393284763,0.0074598358783570795,0.0006642346436225,0.034101948331868304,0.0,0.07103568966294191,10,,
2017-04-30,NLS7,0.007531227219366609,0.007502988485569961,0.0006642346436225,0.02802765118712687,0.0,0.06463333063758873,10,,
2017-04-30,NLS8,0.007451553462408129,0.007399936683113895,0.0006642346436225,0.05123499896046067,0.0,0.07792151229132036,10,,
2017-04-30,CRE,0.008336447454412827,0.008329341342017793,0.0006642346436225,0.007047362428279614,0.0,0.39100687792991745,10,,
2017-04-30,SRE_STAR,0.008276857027428476,0.008269891314110822,0.0006642346436225,0.006908532382832087,0.0,0.1062164543085032,10,,
2017-04-30,GS_STAR,0.008157412948936436,0.008141367797069643,0.0006642346436225,0.015915323996613308,0.0,0.22431555260414884,10,,
2017-04-30,ID_KAPPA,0.007679676382334804,0.00767045892252427,0.0006642346436225,0.009147212181303576,0.0,0.05710840493412953,10,0.03526034324993244,90.78599075260989
2017-04-30,EW,0.011461824512504472,0.011449223302255396,0.0006642346436225,0.012458414093050027,0.0,,10,,
2017-05-31,AIQ,0.007526641963701485,0.007405543599575237,0.0008130212763268,0.12019370911139596,0.0,0.0542326228954666,10,,
2017-05-31,HC,0.0050844243519923395,0.0050554011253596265,0.0008130212763268,0.02887640672723966,0.0,0.020292013284734838,10,,
2017-05-31,LS1,0.006371492119086408,0.006244181807583349,0.0008130212763268,0.12650429041377176,0.0,0.34479576842082943,10,,
2017-05-31,LS2,0.006334779640279921,0.006148434952229609,0.0008130212763268,0.18517166634844093,0.0,0.3171287733847567,10,,
2017-05-31,LS3,0.007039680187505998,0.00696740472526125,0.0008130212763268,0.07177022282900344,0.0,0.3055511844204286,10,,
2017-05-31,LS4,0.005965408014922124,0.005900450486726605,0.0008130212763268,0.06457232791286525,0.0,0.2882670078891846,10,,
2017-05-31,LS5,0.007718385839756865,0.007685615758164621,0.0008130212763268,0.032519086733597546,0.0,0.22088117078224076,10,,
2017-05-31,NLS6,0.005700080610377491,0.005597403166977877,0.0008130212763268,0.10209549087173628,0.0,0.06386453088334401,10,,
2017-05-31,NLS7,0.005475129701973114,0.005397136564585292,0.0008130212763268,0.07756844011733642,0.0,0.05740670899491751,10,,
2017-05-31,NLS8,0.005910349347679399,0.0058042363664594365,0.0008130212763268,0.10548950141405158,0.0,0.07092281535510657,10,,
2017-05-31,CRE,0.007687458582421808,0.0076511283414553155,0.0008130212763268,0.036053084373664786,0.0,0.41356332021954767,10,,
2017-05-31,SRE_STAR,0.007644672413824688,0.007610441604031237,0.0008130212763268,0.03397111177236219,0.0,0.13365918511609928,10,,
2017-05-31,GS_STAR,0.008560889373876428,0.0085070811081418,0.0008130212763268,0.053351529195325785,0.0,0.2630558975611006,10,,
2017-05-31,ID_KAPPA,0.005122872390966568,0.00509513303029574,0.0008130212763268,0.027597979742436787,0.0,0.056386347785287755,10,0.036841931463240545,87.62792178446904
2017-05-31,EW,0.008826894313975021,0.00881896313738606,0.0008130212763268,0.007861781474950522,0.0,,10,,
2017-06-30,AIQ,-0.0005592209157835512,-0.0006071190477860977,0.0008543077507923,0.04792493262733913,0.0,0.0498071106517154,10,,
2017-06-30,HC,0.0019542011003991816,0.001939944495247481,0.0008543077507923,0.014228799216626526,0.0,0.02572159773320542,10,,
2017-06-30,LS1,-0.0011145321260477333,-0.0012708211953491588,0.0008543077507923,0.15646345284613672,0.0,0.38422305329082673,10,,
2017-06-30,LS2,-0.001196674874087731,-0.0013388580883788581,0.0008543077507923,0.14235356522581155,0.0,0.3471138083837327,10,,
2017-06-30,LS3,7.543863325574631e-05,4.5678204046106785e-05,0.0008543077507923,0.029758184292806668,0.0,0.32015691959293635,10,,
2017-06-30,LS4,0.0009025232970214794,0.0008562223250396794,0.0008543077507923,0.04625922195629227,0.0,0.33547781044854247,10,,
2017-06-30,LS5,-0.0009591580533967833,-0.000984433556333375,0.0008543077507923,0.025299769414275204,0.0,0.2391318415951871,10,,
2017-06-30,NLS6,0.0017051744109248777,0.0016756022061146236,0.0008543077507923,0.02952186488174434,0.0,0.0820744296360314,10,,
2017-06-30,NLS7,0.001863608479882173,0.001834931536426998,0.0008543077507923,0.028623600270951045,0.0,0.07436334135044759,10,,
2017-06-30,NLS8,0.0015601054154819364,0.0015296069694787917,0.0008543077507923,0.030450939327725454,0.0,0.090440227741316,10,,
2017-06-30,CRE,-0.001147648604620543,-0.0011787497055357754,0.0008543077507923,0.031136835060520958,0.0,0.42594579489163376,10,,
2017-06-30,SRE_STAR,-0.0011887031903004043,-0.0012177329284588367,0.0008543077507923,0.029064286969015463,0.0,0.1513888786938107,10,,
2017-06-30,GS_STAR,-0.00046092734163131165,-0.0004907301369504458,0.0008543077507923,0.02981653857700466,0.0,0.23084402193011988,10,,
2017-06-30,ID_KAPPA,0.0018804027003909562,0.0018657726901494254,0.0008543077507923,0.014602551564185754,0.0,0.051548639871828124,10,0.02650889322654842,94.40649178861274
2017-06-30,EW,-9.747254025511631e-05,-0.00011169651089570909,0.0008543077507923,0.014225357222284477,0.0,,10,,
2017-07-31,AIQ,0.005922015359229399,0.005833900637707501,0.0008873234469353,0.08759597680195413,0.0,0.051298432697080086,10,,
2017-07-31,HC,0.00472729493325128,0.004725428883499916,0.0008873234469353,0.0018572698887169845,0.0,0.027142912181285627,10,,
2017-07-31,LS1,0.015664012936473414,0.015402533261296147,0.0008873234469353,0.25744702169885797,0.0,0.4887151124807353,10,,
2017-07-31,LS2,0.01577438356980862,0.015527413566236214,0.0008873234469353,0.24313470350008123,0.0,0.4452140306978154,10,,
2017-07-31,LS3,0.005288358069234458,0.005209841685247962,0.0008873234469353,0.07810334552886174,0.0,0.3836938894964768,10,,
2017-07-31,LS4,0.00628511467087945,0.006154407081672586,0.0008873234469353,0.12989120806965432,0.0,0.45331999443720417,10,,
2017-07-31,LS5,0.005218217621138319,0.005196786290385447,0.0008873234469353,0.021320077946404746,0.0,0.2615666176990224,10,,
2017-07-31,NLS6,0.00606501740729688,0.006028187046284161,0.0008873234469353,0.03660833084885996,0.0,0.0868607361185091,10,,
2017-07-31,NLS7,0.005739267789732791,0.005714247748879631,0.0008873234469353,0.024877263575748938,0.0,0.07775925377972684,10,,
2017-07-31,NLS8,0.0063836064174515265,0.006333766063089774,0.0008873234469353,0.049524211288899785,0.0,0.09684104794398463,10,,
2017-07-31,CRE,0.005937497665502827,0.005905362762125721,0.0008873234469353,0.03194522865669591,0.0,0.4473342194171915,10,,
2017-07-31,SRE_STAR,0.005862223599194241,0.005852517660596357,0.0008873234469353,0.009649371822658247,0.0,0.17487110069980158,10,,
2017-07-31,GS_STAR,0.007237389444649322,0.007138043778111225,0.0008873234469353,0.0986318295757622,0.0,0.31399812957078854,10,,
2017-07-31,ID_KAPPA,0.004769569911056478,0.00476798094242703,0.0008873234469353,0.0015814259078815807,0.0,0.055537863730872813,10,0.029187176518652942,83.29507101063022
2017-07-31,EW,0.024353400948457327,0.02434014953439001,0.0008873234469353,0.012936369474721779,0.0,,10,,
2017-08-31,AIQ,0.007883121699905153,0.007808905137332234,0.000837795409097,0.07363608038956099,0.0,0.07269158801537974,10,,
2017-08-31,HC,0.006789644336490648,0.0067795414038749335,0.000837795409097,0.010034799893250835,0.0,0.02679920535116296,10,,
2017-08-31,LS1,0.00785548019543375,0.007773802666101837,0.000837795409097,0.08104091403676603,0.0,0.4915673092287728,10,,
2017-08-31,LS2,0.00783650206058765,0.007759252064811095,0.000837795409097,0.07664933311972977,0.0,0.43761033573563385,10,,
2017-08-31,LS3,0.00769132434730758,0.007610922486777527,0.000837795409097,0.07978818373000618,0.0,0.38248013213431276,10,,
2017-08-31,LS4,0.006801570142525501,0.00674708316626349,0.000837795409097,0.054118882883929575,0.0,0.4465690648770201,10,,
2017-08-31,LS5,0.008216883575906081,0.008133071336954956,0.000837795409097,0.08312917618854171,0.0,0.2590675295672216,10,,
2017-08-31,NLS6,0.006545495285761102,0.006522703468086588,0.000837795409097,0.022643604070935897,0.0,0.08213416652778337,10,,
2017-08-31,NLS7,0.006542577310679673,0.006519862670003818,0.000837795409097,0.022566994370660072,0.0,0.07339945460086422,10,,
2017-08-31,NLS8,0.006539261848091046,0.0065160904054113455,0.000837795409097,0.02302090296715789,0.0,0.09173319728734204,10,,
2017-08-31,CRE,0.008267538842626394,0.008169300116766642,0.000837795409097,0.09743319315066368,0.0,0.43981752110561045,10,,
2017-08-31,SRE_STAR,0.008212164984538561,0.008117748699366434,0.000837795409097,0.09364723859845779,0.0,0.1590280877917149,10,,
2017-08-31,GS_STAR,0.006754065599364032,0.006651795885776357,0.000837795409097,0.1015836112138136,0.0,0.35231450191624736,10,,
2017-08-31,ID_KAPPA,0.006830076958920583,0.006818492242186336,0.000837795409097,0.011506128987761238,0.0,0.0718547791068568,10,0.046296277195243395,64.11740199463532
2017-08-31,EW,0.0072650266758600875,0.007251375666106785,0.000837795409097,0.013552550115195336,0.0,,10,,
2017-09-30,AIQ,-0.0015925968570119386,-0.001747290602286733,0.0008790706459502,0.15494050303284124,0.0,0.10310198476929763,10,,
2017-09-30,HC,0.0029518987228360823,0.002886875117037002,0.0008790706459502,0.06483222762924966,0.0,0.027077014954632356,10,,
2017-09-30,LS1,0.007256832542236317,0.007127487744437611,0.0008790706459502,0.12841292669363358,0.0,0.5274486316112783,10,,
2017-09-30,LS2,0.007026219083464747,0.006905431326826861,0.0008790706459502,0.11994499681237213,0.0,0.44568880964298235,10,,
2017-09-30,LS3,-0.0010075371531727583,-0.0011647684607652975,0.0008790706459502,0.15738988374794521,0.0,0.39462332781080883,10,,
2017-09-30,LS4,0.0017221639961223056,0.0015750424017482167,0.0008790706459502,0.14686866245143962,0.0,0.48941405013431066,10,,
2017-09-30,LS5,-0.0023355171191462016,-0.002474421904618551,0.0008790706459502,0.1392299594261211,0.0,0.2747032760223968,10,,
2017-09-30,NLS6,0.0037234270152389642,0.0035844010997421183,0.0008790706459502,0.1385101829396932,0.0,0.08512310215965187,10,,
2017-09-30,NLS7,0.003692312892262194,0.00357588058256475,0.0008790706459502,0.11600398668176114,0.0,0.07647990703953693,10,,
2017-09-30,NLS8,0.003735998335686045,0.003601286291087691,0.0008790706459502,0.1342106338933117,0.0,0.09455510466239817,10,,
2017-09-30,CRE,-0.0016761300437614839,-0.001819889307794309,0.0008790706459502,0.1440006278115406,0.0,0.44457532303674546,10,,
2017-09-30,SRE_STAR,-0.0017811228794935223,-0.0019233345267755109,0.0008790706459502,0.1424653956577947,0.0,0.15823315226693258,10,,
2017-09-30,GS_STAR,-2.2349693095999995e-05,-0.0001308925039876785,0.0008790706459502,0.10854523684439767,0.0,0.26058379633756057,10,,
2017-09-30,ID_KAPPA,0.002724430818201205,0.002662898522200141,0.0008790706459502,0.06136511100160228,0.0,0.10007161769329677,10,0.0750260851687669,44.194535212673145
2017-09-30,EW,0.0094628916733975,0.009450983940451962,0.0008790706459502,0.011796107656506724,0.0,,10,,
2017-10-31,AIQ,0.001624225655954531,0.0015885198806537826,0.0009533189220309,0.03564787510731238,0.0,0.1140493778465767,10,,
2017-10-31,HC,0.0025953038691468927,0.0025859830539898265,0.0009533189220309,0.009296687428124544,0.0,0.03488774893204698,10,,
2017-10-31,LS1,0.013834343772085351,0.013616456279489153,0.0009533189220309,0.21491429436646192,0.0,0.6260919044616928,10,,
2017-10-31,LS2,0.013269929864267921,0.013080146334569331,0.0009533189220309,0.18729809708670392,0.0,0.5294927976027258,10,,
2017-10-31,LS3,0.002465243852294016,0.0023821028681956236,0.0009533189220309,0.08293652533915206,0.0,0.46278312020433654,10,,
2017-10-31,LS4,0.00494624117015301,0.004755109006444158,0.0009533189220309,0.19019143102245903,0.0,0.6618012691240678,10,,
2017-10-31,LS5,0.0014521482743693175,0.0013686394437972815,0.0009533189220309,0.08338773921037645,0.0,0.38471247274767445,10,,
2017-10-31,NLS6,0.0038477397419480154,0.003749297295370768,0.0009533189220309,0.09806511752734373,0.0,0.10409160810734991,10,,
2017-10-31,NLS7,0.0034615808970681243,0.0034253010574540887,0.0009533189220309,0.03615468723937908,0.0,0.09097954750654061,10,,
2017-10-31,NLS8,0.004232636110022911,0.004105599317139719,0.0009533189220309,0.12650135866450704,0.0,0.11853377837983603,10,,
2017-10-31,CRE,0.0024463675400113517,0.002286242102879754,0.0009533189220309,0.1597346674260704,0.0,0.5383205728109578,10,,
2017-10-31,SRE_STAR,0.002391006572167528,0.002193555680091386,0.0009533189220309,0.19697991181229338,0.0,0.32410413572692526,10,,
2017-10-31,GS_STAR,0.003027076025284738,0.0029951372339538374,0.0009533189220309,0.03184240195949753,0.0,0.3325758814377161,10,,
2017-10-31,ID_KAPPA,0.002609621221841722,0.0025992345508309977,0.0009533189220309,0.010359636284199468,0.0,0.09773660888530335,10,0.06512077728130623,39.507464295000695
2017-10-31,EW,0.01635489664869466,0.016334944437547794,0.0009533189220309,0.019631145786321774,0.0,,10,,
2017-11-30,AIQ,0.00017831406532644036,0.00011842251430338457,0.0010522224777222,0.05988087342109932,0.0,0.1119284080299027,10,,
2017-11-30,HC,0.00254761207445066,0.002541131655825035,0.0010522224777222,0.006463950986157201,0.0,0.03726273182640794,10,,
2017-11-30,LS1,0.011127500156285929,0.011106203396909153,0.0010522224777222,0.02106238765479016,0.0,0.6351356920541092,10,,
2017-11-30,LS2,0.010705225856483782,0.010668767296529325,0.0010522224777222,0.036072396799353854,0.0,0.5440671889756414,10,,
2017-11-30,LS3,0.00025276318081719507,0.0002280696687348982,0.0010522224777222,0.024687272048866903,0.0,0.5108447783032845,10,,
2017-11-30,LS4,0.0029043809321303493,0.00289488755513978,0.0010522224777222,0.009465884456258258,0.0,0.6706446621709069,10,,
2017-11-30,LS5,-0.0014216265050149624,-0.0014392358055774768,0.0010522224777222,0.017634370050302196,0.0,0.38290704364061906,10,,
2017-11-30,NLS6,0.003631658760920705,0.0036090479703467793,0.0010522224777222,0.022528973031712068,0.0,0.10830688228027388,10,,
2017-11-30,NLS7,0.0031634698182513416,0.0031517355411301295,0.0010522224777222,0.011697273150746677,0.0,0.09571363922234614,10,,
2017-11-30,NLS8,0.00403455515445155,0.004001719427246364,0.0010522224777222,0.03270378199293085,0.0,0.12214745611630919,10,,
2017-11-30,CRE,-0.0005606029372767203,-0.0006216813831553258,0.0010522224777222,0.061112705841040144,0.0,0.5291175697563018,10,,
2017-11-30,SRE_STAR,-0.00039750513340561537,-0.0004980816886299699,0.0010522224777222,0.10061655081984021,0.0,0.30405116840909496,10,,
2017-11-30,GS_STAR,0.0006238839594533187,0.0006024420706398637,0.0010522224777222,0.021428519903451855,0.0,0.3298232716289149,10,,
2017-11-30,ID_KAPPA,0.0024728159661223594,0.0024669106308934374,0.0010522224777222,0.0058907684424582135,0.0,0.09497511694598848,10,0.0599461421381002,41.153960386888706
2017-11-30,EW,0.013210744188689616,0.013195592998579198,0.0010522224777222,0.014953641379555752,0.0,,10,,
2017-12-31,AIQ,0.006332365431216898,0.006179371599611905,0.001151018662145,0.15203111502762734,0.0,0.12366591826899898,10,,
2017-12-31,HC,0.0051519737794046205,0.004988517215117394,0.001151018662145,0.16261875671667575,0.0,0.05007810935422745,10,,
2017-12-31,LS1,0.011848938417009645,0.011598351827462716,0.001151018662145,0.24765217418617047,0.0,0.5297934112055328,10,,
2017-12-31,LS2,0.011660842792042946,0.011371599962242795,0.001151018662145,0.2859088911675757,0.0,0.47170022328127703,10,,
2017-12-31,LS3,0.0050289190845193045,0.004680670503190321,0.001151018662145,0.3465060305392531,0.0,0.5069219522810118,10,,
2017-12-31,LS4,0.006005905349556106,0.005750098051689134,0.001151018662145,0.25428011556048724,0.0,0.6591431110792156,10,,
2017-12-31,LS5,0.00493050259371889,0.004557448797976482,0.001151018662145,0.3712234774242449,0.0,0.6182450144556947,10,,
2017-12-31,NLS6,0.005902196133681464,0.005609226046334959,0.001151018662145,0.2912510664281287,0.0,0.13398722063167776,10,,
2017-12-31,NLS7,0.005823428995464722,0.005504970561109657,0.001151018662145,0.31661465141358625,0.0,0.12124501071110806,10,,
2017-12-31,NLS8,0.006135533375866029,0.005867091605083363,0.001151018662145,0.26680478114296347,0.0,0.1476310560380263,10,,
2017-12-31,CRE,0.00612698883451902,0.0055954969992342285,0.001151018662145,0.5282552214411516,0.0,0.5411532963850212,10,,
2017-12-31,SRE_STAR,0.006131680861270513,0.0056347522372794945,0.001151018662145,0.49390018567522437,0.0,0.23420185604581786,10,,
2017-12-31,GS_STAR,0.005052543352774718,0.004839758236507619,0.001151018662145,0.21171541495442817,0.0,0.30865741591004164,10,,
2017-12-31,ID_KAPPA,0.0052994379866499585,0.0050420911304429605,0.001151018662145,0.25599025174284473,0.0,0.09854075903573338,10,0.05101751013292274,34.49590306841875
2017-12-31,EW,0.012719500520184756,0.012708149728584583,0.001151018662145,0.011208228531607967,0.0,,10,,
2018-01-31,AIQ,-0.0009495812021966594,-0.0016405755231967412,0.001208600281918,0.6916510998830122,0.0,0.09433226707571361,10,,
2018-01-31,HC,-0.0012554203352948255,-0.0016731289149151118,0.001208600281918,0.4182336386350808,0.0,0.048687908507611746,10,,
2018-01-31,LS1,0.028028549216523688,0.027880804102707657,0.001208600281918,0.1437169365857797,0.0,0.45945233461089663,10,,
2018-01-31,LS2,0.026964651415966122,0.02679412638861023,0.001208600281918,0.16604761139609805,0.0,0.40043527790174643,10,,
2018-01-31,LS3,0.003972983851943421,0.00363862906836121,0.001208600281918,0.333031654197724,0.0,0.4558857958513927,10,,
2018-01-31,LS4,0.005806148685081728,0.005523984922889413,0.001208600281918,0.28053493465055357,0.0,0.5789593348504535,10,,
2018-01-31,LS5,-0.000721590973473629,-0.0011297972033531556,0.001208600281918,0.4085010005142997,0.0,0.5511876128878944,10,,
2018-01-31,NLS6,0.00334785034790831,0.0030732517863054643,0.001208600281918,0.2736823141721193,0.0,0.12213890293810041,10,,
2018-01-31,NLS7,0.0026671008864406114,0.00237891399014023,0.001208600281918,0.28742031731720485,0.0,0.11080786656087198,10,,
2018-01-31,NLS8,0.0040154626092732005,0.003752843797880878,0.001208600281918,0.26156849288940365,0.0,0.13431689922584578,10,,
2018-01-31,CRE,0.007022777467234425,0.006704856145659077,0.001208600281918,0.3157042012247109,0.0,0.5348262442678299,10,,
2018-01-31,SRE_STAR,0.006723037103184008,0.006383793457510167,0.001208600281918,0.33697812920845566,0.0,0.27242871977704314,10,,
2018-01-31,GS_STAR,0.0016960539720151683,0.0014346793009267778,0.001208600281918,0.26093211613643935,0.0,0.34607733496230475,10,,
2018-01-31,ID_KAPPA,-0.0010246673273633848,-0.00142132946949447,0.001208600281918,0.3970690057680171,0.0,0.08446767467524269,10,0.037610965410416065,44.012681190822896
2018-01-31,EW,0.033066939335539704,0.0330541792544925,0.001208600281918,0.012351649792766234,0.0,,10,,
2018-02-28,AIQ,-0.012147541546268511,-0.012302086059962969,0.0013647098773525,0.15644493504259374,0.0,0.08492343277032212,10,,
2018-02-28,HC,-0.014488058822584422,-0.014624235773017302,0.0013647098773525,0.138178894382742,0.0,0.03796632023460757,10,,
2018-02-28,LS1,-0.0281158053293137,-0.028243258566574947,0.0013647098773525,0.13114035392308482,0.0,0.5200000505587351,10,,
2018-02-28,LS2,-0.02725349120021901,-0.027387239924897666,0.0013647098773525,0.13749596988402968,0.0,0.45129199943306564,10,,
2018-02-28,LS3,-0.012480661300569325,-0.012586447354551056,0.0013647098773525,0.10712302011325503,0.0,0.5165111653362368,10,,
2018-02-28,LS4,-0.014391596009996784,-0.014464704712882082,0.0013647098773525,0.0741762170344055,0.0,0.6057274323273008,10,,
2018-02-28,LS5,-0.010001301147976968,-0.0100673244332945,0.0013647098773525,0.0666902748398887,0.0,0.46301446134611357,10,,
2018-02-28,NLS6,-0.016743291228115267,-0.016861339129925823,0.0013647098773525,0.12005806902461623,0.0,0.1012694034475615,10,,
2018-02-28,NLS7,-0.016653520486183543,-0.01679620435866891,0.0013647098773525,0.14510030335990634,0.0,0.08844781987535619,10,,
2018-02-28,NLS8,-0.016847937280533725,-0.01694740135342565,0.0013647098773525,0.10116855435033864,0.0,0.11540082292027984,10,,
2018-02-28,CRE,-0.013835452256294171,-0.01397463356105122,0.0013647098773525,0.14113395687917768,0.0,0.5581145357832398,10,,
2018-02-28,SRE_STAR,-0.01391196695798121,-0.014122618573757628,0.0013647098773525,0.2136235393978593,0.0,0.3018498405379994,10,,
2018-02-28,GS_STAR,-0.011580254361866039,-0.011673112298927979,0.0013647098773525,0.09394585394680659,0.0,0.30420879794967637,10,,
2018-02-28,ID_KAPPA,-0.01445558089843648,-0.01458896162374479,0.0013647098773525,0.13533710173098876,0.0,0.07232947062674204,10,0.03571928001576288,48.817551991326766
2018-02-28,EW,-0.03262512312491147,-0.03265196226525435,0.0013647098773525,0.02774430159851196,0.0,,10,,
2018-03-31,AIQ,0.0019677303224000632,0.0018008499312274218,0.0014303602255574,0.16655266045252065,0.0,0.09295371544862874,10,,
2018-03-31,HC,0.006004923506468426,0.005684508367115759,0.0014303602255574,0.3185025558680597,0.0,0.032297793537292785,10,,
2018-03-31,LS1,0.0005102518406757934,0.00012559794174804573,0.0014303602255574,0.384457728664002,0.0,0.4588208960754683,10,,
2018-03-31,LS2,0.0005912456288134866,0.00020814347091158147,0.0014303602255574,0.382875784268098,0.0,0.39459284509218495,10,,
2018-03-31,LS3,0.0016828139296215677,0.0013648725857109412,0.0014303602255574,0.31740720664195243,0.0,0.4147753429365921,10,,
2018-03-31,LS4,0.002470325669081261,0.002178135456446517,0.0014303602255574,0.2914701863516016,0.0,0.4620900834482269,10,,
2018-03-31,LS5,0.0014994363118703267,0.0012471434317478103,0.0014303602255574,0.2519151493999878,0.0,0.24669368845609452,10,,
2018-03-31,NLS6,0.003120263359084372,0.0028719019955494307,0.0014303602255574,0.24758882120796677,0.0,0.09372506293842175,10,,
2018-03-31,NLS7,0.003653069345051826,0.003352409913560672,0.0014303602255574,0.29956509940972126,0.0,0.08496092742432902,10,,
2018-03-31,NLS8,0.0026224827417044285,0.002422170867938833,0.0014303602255574,0.19978793335834943,0.0,0.10315051920091997,10,,
2018-03-31,CRE,0.0026858647676468767,0.0023321139575540606,0.0014303602255574,0.3528032283319818,0.0,0.4582710843017613,10,,
2018-03-31,SRE_STAR,0.0027874117381232084,0.002417323775596003,0.0014303602255574,0.3690592424627497,0.0,0.19555860335260186,10,,
2018-03-31,GS_STAR,0.0012867261323271264,0.0010767152012267633,0.0014303602255574,0.2097410518078574,0.0,0.31315958378077585,10,,
2018-03-31,ID_KAPPA,0.005442120436577242,0.0051606656180762656,0.0014303602255574,0.27993139811856754,0.0,0.08908019729157889,10,0.05867755945483026,49.88473982912965
2018-03-31,EW,-0.0033857791556393454,-0.0034028076863479306,0.0014303602255574,0.017086381422719107,0.0,,10,,
2018-04-30,AIQ,9.758818157362755e-05,-2.4335156630583832e-05,0.0015451345433195,0.12191144108843475,0.0,0.10851206212466896,10,,
2018-04-30,HC,-0.0020409146183225915,-0.002375117209595601,0.0015451345433195,0.33488606513886376,0.0,0.03756391931834617,10,,
2018-04-30,LS1,0.004333094679180997,0.004173323241606575,0.0015451345433195,0.15908211968809005,0.0,0.3981199370888277,10,,
2018-04-30,LS2,0.003889256384155126,0.0037202277170917952,0.0015451345433195,0.16837381811630753,0.0,0.3347490580858938,10,,
2018-04-30,LS3,-0.0008348795653080646,-0.0010243720743131624,0.0015451345433195,0.1896508446198527,0.0,0.4216538007090211,10,,
2018-04-30,LS4,-0.0004822096617009053,-0.0006381160982923406,0.0015451345433195,0.15598165245137527,0.0,0.4031498139884771,10,,
2018-04-30,LS5,-0.0007713927322197579,-0.0009195513965476465,0.0015451345433195,0.14827304107421413,0.0,0.2682664337271218,10,,
2018-04-30,NLS6,-0.0023157313705649573,-0.0025418142287993994,0.0015451345433195,0.22660762061030237,0.0,0.11849443456398956,10,,
2018-04-30,NLS7,-0.0024472817752712248,-0.002701895609375171,0.0015451345433195,0.25523847457105164,0.0,0.11010472964532951,10,,
2018-04-30,NLS8,-0.0021722930189625265,-0.002371973201450217,0.0015451345433195,0.2001148906677466,0.0,0.12735382257778924,10,,
2018-04-30,CRE,-0.0003611469885279219,-0.000584953390687315,0.0015451345433195,0.22388725836855802,0.0,0.4807233561548786,10,,
2018-04-30,SRE_STAR,-0.0002622661308231753,-0.00048205378478949346,0.0015451345433195,0.219845311945694,0.0,0.18548923264966666,10,,
2018-04-30,GS_STAR,-0.0007953472007320578,-0.000982330807564602,0.0015451345433195,0.18713244209653107,0.0,0.3764932498889358,10,,
2018-04-30,ID_KAPPA,-0.0017444011910605762,-0.00205420153999758,0.0015451345433195,0.310341709384478,0.0,0.1065646254942279,10,0.07169380654039098,37.60389937545065
2018-04-30,EW,0.007507104666831544,0.007487157682906753,0.0015451345433195,0.01979835559716639,0.0,,10,,
2018-05-31,AIQ,0.005363795407926065,0.005185805579785097,0.0015942792801031,0.17704022061854574,0.0,0.07270452011952153,10,,
2018-05-31,HC,0.008736579271783921,0.00854225082171478,0.0015942792801031,0.19264538836245101,0.0,0.035801010236124975,10,,
2018-05-31,LS1,0.011125925998595127,0.011119048442688184,0.0015942792801031,0.006801878707856054,0.0,0.39831328468735405,10,,
2018-05-31,LS2,0.010881621069947866,0.01087235883165838,0.0015942792801031,0.009162535054873428,0.0,0.3315403799110653,10,,
2018-05-31,LS3,0.0036456326687510634,0.0034524515549079204,0.0015942792801031,0.1924794046375774,0.0,0.41047907843765313,10,,
2018-05-31,LS4,0.006607882594780095,0.0064248698545648075,0.0015942792801031,0.18181135214585212,0.0,0.40830694177543925,10,,
2018-05-31,LS5,0.0030064276487475824,0.0028551937265375305,0.0015942792801031,0.15078061121150854,0.0,0.27574697932850417,10,,
2018-05-31,NLS6,0.010211995053549777,0.00993357471961831,0.0015942792801031,0.2756058483710567,0.0,0.07587775175883824,10,,
2018-05-31,NLS7,0.010326454201270117,0.010083524771579366,0.0015942792801031,0.24044647022827006,0.0,0.07243536188129088,10,,
2018-05-31,NLS8,0.01009825629292893,0.009785944712857653,0.0015942792801031,0.3091893072039658,0.0,0.07941260330502006,10,,
2018-05-31,CRE,0.004451204654968211,0.004282181980230559,0.0015942792801031,0.16827365426462593,0.0,0.4759639521874935,10,,
2018-05-31,SRE_STAR,0.004527593387559397,0.00434081422570487,0.0015942792801031,0.18593731330427146,0.0,0.1951308339240147,10,,
2018-05-31,GS_STAR,0.004273480688370372,0.00411333063362096,0.0015942792801031,0.15946856889987274,0.0,0.3571306770398176,10,,
2018-05-31,ID_KAPPA,0.008472519089216398,0.008309468700187006,0.0015942792801031,0.16168054750429328,0.0,0.07118801037012511,10,0.036700930523341016,59.58602631897082
2018-05-31,EW,0.011219920031740228,0.011208887273858936,0.0015942792801031,0.01091034468641068,0.0,,10,,
2018-06-30,AIQ,0.0017324749678396165,0.0016408527401889916,0.0015942792801031,0.09146376896046027,0.0,0.07377598198281554,10,,
2018-06-30,HC,0.0016538616181627954,0.001490501932803312,0.0015942792801031,0.1630899571391247,0.0,0.03677931745853706,10,,
2018-06-30,LS1,-0.001560419247655665,-0.001640412134516378,0.0015942792801031,0.08011790438080635,0.0,0.38467342189046394,10,,
2018-06-30,LS2,-0.0011822898409802577,-0.0012554138018969763,0.0015942792801031,0.07321051696720324,0.0,0.3192880855431249,10,,
2018-06-30,LS3,0.0018072392716828565,0.0017825129890569613,0.0015942792801031,0.02468167692996641,0.0,0.4163645851991904,10,,
2018-06-30,LS4,0.0019234845158236378,0.0018543758167350877,0.0015942792801031,0.06897602477289923,0.0,0.4172405282916614,10,,
2018-06-30,LS5,0.0017385019822319617,0.0017167100262693857,0.0015942792801031,0.021754136353411724,0.0,0.32448924907621707,10,,
2018-06-30,NLS6,0.0015603716452682575,0.0014164303737118633,0.0015942792801031,0.14371701959422595,0.0,0.08470412269366139,10,,
2018-06-30,NLS7,0.001619329102653809,0.0014499012219635343,0.0015942792801031,0.16915396475225117,0.0,0.07856359849681589,10,,
2018-06-30,NLS8,0.0013194753662222774,0.001200398452956719,0.0015942792801031,0.11892000125335403,0.0,0.09120561310033827,10,,
2018-06-30,CRE,0.0016037919666470936,0.0014267757101553702,0.0015942792801031,0.1767328138248162,0.0,0.25571406749759357,10,,
2018-06-30,SRE_STAR,0.0015026381715254103,0.0012609171957913556,0.0015942792801031,0.2413583015373063,0.0,0.06941532777188014,10,,
2018-06-30,GS_STAR,0.0017478827246551999,0.0017214741915323462,0.0015942792801031,0.02636245464371428,0.0,0.3517175769405851,10,,
2018-06-30,ID_KAPPA,0.0016740059014482699,0.0015246884986033216,0.0015942792801031,0.14906786236353398,0.0,0.07424725290052148,10,0.03889859937717076,53.72339729372767
2018-06-30,EW,-0.0016665146166574105,-0.0016917394683345632,0.0015942792801031,0.0252669594342642,0.0,,10,,
2018-07-31,AIQ,0.006130345282026344,0.006062118400969041,0.0016761282769228,0.06781117513953024,0.0,0.047967864097536984,10,,
2018-07-31,HC,0.005663522818511289,0.00547360530872254,0.0016761282769228,0.18884796502958368,0.0,0.03630306104821908,10,,
2018-07-31,LS1,0.0028970286843701333,0.0027053940640260343,0.0016761282769228,0.19108105305230882,0.0,0.35855638792997563,10,,
2018-07-31,LS2,0.0025311689633204064,0.0024009201144492565,0.0016761282769228,0.1299199994011039,0.0,0.280859231116745,10,,
2018-07-31,LS3,0.006333171683589618,0.006232210100707958,0.0016761282769228,0.10032619983386266,0.0,0.3929319655699279,10,,
2018-07-31,LS4,0.005283983745446835,0.005182781502803602,0.0016761282769228,0.1006703024017143,0.0,0.43033054190430353,10,,
2018-07-31,LS5,0.006223686003126466,0.006175077851470423,0.0016761282769228,0.048307500938432876,0.0,0.3514676500382908,10,,
2018-07-31,NLS6,0.004763957237430753,0.00463323561006046,0.0016761282769228,0.13010182782586543,0.0,0.09125621798893757,10,,
2018-07-31,NLS7,0.005011923142752741,0.004866427198854328,0.0016761282769228,0.14477036595091378,0.0,0.08447863687535201,10,,
2018-07-31,NLS8,0.004512217381402223,0.0043913466726626105,0.0016761282769228,0.12032776371270684,0.0,0.09836462692576438,10,,
2018-07-31,CRE,0.0058620948337067755,0.005699861732781253,0.0016761282769228,0.1612876176154333,0.0,0.5116950880452678,10,,
2018-07-31,SRE_STAR,0.0059241091693499615,0.005692957953912892,0.0016761282769228,0.22978991489523357,0.0,0.22419046393191394,10,,
2018-07-31,GS_STAR,0.005016504705992561,0.004917980972901637,0.0016761282769228,0.09803195532568107,0.0,0.3099447919421667,10,,
2018-07-31,ID_KAPPA,0.005639750095996487,0.0054436022427941655,0.0016761282769228,0.1950478321720348,0.0,0.047953115423167686,10,0.012088919144664095,81.34687722573572
2018-07-31,EW,0.006917546625130955,0.006899413314370273,0.0016761282769228,0.018008734500153098,0.0,,10,,
2018-08-31,AIQ,0.00688235057082733,0.006579981930312506,0.0017415545459757,0.300301857851985,0.0,0.07635739320556799,10,,
2018-08-31,HC,0.0074726711843940115,0.007263834097970712,0.0017415545459757,0.20728809068113527,0.0,0.04191978240972739,10,,
2018-08-31,LS1,0.009791923746413559,0.009693106504018445,0.0017415545459757,0.09785901438820505,0.0,0.3799052894760544,10,,
2018-08-31,LS2,0.009063254278110939,0.008957980988040015,0.0017415545459757,0.10432774122393776,0.0,0.2903497932955889,10,,
2018-08-31,LS3,0.006784445201039586,0.006413624664907358,0.0017415545459757,0.368321677892109,0.0,0.5058438093672311,10,,
2018-08-31,LS4,0.007673812167645884,0.007403541363614208,0.0017415545459757,0.2682125909873078,0.0,0.4551793605248908,10,,
2018-08-31,LS5,0.006799049934228754,0.0064524395096827725,0.0017415545459757,0.344269717545661,0.0,0.30971200926756626,10,,
2018-08-31,NLS6,0.008259373635643783,0.008157193110073235,0.0017415545459757,0.10134349180609138,0.0,0.10751741680113706,10,,
2018-08-31,NLS7,0.008296951829302766,0.00818722952525941,0.0017415545459757,0.10881943443787412,0.0,0.09965912080509287,10,,
2018-08-31,NLS8,0.008220298350299627,0.008126311971754507,0.0017415545459757,0.09322008166175072,0.0,0.1158545675212516,10,,
2018-08-31,CRE,0.00739137088664694,0.0069766102508568295,0.0017415545459757,0.41171747920061846,0.0,0.5181672709526725,10,,
2018-08-31,SRE_STAR,0.007332191183623571,0.006899176282563424,0.0017415545459757,0.4298630629001736,0.0,0.24046051019356224,10,,
2018-08-31,GS_STAR,0.006972740522894515,0.0065844100351470924,0.0017415545459757,0.3856415095662722,0.0,0.3250035249887577,10,,
2018-08-31,ID_KAPPA,0.00748575404348988,0.007275865087662314,0.0017415545459757,0.2083294527839032,0.0,0.07009992053278,10,0.029413130138445348,54.65630679992954
2018-08-31,EW,0.011074424874168853,0.011056261086715091,0.0017415545459757,0.01796483721363308,0.0,,10,,
2018-09-30,AIQ,0.00026025303002714787,0.00010471251986765573,0.0018069338440696,0.15550004080254098,0.0,0.06801916298822208,10,,
2018-09-30,HC,-0.00018844699008091942,-0.0003649688993737632,0.0018069338440696,0.17655518058520037,0.0,0.040364368280255455,10,,
2018-09-30,LS1,-0.0019259504467492997,-0.002020349639225927,0.0018069338440696,0.09458135147275476,0.0,0.3609512901983235,10,,
2018-09-30,LS2,-0.001655516219064095,-0.001759692826721726,0.0018069338440696,0.1043493597150606,0.0,0.2718096381135397,10,,
2018-09-30,LS3,-0.0011012822310544547,-0.0012509224617506254,0.0018069338440696,0.1498052085104521,0.0,0.5064154517231052,10,,
2018-09-30,LS4,-0.0005496517009866037,-0.0007006329494544383,0.0018069338440696,0.15106428120688262,0.0,0.4529661217865012,10,,
2018-09-30,LS5,-0.0011138371495925952,-0.0012304625972062722,0.0018069338440696,0.11675549422061615,0.0,0.32605575721863167,10,,
2018-09-30,NLS6,0.00024392946227099868,0.00012179244486643093,0.0018069338440696,0.12210723185309452,0.0,0.09931966475324168,10,,
2018-09-30,NLS7,0.0005174248424206191,0.00038547037160374664,0.0018069338440696,0.13188622960528645,0.0,0.09263695094080751,10,,
2018-09-30,NLS8,-1.0064395552251349e-05,-0.0001225010085746936,0.0018069338440696,0.1124377446403069,0.0,0.10638081275227003,10,,
2018-09-30,CRE,-0.0017240512802988912,-0.0018367393140741317,0.0018069338440696,0.11288264925121204,0.0,0.539114258393059,10,,
2018-09-30,SRE_STAR,-0.0016338905226707862,-0.0017616730656111468,0.0018069338440696,0.12799166731242248,0.0,0.28680402949682743,10,,
2018-09-30,GS_STAR,-0.000969320713327823,-0.0011795298115705455,0.0018069338440696,0.21041305597619397,0.0,0.2887034235363694,10,,
2018-09-30,ID_KAPPA,-0.00021520120586971452,-0.0003895988423426866,0.0018069338440696,0.17443517513299572,0.0,0.06483246960680934,10,0.025497283049718395,58.01905983334916
2018-09-30,EW,-0.002270016463339808,-0.0022925215045425107,0.0018069338440696,0.02255624424846643,0.0,,10,,
2018-10-31,AIQ,-0.012684729141066255,-0.012829124077382015,0.0019293936717392,0.14625007895413936,0.0,0.03663311690416762,10,,
2018-10-31,HC,-0.013192334177733292,-0.013306887268326295,0.0019293936717392,0.11608451632524765,0.0,0.046922408879188686,10,,
2018-10-31,LS1,-0.030969830820099884,-0.031040952100179653,0.0019293936717392,0.07339428878673486,0.0,0.4155331201834014,10,,
2018-10-31,LS2,-0.028509164425364712,-0.028620215808464966,0.0019293936717392,0.114310273482558,0.0,0.3287647508190436,10,,
2018-10-31,LS3,-0.012047933022645852,-0.01217715412844289,0.0019293936717392,0.1307969385523579,0.0,0.5902289732566298,10,,
2018-10-31,LS4,-0.013717215712158079,-0.013845752214649232,0.0019293936717392,0.1303241874834249,0.0,0.5024830737526215,10,,
2018-10-31,LS5,-0.0120362396613747,-0.012164673239803525,0.0019293936717392,0.12999826874705883,0.0,0.317898875173243,10,,
2018-10-31,NLS6,-0.01822359952703139,-0.018278303299747445,0.0019293936717392,0.055719176677857585,0.0,0.10966550176225778,10,,
2018-10-31,NLS7,-0.017540803696453992,-0.01758453414888972,0.0019293936717392,0.04451121491902296,0.0,0.1087334820301696,10,,
2018-10-31,NLS8,-0.018869758828525415,-0.018928556925762896,0.0019293936717392,0.0599289419183989,0.0,0.10970069627926306,10,,
2018-10-31,CRE,-0.01211201652266821,-0.012261860746955788,0.0019293936717392,0.1516813918112695,0.0,0.5328045515096785,10,,
2018-10-31,SRE_STAR,-0.012095491560265735,-0.01222874975915933,0.0019293936717392,0.1348897568086399,0.0,0.2571848033707559,10,,
2018-10-31,GS_STAR,-0.012275682729082275,-0.01242140407909953,0.0019293936717392,0.14753241108798748,0.0,0.23880838640261523,10,,
2018-10-31,ID_KAPPA,-0.013192334177733217,-0.013305640821499654,0.0019293936717392,0.11482140612685368,0.0,0.046922408879188686,10,0.0,80.48348177068988
2018-10-31,EW,-0.05251011693229962,-0.05252196087886474,0.0019293936717392,0.012500340928940479,0.0,,10,,
2018-11-30,AIQ,-0.00027785620428924724,-0.00043455281510496047,0.0019538658918776,0.15674016204225233,0.0,0.04855808909331312,10,,
2018-11-30,HC,-0.0005097148382870901,-0.0006233096580904318,0.0019538658918776,0.11365275029659318,0.0,0.031947838248758464,10,,
2018-11-30,LS1,0.00014147032367524287,-0.00014169531588625883,0.0019538658918776,0.28312558569328933,0.0,0.39141478412033304,10,,
2018-11-30,LS2,0.0001253727660466713,-0.00017541853692959464,0.0019538658918776,0.300753596665965,0.0,0.2824135403555371,10,,
2018-11-30,LS3,-7.04056234908276e-05,-0.0002635482908132092,0.0019538658918776,0.19315626660975893,0.0,0.6385769977910626,10,,
2018-11-30,LS4,-0.00037302597290329436,-0.0005297986701731094,0.0019538658918776,0.15683119938051066,0.0,0.44642146409433,10,,
2018-11-30,LS5,2.3163192259547002e-05,-0.00018598207365094765,0.0019538658918776,0.20914042155073484,0.0,0.19429736558373178,10,,
2018-11-30,NLS6,-0.00146520916147753,-0.0017508868177840142,0.0019538658918776,0.2860968480293197,0.0,0.08357354379259513,10,,
2018-11-30,NLS7,-0.0014473093990987637,-0.0017112803554316658,0.0019538658918776,0.26435355772169794,0.0,0.07829410927929883,10,,
2018-11-30,NLS8,-0.001514172793312018,-0.0018116582009231053,0.0019538658918776,0.29793653500658046,0.0,0.08888985560224327,10,,
2018-11-30,CRE,6.912053108723642e-05,-0.00015112496537617037,0.0019538658918776,0.2202302740298346,0.0,0.4323033468623881,10,,
2018-11-30,SRE_STAR,8.632802136886077e-05,-0.00013561952523877263,0.0019538658918776,0.22192838796897527,0.0,0.1488889583727921,10,,
2018-11-30,GS_STAR,-0.0012584166848192938,-0.0014947273027497987,0.0019538658918776,0.23660836985083644,0.0,0.23384647915695106,10,,
2018-11-30,ID_KAPPA,-0.000500639571705806,-0.0006154474315861469,0.0019538658918776,0.11486536602805156,0.0,0.05348038756329921,10,0.02224317052873249,89.21589013274655
2018-11-30,EW,0.000772102640976713,0.0007341302331456134,0.0019538658918776,0.037943111854251116,0.0,,10,,
2018-12-31,AIQ,0.0035816813540677996,0.00356028288495458,0.0020190930200914,0.021322100144876857,0.0,0.08816445062894547,10,,
2018-12-31,HC,0.003051110201331541,0.0030302939995745515,0.0020190930200914,0.020752882425717753,0.0,0.0275732842803894,10,,
2018-12-31,LS1,-0.015972567356170427,-0.016036516608518014,0.0020190930200914,0.06498726582821066,0.0,0.44055332079799836,10,,
2018-12-31,LS2,-0.012265681568256094,-0.01234844356338649,0.0020190930200914,0.08378973331788507,0.0,0.3280773117002662,10,,
2018-12-31,LS3,0.002572151046608655,0.0025446262090049743,0.0020190930200914,0.027454221199864348,0.0,0.6526967677362676,10,,
2018-12-31,LS4,0.003379540753503461,0.00335978162076489,0.0020190930200914,0.01969258085918432,0.0,0.47087957736252944,10,,
2018-12-31,LS5,0.004244668641328629,0.0042159713375546914,0.0020190930200914,0.02857600808844344,0.0,0.20276637077571866,10,,
2018-12-31,NLS6,0.0005360059827736396,0.0004777588445867842,0.0020190930200914,0.05821593409807,0.0,0.07091766452001834,10,,
2018-12-31,NLS7,0.0004377438489482263,0.0003871566250621683,0.0020190930200914,0.05056508932928859,0.0,0.06664936789194842,10,,
2018-12-31,NLS8,0.00063657155056463,0.0005702055538747697,0.0020190930200914,0.06632377686060086,0.0,0.07496517396021436,10,,
2018-12-31,CRE,0.004905104872099262,0.004879430194513867,0.0020190930200914,0.025549355317931385,0.0,0.4451807316152835,10,,
2018-12-31,SRE_STAR,0.004993367480885067,0.004967422543638689,0.0020190930200914,0.02581602832997599,0.0,0.15038324130540104,10,,
2018-12-31,GS_STAR,0.004609011730858427,0.004583669513074762,0.0020190930200914,0.0252259510791632,0.0,0.2965518027247496,10,,
2018-12-31,ID_KAPPA,0.0031078228723925337,0.003084664201658427,0.0020190930200914,0.023086920674110716,0.0,0.09561520853948406,10,0.06997126175080728,45.9745743152586
2018-12-31,EW,-0.049033581471682866,-0.04905762353963217,0.0020190930200914,0.025281721289919554,0.0,,10,,
2019-01-31,AIQ,0.02658788302965408,0.02651139979955497,0.0019864852944315,0.0745023698051977,0.0,0.06521921471082247,10,,
2019-01-31,HC,0.027886075931089726,0.027776652907004262,0.0019864852944315,0.10645442782786563,0.0,0.01776054988335181,10,,
2019-01-31,LS1,0.04231039253652525,0.04213989780397731,0.0019864852944315,0.16357385839078536,0.0,0.3077949499938553,10,,
2019-01-31,LS2,0.04020845370086911,0.040057561537676145,0.0019864852944315,0.14505954326378384,0.0,0.22905481100885963,10,,
2019-01-31,LS3,0.024832932630306233,0.024785037574299285,0.0019864852944315,0.04673450128497198,0.0,0.41589740778943873,10,,
2019-01-31,LS4,0.027059888200801387,0.02698154534775954,0.0019864852944315,0.07627875836816118,0.0,0.31336998478520567,10,,
2019-01-31,LS5,0.026033683536729097,0.025919206048776067,0.0019864852944315,0.11157283604811208,0.0,0.15270616973115736,10,,
2019-01-31,NLS6,0.030550663694087602,0.030498984833996934,0.0019864852944315,0.05014684082131232,0.0,0.04523309248550972,10,,
2019-01-31,NLS7,0.030377163505856376,0.030333253580465458,0.0019864852944315,0.04261539069971834,0.0,0.04160491659479387,10,,
2019-01-31,NLS8,0.03072068745550183,0.0306589316136896,0.0019864852944315,0.059915205509987135,0.0,0.04912757839169781,10,,
2019-01-31,CRE,0.02745843194927981,0.027280431621335754,0.0019864852944315,0.1732433375494043,0.0,0.39048256448451446,10,,
2019-01-31,SRE_STAR,0.027481208334327368,0.027295585384338183,0.0019864852944315,0.18065824317138485,0.0,0.10120944251265615,10,,
2019-01-31,GS_STAR,0.02778372949540285,0.02766058004746852,0.0019864852944315,0.11982039061346937,0.0,0.30605944727258505,10,,
2019-01-31,ID_KAPPA,0.027719667874887097,0.0276174165342995,0.0019864852944315,0.09949341613635258,0.0,0.07166904446570799,10,0.054883251304918376,70.99690988508948
2019-01-31,EW,0.07249869717981108,0.07245025323736409,0.0019864852944315,0.045169231976268334,0.0,,10,,
2019-02-28,AIQ,0.004249305222127004,0.0038865644552217304,0.0020190930200914,0.36120589281868337,0.0,0.036288777886317854,10,,
2019-02-28,HC,0.003629487155727388,0.003050587608837585,0.0020190930200914,0.5768060367880286,0.0,0.012108265589973143,10,,
2019-02-28,LS1,0.0064599128205352924,0.006188717886343342,0.0020190930200914,0.26945428301459173,0.0,0.2576688060654234,10,,
2019-02-28,LS2,0.005855366127338452,0.005503855180107209,0.0020190930200914,0.3494647034438759,0.0,0.16560421557227104,10,,
2019-02-28,LS3,0.002192531941289727,0.0016752990815540603,0.0020190930200914,0.5161012911697347,0.0,0.410234413280301,10,,
2019-02-28,LS4,0.003638528646064537,0.003128540491975418,0.0020190930200914,0.5081392747816466,0.0,0.2587335606348235,10,,
2019-02-28,LS5,0.0027094541288932876,0.002301263724223901,0.0020190930200914,0.40708741997841047,0.0,0.14079347669952652,10,,
2019-02-28,NLS6,0.005431744350214239,0.004954821123787534,0.0020190930200914,0.47434669643835725,0.0,0.05220717254916013,10,,
2019-02-28,NLS7,0.0053583937857043015,0.004896845363390856,0.0020190930200914,0.459088445639259,0.0,0.052685102898432985,10,,
2019-02-28,NLS8,0.005507304267252403,0.005014864177424139,0.0020190930200914,0.489742926519137,0.0,0.05166182767756506,10,,
2019-02-28,CRE,0.0030881753803040615,0.002657711691961495,0.0020190930200914,0.42913843359710346,0.0,0.3627417793890469,10,,
2019-02-28,SRE_STAR,0.0030881653961890164,0.002651802401425707,0.0020190930200914,0.43501958234242905,0.0,0.10118876594813213,10,,
2019-02-28,GS_STAR,0.0029637721280738405,0.0024768978861822166,0.0020190930200914,0.48543552162259507,0.0,0.14298279527041943,10,,
2019-02-28,ID_KAPPA,0.0036326357162970507,0.0030650149955162576,0.0020190930200914,0.5655662247128886,0.0,0.03959408086357622,10,0.027822699913586633,142.41157040575578
2019-02-28,EW,0.019307505997475563,0.019281030634949348,0.0020190930200914,0.025973871840045987,0.0,,10,,
2019-03-31,AIQ,0.0159748173807597,0.015900390580189327,0.0019783315388433,0.07325654071043645,0.0,0.043366932049594506,10,,
2019-03-31,HC,0.016874542509244934,0.01685353926649502,0.0019783315388433,0.02065470406802522,0.0,0.010535955296100106,10,,
2019-03-31,LS1,0.008742023154259565,0.008714811687472901,0.0019783315388433,0.026975645072877658,0.0,0.24521719414751367,10,,
2019-03-31,LS2,0.0094911268776744,0.009465548056480921,0.0019783315388433,0.025338331870925154,0.0,0.15903503036599614,10,,
2019-03-31,LS3,0.017666499832482387,0.017652590563841386,0.0019783315388433,0.013667806342671868,0.0,0.39075488310622974,10,,
2019-03-31,LS4,0.016539056142804775,0.01651734800261484,0.0019783315388433,0.02135494948142143,0.0,0.2501242194197814,10,,
2019-03-31,LS5,0.01464969920471706,0.01462821191178687,0.0019783315388433,0.021177055438095158,0.0,0.13749163279957133,10,,
2019-03-31,NLS6,0.014558744739459204,0.01451538661228291,0.0019783315388433,0.04273594545530842,0.0,0.04829698302985167,10,,
2019-03-31,NLS7,0.014574238045612038,0.014528260258986458,0.0019783315388433,0.04531732119884058,0.0,0.0483173515452434,10,,
2019-03-31,NLS8,0.014547164975370395,0.014506562708198834,0.0019783315388433,0.04002008834408413,0.0,0.04822207312748174,10,,
2019-03-31,CRE,0.013985089914081041,0.013969389018108513,0.0019783315388433,0.015484346001433752,0.0,0.35948982547494956,10,,
2019-03-31,SRE_STAR,0.014087599024543871,0.014069581317916136,0.0019783315388433,0.01776740652892371,0.0,0.09675912001952157,10,,
2019-03-31,GS_STAR,0.015699034184973874,0.01567760781819394,0.0019783315388433,0.021095192629659948,0.0,0.14784940133496385,10,,
2019-03-31,ID_KAPPA,0.016873435612692483,0.016852286906957836,0.0019783315388433,0.020797775803796437,0.0,0.0468523209427332,10,0.0367030675253092,120.13311472864405
2019-03-31,EW,0.011795480384199121,0.01177957812016217,0.0019783315388433,0.015716875935197064,0.0,,10,,
2019-04-30,AIQ,0.0038762071429544374,0.0037256143733717106,0.0020027906163269,0.15001129473032151,0.0,0.04381337685683371,10,,
2019-04-30,HC,0.003921797859841698,0.0037244482505176535,0.0020027906163269,0.1965786675264412,0.0,0.010546522945827084,10,,
2019-04-30,LS1,0.005990557209567428,0.005923405016697414,0.0020027906163269,0.06675230934205921,0.0,0.2619755189986055,10,,
2019-04-30,LS2,0.00533835919378265,0.005265068170271947,0.0020027906163269,0.07290184726390028,0.0,0.16322617576451073,10,,
2019-04-30,LS3,0.003205889295665957,0.003093671088852723,0.0020027906163269,0.11185959732740311,0.0,0.4023510823860927,10,,
2019-04-30,LS4,0.0038191960820887602,0.0036293418187023363,0.0020027906163269,0.18913193145489127,0.0,0.2600569308894818,10,,
2019-04-30,LS5,0.003088603225316223,0.002954583959778878,0.0020027906163269,0.1336066077377256,0.0,0.13279585146678075,10,,
2019-04-30,NLS6,0.00476004112646269,0.00462855438785903,0.0020027906163269,0.13086382143171205,0.0,0.04801024000930686,10,,
2019-04-30,NLS7,0.004730381809653369,0.004602233516825871,0.0020027906163269,0.1275449564853233,0.0,0.047169433750191524,10,,
2019-04-30,NLS8,0.004791594374030324,0.004656721262776609,0.0020027906163269,0.1342299358483988,0.0,0.04883726677975799,10,,
2019-04-30,CRE,0.0033431539696164286,0.003205977690495354,0.0020027906163269,0.13671920576569074,0.0,0.3604551944369027,10,,
2019-04-30,SRE_STAR,0.0033451970067273438,0.003212022948390958,0.0020027906163269,0.13273005016977898,0.0,0.0944272096419331,10,,
2019-04-30,GS_STAR,0.00351489154511183,0.0033999192083786767,0.0020027906163269,0.1145696368850162,0.0,0.14556730621761768,10,,
2019-04-30,ID_KAPPA,0.003908116446867097,0.003708455901646035,0.0020027906163269,0.19888328617932052,0.0,0.047914591182217574,10,0.037766372146817107,116.87125671386619
2019-04-30,EW,0.020553092220936153,0.020536852568846964,0.0020027906163269,0.015912598975203432,0.0,,10,,
2019-05-31,AIQ,0.008677107570352081,0.00853865606293236,0.0019375518090325,0.13726048343971797,0.0,0.03835752268635733,10,,
2019-05-31,HC,0.009685079198501744,0.009642085245925136,0.0019375518090325,0.04258154692223548,0.0,0.009996445168569892,10,,
2019-05-31,LS1,0.0010253785294756367,0.0009814614436063351,0.0019375518090325,0.043872100359542685,0.0,0.2529487937058899,10,,
2019-05-31,LS2,0.0036606634176410647,0.003616469297954117,0.0019375518090325,0.04403292995104642,0.0,0.15859225312845737,10,,
2019-05-31,LS3,0.012020513269432643,0.01197965263730394,0.0019375518090325,0.04037530029581701,0.0,0.4084238301089351,10,,
2019-05-31,LS4,0.009786503403098744,0.009746629123936534,0.0019375518090325,0.0394878313663417,0.0,0.2552814110849624,10,,
2019-05-31,LS5,0.010664889116609197,0.010634577651770005,0.0019375518090325,0.029991607668959253,0.0,0.12768207629479522,10,,
2019-05-31,NLS6,0.00747563131716255,0.0074341480577884145,0.0019375518090325,0.04117544691354062,0.0,0.04549210503766653,10,,
2019-05-31,NLS7,0.007583810226036825,0.007541414137581137,0.0019375518090325,0.0420769845895938,0.0,0.04460183022766803,10,,
2019-05-31,NLS8,0.0073632852074561024,0.007322814291907953,0.0019375518090325,0.04017509486641167,0.0,0.046370760616743924,10,,
2019-05-31,CRE,0.00991105489696333,0.009878978516786763,0.0019375518090325,0.03176158932136269,0.0,0.3586019328264279,10,,
2019-05-31,SRE_STAR,0.00998203791495945,0.009949354477528871,0.0019375518090325,0.03236041454564638,0.0,0.09215394816087279,10,,
2019-05-31,GS_STAR,0.010767750138080496,0.010699341534497364,0.0019375518090325,0.06767984393429038,0.0,0.2100633988332642,10,,
2019-05-31,ID_KAPPA,0.00969596926502239,0.009654250012326449,0.0019375518090325,0.041318628543547856,0.0,0.04145193360619574,10,0.03177310655513963,136.25495387641703
2019-05-31,EW,-0.04153942796254907,-0.04155398579945768,0.0019375518090325,0.015188769713987388,0.0,,10,,
2019-06-30,AIQ,0.021185401557741134,0.021120590996627442,0.0017497295255153,0.06346600824367286,0.0,0.04117406774922456,10,,
2019-06-30,HC,0.021179021645213916,0.021075908618534145,0.0017497295255153,0.10097448585816632,0.0,0.008839183917964715,10,,
2019-06-30,LS1,0.034934939438430894,0.03484328676632065,0.0017497295255153,0.08855887323696396,0.0,0.17524980319529074,10,,
2019-06-30,LS2,0.03148366146588498,0.031411642432437326,0.0017497295255153,0.06982081843665355,0.0,0.10626830911091235,10,,
2019-06-30,LS3,0.01718401052621692,0.016993867570600285,0.0017497295255153,0.18693073588352022,0.0,0.280493598488314,10,,
2019-06-30,LS4,0.02143525973578458,0.021340709100910793,0.0017497295255153,0.09256644899669231,0.0,0.18751880081657676,10,,
2019-06-30,LS5,0.0232448446842083,0.0231282347802646,0.0017497295255153,0.11396090051138826,0.0,0.10964064698093429,10,,
2019-06-30,NLS6,0.024221729216083628,0.024076368333929787,0.0017497295255153,0.1419232554897441,0.0,0.038582762106009603,10,,
2019-06-30,NLS7,0.024405326496546285,0.02423445516959588,0.0017497295255153,0.16680050613822414,0.0,0.03722350468797267,10,,
2019-06-30,NLS8,0.024064327660381718,0.023944528033077006,0.0017497295255153,0.1169844745773894,0.0,0.039964028821303885,10,,
2019-06-30,CRE,0.023944106987818396,0.0238282409545445,0.0017497295255153,0.11315659954796152,0.0,0.3412631590906233,10,,
2019-06-30,SRE_STAR,0.02387155229638652,0.023761570261956466,0.0017497295255153,0.10741780468799585,0.0,0.07561211937948983,10,,
2019-06-30,GS_STAR,0.021438495584235825,0.02132724151234755,0.0017497295255153,0.1089190121276872,0.0,0.09117786042235937,10,,
2019-06-30,ID_KAPPA,0.021229935457451363,0.02112817983069104,0.0017497295255153,0.09964027025393006,0.0,0.04424403218396406,10,0.03572058912291509,131.77001752178515
2019-06-30,EW,0.05006667545230275,0.05002380711676313,0.0017497295255153,0.040824393861643396,0.0,,10,,
2019-07-31,AIQ,0.003144727623342613,0.002892519654042136,0.0017170252032794,0.2514173302768228,0.0,0.0430547108044171,10,,
2019-07-31,HC,0.0031464825739987933,0.0029175023182697046,0.0017170252032794,0.22826203321920197,0.0,0.008168990560849269,10,,
2019-07-31,LS1,0.0036681707776175985,0.0033838124355669574,0.0017170252032794,0.2833190792833962,0.0,0.1579567396068391,10,,
2019-07-31,LS2,0.0035744668824716224,0.0033163580180293195,0.0017170252032794,0.2571895489171382,0.0,0.09980245329391146,10,,
2019-07-31,LS3,0.0029709930359931892,0.002847909444558816,0.0017170252032794,0.12271899415742427,0.0,0.26540305367202643,10,,
2019-07-31,LS4,0.0031549778079087484,0.002945140785221012,0.0017170252032794,0.20917707366233912,0.0,0.16905489107564514,10,,
2019-07-31,LS5,0.0031085029090982224,0.0029268510898399214,0.0017170252032794,0.18108890387381255,0.0,0.09978940981057992,10,,
2019-07-31,NLS6,0.00350888099156551,0.0032983201945293583,0.0017170252032794,0.2098245476693278,0.0,0.03367301337452621,10,,
2019-07-31,NLS7,0.003490507255059787,0.0032468274424506394,0.0017170252032794,0.24283220503569442,0.0,0.03171315580698611,10,,
2019-07-31,NLS8,0.003527298431555897,0.003349547055902402,0.0017170252032794,0.17712659728488211,0.0,0.03573973578229562,10,,
2019-07-31,CRE,0.003157640846752198,0.00293089215130804,0.0017170252032794,0.2260349582272296,0.0,0.3398348507183322,10,,
2019-07-31,SRE_STAR,0.003158270287109515,0.0029548291074317223,0.0017170252032794,0.20280068031496756,0.0,0.07822755313496868,10,,
2019-07-31,GS_STAR,0.002941573253800256,0.0026997252144420614,0.0017170252032794,0.24113871217204913,0.0,0.08955324025509219,10,,
2019-07-31,ID_KAPPA,0.0031476273141347894,0.002919650363752968,0.0017170252032794,0.22726161551360613,0.0,0.04349152184905714,10,0.035613457284605146,134.77358274660946
2019-07-31,EW,0.003077819945438731,0.0030571793271527703,0.0017170252032794,0.020577285107292023,0.0,,10,,
2019-08-31,AIQ,0.020054144589278157,0.02002778117397619,0.0016433975062259,0.025845113655796344,0.0,0.03634331485741739,10,,
2019-08-31,HC,0.019838139068824995,0.019835457012236768,0.0016433975062259,0.002629884572365959,0.0,0.00795073754277505,10,,
2019-08-31,LS1,0.025324013863298335,0.02531461949748759,0.0016433975062259,0.009162338620462788,0.0,0.15727876819310732,10,,
2019-08-31,LS2,0.02367994080891051,0.0236784944400672,0.0016433975062259,0.0014129111900057106,0.0,0.09884100623908201,10,,
2019-08-31,LS3,0.020995461814497313,0.020994801336248425,0.0016433975062259,0.0006468963611444278,0.0,0.2677612128312361,10,,
2019-08-31,LS4,0.020182283015156288,0.02018026465981526,0.0016433975062259,0.001978426183898015,0.0,0.17007999815401922,10,,
2019-08-31,LS5,0.023388536365187736,0.023381543785925052,0.0016433975062259,0.006832770755533242,0.0,0.09983261099521375,10,,
2019-08-31,NLS6,0.018515003455007208,0.018486415493428998,0.0016433975062259,0.0280682773265067,0.0,0.035998847929127026,10,,
2019-08-31,NLS7,0.018493601895735724,0.018469083389228258,0.0016433975062259,0.024073304399520327,0.0,0.035773534060356535,10,,
2019-08-31,NLS8,0.018551908246932633,0.018518947056097135,0.0016433975062259,0.032360835582898075,0.0,0.03615200089332,10,,
2019-08-31,CRE,0.023236921639695117,0.023230549779124754,0.0016433975062259,0.006227160528995447,0.0,0.338820090330492,10,,
2019-08-31,SRE_STAR,0.02334980886263666,0.02334397975245528,0.0016433975062259,0.005696107167686537,0.0,0.07681968983777213,10,,
2019-08-31,GS_STAR,0.01978303308499077,0.01977919795895766,0.0016433975062259,0.003760727437867365,0.0,0.08955324025509252,10,,
2019-08-31,ID_KAPPA,0.019833957682954463,0.01983156724781332,0.0016433975062259,0.0023439454267351056,0.0,0.03593216065709796,10,0.028205679065790638,164.44906022754466
2019-08-31,EW,-0.008175730723689933,-0.008185039134188332,0.0016433975062259,0.009385140883163404,0.0,,10,,
2019-09-30,AIQ,-0.0022416817348688547,-0.00232921489384863,0.0015533271750713,0.08772982131783515,0.0,0.017541837132429527,10,,
2019-09-30,HC,-0.0023215325526806437,-0.0024451589309586463,0.0015533271750713,0.12391404877599066,0.0,0.006438074648376332,10,,
2019-09-30,LS1,-0.003957113321251517,-0.004102546230453363,0.0015533271750713,0.14601069004849676,0.0,0.14861496458612541,10,,
2019-09-30,LS2,-0.003398577357781279,-0.0035063710326240782,0.0015533271750713,0.10816126928357923,0.0,0.09077895788488222,10,,
2019-09-30,LS3,-0.0025875799325644974,-0.0027562220985656305,0.0015533271750713,0.1690796731703427,0.0,0.21926947795274532,10,,
2019-09-30,LS4,-0.0023155911866508763,-0.0024400899782605068,0.0015533271750713,0.12478774902152487,0.0,0.15799007913262417,10,,
2019-09-30,LS5,-0.004031721442660449,-0.004171073992493501,0.0015533271750713,0.13991665481052043,0.0,0.0980428736892029,10,,
2019-09-30,NLS6,-0.0015866960843607255,-0.0016530646665121607,0.0015533271750713,0.0664740562762232,0.0,0.027684771578906763,10,,
2019-09-30,NLS7,-0.001603996187064927,-0.0016791430000233643,0.0015533271750713,0.07526754180838893,0.0,0.026467278130095907,10,,
2019-09-30,NLS8,-0.0015615888635553046,-0.0016207632333838928,0.0015533271750713,0.059266920391516625,0.0,0.02893634088210432,10,,
2019-09-30,CRE,-0.003982102395089014,-0.004139627271513069,0.0015533271750713,0.1581546644922702,0.0,0.3377201947937647,10,,
2019-09-30,SRE_STAR,-0.004048126756975285,-0.0041980270984054435,0.0015533271750713,0.15050962346407643,0.0,0.07209372747410228,10,,
2019-09-30,GS_STAR,-0.0020079759277323705,-0.0021321888070821027,0.0015533271750713,0.12446279765136462,0.0,0.10482629726948307,10,,
2019-09-30,ID_KAPPA,-0.0023210944608190744,-0.0024444412574369245,0.0015533271750713,0.12363376225849465,0.0,0.017571338872627275,10,0.011205405461075395,341.1377089673778
2019-09-30,EW,0.008829307258206551,0.008792806329102953,0.0015533271750713,0.03618147177228406,0.0,,10,,
2019-10-31,AIQ,0.0032329295241553604,0.0031918689330390215,0.0012743632726075,0.04092827289453742,0.0,0.03706736425047672,10,,
2019-10-31,HC,0.0029325989393880376,0.00288853954963475,0.0012743632726075,0.043930559042338835,0.0,0.00566201244320675,10,,
2019-10-31,LS1,0.006465224742978252,0.006439328449492132,0.0012743632726075,0.0257299436178553,0.0,0.16112741787018228,10,,
2019-10-31,LS2,0.0041365253534563495,0.004080903744038578,0.0012743632726075,0.05539247703208882,0.0,0.09369876055688024,10,,
2019-10-31,LS3,0.0029412829161652087,0.002887965382553759,0.0012743632726075,0.05316117156581979,0.0,0.2166283522568691,10,,
2019-10-31,LS4,0.0029323022668481824,0.002889265871641733,0.0012743632726075,0.0429105684491739,0.0,0.16802886464665698,10,,
2019-10-31,LS5,0.004471481884169585,0.0044160936688615315,0.0012743632726075,0.05514165041712418,0.0,0.09895597940039545,10,,
2019-10-31,NLS6,0.0029154220894799378,0.00284303119144802,0.0012743632726075,0.072180461520091,0.0,0.021010081733239056,10,,
2019-10-31,NLS7,0.002916425872101883,0.0028399394384885923,0.0012743632726075,0.07626401526606469,0.0,0.01935899151532457,10,,
2019-10-31,NLS8,0.0029142656032486616,0.0028454341851114062,0.0012743632726075,0.06863140798552203,0.0,0.022786704457040483,10,,
2019-10-31,CRE,0.0047131762167582,0.004670221900109572,0.0012743632726075,0.0427528150973051,0.0,0.3294605702407629,10,,
2019-10-31,SRE_STAR,0.004670413488324929,0.004627765228884195,0.0012743632726075,0.04245000038632506,0.0,0.07177333291619974,10,,
2019-10-31,GS_STAR,0.003160765707415325,0.0031108882544217398,0.0012743632726075,0.049720298778228283,0.0,0.10203267590363585,10,,
2019-10-31,ID_KAPPA,0.0029325383865701537,0.002888861566997303,0.0012743632726075,0.043549110135562785,0.0,0.03863452251762319,10,0.03316026390124532,155.46328712239486
2019-10-31,EW,0.021892834042151702,0.02188049660657687,0.0012743632726075,0.012073120746167773,0.0,,10,,
2019-11-30,AIQ,0.0005615831496438993,0.0005000685538361083,0.0013154410275031,0.06148006963668996,0.0,0.023526254349215757,10,,
2019-11-30,HC,0.0006647933837313679,0.0006575781761171129,0.0013154410275031,0.007210414178612956,0.0,0.00937549242610705,10,,
2019-11-30,LS1,-0.003070292421683152,-0.003185864026090557,0.0013154410275031,0.11592753584218035,0.0,0.1726723701724823,10,,
2019-11-30,LS2,-0.0008242427439797507,-0.0008719369755268991,0.0013154410275031,0.047733575600545065,0.0,0.10116285387041055,10,,
2019-11-30,LS3,0.0005317785785446385,0.0005229251268448198,0.0013154410275031,0.008848746126050133,0.0,0.22748066623387492,10,,
2019-11-30,LS4,0.0006514545755658753,0.000628540016389012,0.0013154410275031,0.022899641100914272,0.0,0.18325477326822534,10,,
2019-11-30,LS5,-0.001210955465611781,-0.0012254451420714574,0.0013154410275031,0.01450724408612842,0.0,0.10487044411281916,10,,
2019-11-30,NLS6,0.00090312364457523,0.0008860258894789474,0.0013154410275031,0.017082327642072348,0.0,0.034132536657194484,10,,
2019-11-30,NLS7,0.0008910954924503491,0.0008755815169669834,0.0013154410275031,0.015500163357633046,0.0,0.032056627908571646,10,,
2019-11-30,NLS8,0.0009167777733611343,0.0008977472683109333,0.0013154410275031,0.01901307428647514,0.0,0.036313168139124885,10,,
2019-11-30,CRE,-0.0012956600049005773,-0.001319282072234862,0.0013154410275031,0.023652713208805173,0.0,0.3335422983823274,10,,
2019-11-30,SRE_STAR,-0.0013481020568521746,-0.0013647605146626107,0.0013154410275031,0.016680945427263505,0.0,0.0744505496917087,10,,
2019-11-30,GS_STAR,0.0005115586545540412,0.00045837592006514605,0.0013154410275031,0.05315554231120186,0.0,0.15039243383786174,10,,
2019-11-30,ID_KAPPA,0.0006645305894785477,0.0006566965066572283,0.0013154410275031,0.007828880290942142,0.0,0.024837783052394546,10,0.015608629211239178,243.36508538889916
2019-11-30,EW,0.008024662321563325,0.008012277289860759,0.0013154410275031,0.01228643719304369,0.0,,10,,
2019-12-31,AIQ,0.006105530313195502,0.005959933655269589,0.0012825803067024,0.14471310766037346,0.0,0.03539827500270886,10,,
2019-12-31,HC,0.0059212735409022365,0.005905634142397531,0.0012825803067024,0.01554733846072659,0.0,0.007584318515091869,10,,
2019-12-31,LS1,0.013486618716812768,0.013446330843254639,0.0012825803067024,0.03975175677114362,0.0,0.16717944610462218,10,,
2019-12-31,LS2,0.010356136272875186,0.010328291664949862,0.0012825803067024,0.027559201083411682,0.0,0.10329078966581048,10,,
2019-12-31,LS3,0.005258292308451997,0.005236227590403875,0.0012825803067024,0.02194930220122504,0.0,0.2177416853524791,10,,
2019-12-31,LS4,0.005910567192885515,0.005882523144926655,0.0012825803067024,0.027879265685711946,0.0,0.18418937912218147,10,,
2019-12-31,LS5,0.00760313078496463,0.007583166569153477,0.0012825803067024,0.01981357064232088,0.0,0.10204540429041177,10,,
2019-12-31,NLS6,0.007134906271529146,0.007128247982478797,0.0012825803067024,0.006611119333486237,0.0,0.026615513569712885,10,,
2019-12-31,NLS7,0.007059842954162841,0.007054077312924623,0.0012825803067024,0.005725222069468294,0.0,0.024394707967036015,10,,
2019-12-31,NLS8,0.007219772504320508,0.0072121340716451154,0.0012825803067024,0.00758368022949546,0.0,0.029020544204745417,10,,
2019-12-31,CRE,0.008621655484056204,0.008599880100241819,0.0012825803067024,0.02158924874934299,0.0,0.3296723577509462,10,,
2019-12-31,SRE_STAR,0.008459549175218396,0.008438970971572868,0.0012825803067024,0.020405581624448173,0.0,0.07012590372896577,10,,
2019-12-31,GS_STAR,0.006697680422038399,0.0066762465741319055,0.0012825803067024,0.02129124594535628,0.0,0.1507703719296646,10,,
2019-12-31,ID_KAPPA,0.0059193954854287805,0.0059037986719761015,0.0012825803067024,0.015505033030229987,0.0,0.03863688273180664,10,0.031289876607202054,155.46829684916213
2019-12-31,EW,0.03261053304433685,0.03259190116515409,0.0012825803067024,0.018043471944674358,0.0,,10,,
2020-01-31,AIQ,0.014396572627719833,0.014252452642826485,0.0012825803067024,0.14207459763007452,0.0,0.0469764697081012,10,,
2020-01-31,HC,0.013571570334648385,0.013520013464936476,0.0012825803067024,0.05086653100868693,0.0,0.007425101919967684,10,,
2020-01-31,LS1,0.012946951563696001,0.012865599108651704,0.0012825803067024,0.08031265104135013,0.0,0.16129044102821471,10,,
2020-01-31,LS2,0.012517990142328276,0.012477938696447977,0.0012825803067024,0.03955628074781534,0.0,0.10253698566238635,10,,
2020-01-31,LS3,0.014254650791601408,0.014195580431912491,0.0012825803067024,0.05824016645401814,0.0,0.21324560671192386,10,,
2020-01-31,LS4,0.0135972863800509,0.013544038286395388,0.0012825803067024,0.052533776846965974,0.0,0.17442996169704153,10,,
2020-01-31,LS5,0.015131536774713891,0.015061334157065343,0.0012825803067024,0.06915617839194355,0.0,0.10759904013308431,10,,
2020-01-31,NLS6,0.012071047763467953,0.012060124062740263,0.0012825803067024,0.010793412924752055,0.0,0.026297189385943522,10,,
2020-01-31,NLS7,0.01218934736341509,0.012173186229988087,0.0012825803067024,0.015966512065376248,0.0,0.024103713987900652,10,,
2020-01-31,NLS8,0.011989561919655172,0.01197898579345913,0.0012825803067024,0.010450825378224338,0.0,0.028673460268094877,10,,
2020-01-31,CRE,0.014646870293778976,0.014568498604860203,0.0012825803067024,0.07724035939323004,0.0,0.32913481236752534,10,,
2020-01-31,SRE_STAR,0.014846817302125398,0.014771396459417163,0.0012825803067024,0.0743174648847745,0.0,0.07124998385524668,10,,
2020-01-31,GS_STAR,0.011479357229925363,0.011407510438018909,0.0012825803067024,0.0710313971245108,0.0,0.1627535105069582,10,,
2020-01-31,ID_KAPPA,0.013578108103530523,0.013526037989086248,0.0012825803067024,0.05137257210662305,0.0,0.050095611500564276,10,0.04298971257799832,118.93742774379366
2020-01-31,EW,-0.010195655949180574,-0.010211556595748905,0.0012825803067024,0.01606443401047164,0.0,,10,,
2020-02-29,AIQ,0.007741273798226152,0.007570757255504157,0.0010522224777222,0.16920666757982913,0.0,0.03366759342900255,10,,
2020-02-29,HC,0.007602498307104676,0.0075443004003141745,0.0010522224777222,0.05775879564427033,0.0,0.013553822290308297,10,,
2020-02-29,LS1,-0.0031404062700314457,-0.003211576052075782,0.0010522224777222,0.07139398817240825,0.0,0.15722719252986128,10,,
2020-02-29,LS2,0.0027999400717421603,0.0027708275496081125,0.0010522224777222,0.029031236411895922,0.0,0.09814036811584885,10,,
2020-02-29,LS3,0.008513878797291362,0.008440897996845331,0.0010522224777222,0.07236469619340269,0.0,0.19407095653061152,10,,
2020-02-29,LS4,0.007619987153574793,0.0075735081698649065,0.0010522224777222,0.04612749280724615,0.0,0.16694906402845058,10,,
2020-02-29,LS5,0.007078266317773481,0.007015362645241829,0.0010522224777222,0.062461553024780125,0.0,0.10673620438548961,10,,
2020-02-29,NLS6,0.005957096397964425,0.00595396063372311,0.0010522224777222,0.003117194811426305,0.0,0.042076137148100365,10,,
2020-02-29,NLS7,0.006037660394029539,0.00602709236012311,0.0010522224777222,0.01050461063474567,0.0,0.039711784549913184,10,,
2020-02-29,NLS8,0.005753252829791174,0.005745941537681487,0.0010522224777222,0.007269469016571717,0.0,0.04451984700619872,10,,
2020-02-29,CRE,0.005845403048146327,0.005780560185259853,0.0010522224777222,0.06446603294105731,0.0,0.32267548934947804,10,,
2020-02-29,SRE_STAR,0.006113186001966367,0.006050111605713671,0.0010522224777222,0.06269115357015169,0.0,0.0672310034344545,10,,
2020-02-29,GS_STAR,0.007306733255830491,0.007271221932048988,0.0010522224777222,0.035253734149876786,0.0,0.0948902113872436,10,,
2020-02-29,ID_KAPPA,0.007610449119076258,0.007552060972329411,0.0010522224777222,0.05794714296381209,0.0,0.03696422045128726,10,0.023732058261236002,166.1231394563724
2020-02-29,EW,-0.05206925735475247,-0.05210156679462119,0.0010522224777222,0.03408417768862797,0.0,,10,,
2020-03-31,AIQ,-0.03530868425617843,-0.03544432409015663,9.162048384192544e-05,0.14060438998946762,0.0,0.038754689322222174,10,,
2020-03-31,HC,-0.041262429702812374,-0.04127876518075535,9.162048384192544e-05,0.017038529050240725,0.0,0.010961726437349974,10,,
2020-03-31,LS1,-0.05157389264633053,-0.05167548824542989,9.162048384192544e-05,0.10712020505520796,0.0,0.121108089253738,10,,
2020-03-31,LS2,-0.0492093397600891,-0.04926395854733168,9.162048384192544e-05,0.05744564973829343,0.0,0.070205470649508,10,,
2020-03-31,LS3,-0.03855067205240703,-0.03857300412209774,9.162048384192544e-05,0.023227505643367452,0.0,0.15742123549203382,10,,
2020-03-31,LS4,-0.04099765810895086,-0.04102900379398888,9.162048384192544e-05,0.0326857231404523,0.0,0.1270707782472332,10,,
2020-03-31,LS5,-0.03984060045236469,-0.03985807102414396,9.162048384192544e-05,0.018195491068907214,0.0,0.09219148520822901,10,,
2020-03-31,NLS6,-0.04801350012758892,-0.048051333123453444,9.162048384192544e-05,0.039741105435487645,0.0,0.034016380037318925,10,,
2020-03-31,NLS7,-0.0477348107897275,-0.047772512344281926,9.162048384192544e-05,0.03959144467484893,0.0,0.0321635612477266,10,,
2020-03-31,NLS8,-0.04835332267839074,-0.048385102975772476,9.162048384192544e-05,0.03339505946796484,0.0,0.035887860973578226,10,,
2020-03-31,CRE,-0.04331217001069526,-0.04332175033386165,9.162048384192544e-05,0.010014053556481575,0.0,0.3059462450593122,10,,
2020-03-31,SRE_STAR,-0.042108434556019377,-0.04211681926369393,9.162048384192544e-05,0.00875329523394678,0.0,0.06263856660057011,10,,
2020-03-31,GS_STAR,-0.04086495503646686,-0.04087878002921774,9.162048384192544e-05,0.01441402107401172,1.0000000000738426e-06,-7.38425375743772e-17,8,,
2020-03-31,ID_KAPPA,-0.04119023315129175,-0.041205765802371785,9.162048384192544e-05,0.016199929972633975,0.0,0.04294179294758756,10,0.03233450854742108,147.30354622662483
2020-03-31,EW,-0.13147934925396607,-0.13150828771139567,9.162048384192544e-05,0.033319250848774115,0.0,,10,,
2020-04-30,AIQ,0.02212144827662659,0.021854709795114946,7.496908027748717e-05,0.2609655456907049,0.0,0.04193317065724463,10,,
2020-04-30,HC,0.022623276839825936,0.022008613921225884,7.496908027748717e-05,0.6010648618322243,0.0,0.008124887683185533,10,,
2020-04-30,LS1,0.044917034562158065,0.044463832018581506,7.496908027748717e-05,0.4337210788861161,0.0,0.1809113071914142,10,,
2020-04-30,LS2,0.035445763560391044,0.0350319161941286,7.496908027748717e-05,0.39968038967056246,0.0,0.0911701949734288,10,,
2020-04-30,LS3,0.01777739047079563,0.017214127510553512,7.496908027748717e-05,0.5534245165158118,0.0,0.2679603414743785,10,,
2020-04-30,LS4,0.022144034460247417,0.021534426258191575,7.496908027748717e-05,0.5964014674094782,0.0,0.20776062990353497,10,,
2020-04-30,LS5,0.023819952518112236,0.023380474907499504,7.496908027748717e-05,0.4292528286166806,0.0,0.06956730065097165,10,,
2020-04-30,NLS6,0.02430135235458811,0.023562987737064,7.496908027748717e-05,0.7208470591461413,0.0,0.027652808860240165,10,,
2020-04-30,NLS7,0.024095825879605747,0.023362707680461003,7.496908027748717e-05,0.7158687503828622,0.0,0.02566443446946024,10,,
2020-04-30,NLS8,0.024612483746939452,0.02386767105329679,7.496908027748717e-05,0.7269213536409586,0.0,0.029771485767032,10,,
2020-04-30,CRE,0.02411756338334849,0.023636694652658496,7.496908027748717e-05,0.46954446235775293,0.0,0.2825420522067548,10,,
2020-04-30,SRE_STAR,0.024296844679444162,0.023842757648752544,7.496908027748717e-05,0.44331585423728725,0.0,0.05550718777612898,10,,
2020-04-30,GS_STAR,0.01972251926384191,0.019355373841982493,7.496908027748717e-05,0.36004443848562573,1.0000000003386342e-06,-3.38634560828968e-16,9,,
2020-04-30,ID_KAPPA,0.022209448529687873,0.021596334441452036,7.496908027748717e-05,0.5997930161160638,0.0,0.0475219556102141,10,0.03971978673303441,138.7592238414559
2020-04-30,EW,0.07946137139084222,0.07937938843431169,7.496908027748717e-05,0.07594802250763986,0.0,,10,,
2020-05-31,AIQ,0.014880964255116124,0.014791334608503126,0.0001165918724463,0.088315427887579,0.0,0.009473182151519181,10,,
2020-05-31,HC,0.008539701055564978,0.008448012318376108,0.0001165918724463,0.09091237270375563,0.0,0.006846227925475236,10,,
2020-05-31,LS1,0.019145956055272174,0.01892315745015849,0.0001165918724463,0.21861304927914782,0.0,0.1521154798265888,10,,
2020-05-31,LS2,0.014614877442262074,0.014444791541628144,0.0001165918724463,0.16763592217640289,0.0,0.07603367228733206,10,,
2020-05-31,LS3,0.0046535522400839024,0.0046535522400839024,0.0001165918724463,0.0,0.0,0.2551354156589498,10,,
2020-05-31,LS4,0.007868180927728022,0.00779752146296997,0.0001165918724463,0.0701078435606068,0.0,0.182029971626626,10,,
2020-05-31,LS5,0.007785514887964164,0.007694638600493242,0.0001165918724463,0.0901742346248664,0.0,0.053982862836088066,10,,
2020-05-31,NLS6,0.007070115833989709,0.006976415441329209,0.0001165918724463,0.09304257090655282,0.0,0.023701523288389953,10,,
2020-05-31,NLS7,0.0070152426605153235,0.006927926885546221,0.0001165918724463,0.086707500810431,0.0,0.021976438038054682,10,,
2020-05-31,NLS8,0.007128417801964816,0.007024800375079909,0.0001165918724463,0.10288402655850862,0.0,0.02555648642471484,10,,
2020-05-31,CRE,0.00692084177108862,0.0067564880997501575,0.0001165918724463,0.16322402369730982,0.0,0.27188933249354225,10,,
2020-05-31,SRE_STAR,0.007891757528406157,0.0077757238874973655,0.0001165918724463,0.11512510152206822,0.0,0.050677317403472415,10,,
2020-05-31,GS_STAR,0.013319607352829641,0.013244093199258788,0.0001165918724463,0.07452155570950238,1.0000000000996326e-06,-9.963260777892304e-17,8,,
2020-05-31,ID_KAPPA,0.00850797715536701,0.008419092047955434,0.0001165918724463,0.08813525467818534,0.0,0.010488345353548834,10,0.003667224079979342,661.9029604486648
2020-05-31,EW,0.0503465932723904,0.050308376989044,0.0001165918724463,0.036384450229114296,0.0,,10,,
2020-06-30,AIQ,0.007751731606188596,0.007673413358019854,0.0001332356553898,0.07771581602140373,0.0,0.014213431604286104,10,,
2020-06-30,HC,0.007189888890002021,0.007159368192679816,0.0001332356553898,0.030302823388948637,0.0,0.0062389424328165525,10,,
2020-06-30,LS1,0.013004794480923919,0.012960113091014192,0.0001332356553898,0.044107777330574596,0.0,0.146244372591281,10,,
2020-06-30,LS2,0.010131833087683449,0.01009402288912642,0.0001332356553898,0.037430954375035505,0.0,0.07458136779469564,10,,
2020-06-30,LS3,0.006302413581509736,0.006302413581509736,0.0001332356553898,0.0,0.0,0.25861612274674206,10,,
2020-06-30,LS4,0.007234815585494846,0.007216706239400628,0.0001332356553898,0.017979269395715473,0.0,0.17196075315212606,10,,
2020-06-30,LS5,0.007984173304221886,0.007958844871485349,0.0001332356553898,0.02512780796307032,0.0,0.0513880943277802,10,,
2020-06-30,NLS6,0.007862698179676917,0.00784449873679871,0.0001332356553898,0.018057462500824677,0.0,0.019436348688000468,10,,
2020-06-30,NLS7,0.00781618298203885,0.007797526246921871,0.0001332356553898,0.018512041612402705,0.0,0.018059006741021767,10,,
2020-06-30,NLS8,0.007911709295715696,0.007893964147527965,0.0001332356553898,0.017605855774980424,0.0,0.020909881829436736,10,,
2020-06-30,CRE,0.007735590964517418,0.007714287506981776,0.0001332356553898,0.021139927701872518,0.0,0.27445938328076297,10,,
2020-06-30,SRE_STAR,0.008000103920492977,0.0079702770050325,0.0001332356553898,0.029590190858626055,0.0,0.04737463966924619,10,,
2020-06-30,GS_STAR,0.007235236935381817,0.007138339729075627,0.0001332356553898,0.09620116806189626,1.0000000001709744e-06,-1.7097472553067426e-16,9,,
2020-06-30,ID_KAPPA,0.007191835546185091,0.007161757596199747,0.0001332356553898,0.02986317891357774,0.0,0.01563716351807434,10,0.009457224162381149,438.7889949714228
2020-06-30,EW,0.03454631124559102,0.0345130445920625,0.0001332356553898,0.032155789612339905,0.0,,10,,
2020-07-31,AIQ,0.015736243919905215,0.015710644684748365,7.496908027748717e-05,0.025202640262164733,0.0,0.02808261104854966,10,,
2020-07-31,HC,0.01530189324656631,0.015241680635550425,7.496908027748717e-05,0.05930513024401364,0.0,0.007902209328989426,10,,
2020-07-31,LS1,0.04249061246596789,0.04241735190439444,7.496908027748717e-05,0.07027455278487013,0.0,0.17709645225071716,10,,
2020-07-31,LS2,0.032240977948324,0.032176393758883925,7.496908027748717e-05,0.06256696916683198,0.0,0.08591923311008591,10,,
2020-07-31,LS3,0.014935359155794359,0.014935359155794359,7.496908027748717e-05,0.0,0.0,0.31751066747438084,10,,
2020-07-31,LS4,0.015838939108305878,0.01578822762126353,7.496908027748717e-05,0.04992079461621319,0.0,0.2083559923898326,10,,
2020-07-31,LS5,0.021962723466006195,0.021930841488376762,7.496908027748717e-05,0.031196810703049478,0.0,0.053809415250923406,10,,
2020-07-31,NLS6,0.0154641814152436,0.015442961933653798,7.496908027748717e-05,0.020896336845871784,0.0,0.024088964204451595,10,,
2020-07-31,NLS7,0.015453972699723631,0.015431850300641203,7.496908027748717e-05,0.021785723112165124,0.0,0.022683275847197697,10,,
2020-07-31,NLS8,0.015475453319400716,0.015455041867376007,7.496908027748717e-05,0.02010038938699049,0.0,0.025564944038609247,10,,
2020-07-31,CRE,0.021660077030101435,0.021594495057477348,7.496908027748717e-05,0.06419157809793899,0.0,0.27494864365779553,10,,
2020-07-31,SRE_STAR,0.0221695468788738,0.022128961968814087,7.496908027748717e-05,0.039704675397106176,0.0,0.045694987114483915,10,,
2020-07-31,GS_STAR,0.015380239213734085,0.01536774041608413,7.496908027748717e-05,0.012309474980151917,1.0000000000555918e-06,-5.5591884059043e-17,9,,
2020-07-31,ID_KAPPA,0.01529883719495751,0.015239957359449718,7.496908027748717e-05,0.05799261591840911,0.0,0.03129609118221291,10,0.023580217669270227,216.19326942472918
2020-07-31,EW,0.051590261494856134,0.05157220222535197,7.496908027748717e-05,0.017173294737938827,0.0,,10,,
2020-08-31,AIQ,-0.005048542423222102,-0.005095357875409712,9.162048384192544e-05,0.04705300126067701,0.0,0.022368345253362506,10,,
2020-08-31,HC,-0.005301598908924324,-0.005305808084369867,9.162048384192544e-05,0.004231609743150219,0.0,0.0062844981325223224,10,,
2020-08-31,LS1,0.0020136764070250337,0.001874718537204556,9.162048384192544e-05,0.13867861596340678,0.0,0.17876458115735944,10,,
2020-08-31,LS2,-0.001865083691839754,-0.0020114817766883064,9.162048384192544e-05,0.14667163973179964,0.0,0.08828627492938414,10,,
2020-08-31,LS3,-0.008073331720057864,-0.008073331720057864,9.162048384192544e-05,0.0,0.0,0.29410322116391285,10,,
2020-08-31,LS4,-0.004997617148719858,-0.005006398264640111,9.162048384192544e-05,0.008825220996053464,0.0,0.20278612681093952,10,,
2020-08-31,LS5,-0.007165211398354665,-0.007225972958505578,9.162048384192544e-05,0.06120007160148107,0.0,0.06578407872667484,10,,
2020-08-31,NLS6,-0.003908405579057881,-0.003908703207604058,9.162048384192544e-05,0.00029879636356271166,0.0,0.02187584606648858,10,,
2020-08-31,NLS7,-0.003975863386197411,-0.00397601935171521,9.162048384192544e-05,0.0001565880907410111,0.0,0.020211933632214466,10,,
2020-08-31,NLS8,-0.003834031847682338,-0.0038348341161875688,9.162048384192544e-05,0.0008053562667316438,0.0,0.023670185129392913,10,,
2020-08-31,CRE,-0.00725536866585396,-0.007328047879081145,9.162048384192544e-05,0.07321038153543764,0.0,0.2697583365775848,10,,
2020-08-31,SRE_STAR,-0.007115536072513401,-0.007180538427753347,9.162048384192544e-05,0.06546819655416872,0.0,0.05932628301528117,10,,
2020-08-31,GS_STAR,-0.006365224831566242,-0.006369673945606724,9.162048384192544e-05,0.004477615067214228,0.0,0.07912592934647253,10,,
2020-08-31,ID_KAPPA,-0.005317313298166027,-0.005321231287735317,9.162048384192544e-05,0.003938934116044748,0.0,0.02354059559178047,10,0.01736522920979811,293.77049266225197
2020-08-31,EW,0.035864561019746354,0.03584167749158618,9.162048384192544e-05,0.022091235689710095,0.0,,10,,
2020-09-30,AIQ,-0.0015466844825297308,-0.0015583234920170108,8.329516327321151e-05,0.011657039248970102,0.0,0.030439969160662064,10,,
2020-09-30,HC,-0.002085622119634617,-0.0020933377426916033,8.329516327321151e-05,0.007731748562828426,0.0,0.0073291973630431675,10,,
2020-09-30,LS1,-0.0144034540818773,-0.014486267341973336,8.329516327321151e-05,0.08402348855528496,0.0,0.23275987448768712,10,,
2020-09-30,LS2,-0.008761852903750979,-0.008851301438347003,8.329516327321151e-05,0.09023919716777971,0.0,0.11309141150723219,10,,
2020-09-30,LS3,-0.0005468089491592609,-0.0005468089491592609,8.329516327321151e-05,0.0,0.0,0.38777735163217925,10,,
2020-09-30,LS4,-0.0023916481372049467,-0.0024012343531946145,8.329516327321151e-05,0.009609197809686935,0.0,0.2596101001940831,10,,
2020-09-30,LS5,-0.0026826184121422447,-0.0026858491895611625,8.329516327321151e-05,0.0032394676745867296,0.0,0.06821854248778778,10,,
2020-09-30,NLS6,-0.002887297036806382,-0.0029010981104784506,8.329516327321151e-05,0.013841036856756639,0.0,0.02375287157119019,10,,
2020-09-30,NLS7,-0.002863636393080994,-0.002878216097104591,8.329516327321151e-05,0.01462157489763194,0.0,0.022485137635732275,10,,
2020-09-30,NLS8,-0.002912473288469876,-0.0029253517015843666,8.329516327321151e-05,0.012916030708974333,0.0,0.02504863206385921,10,,
2020-09-30,CRE,-0.002284062257567633,-0.0022918247414541737,8.329516327321151e-05,0.007780254472176083,0.0,0.2727283825202237,10,,
2020-09-30,SRE_STAR,-0.002713216136488841,-0.002715260533724506,8.329516327321151e-05,0.0020499592180442047,0.0,0.0625076935953815,10,,
2020-09-30,GS_STAR,-0.001169129414208086,-0.0012024572631692543,8.329516327321151e-05,0.03336685913761893,0.0,0.0929483193228323,10,,
2020-09-30,ID_KAPPA,-0.002072233602281623,-0.002079572425730425,8.329516327321151e-05,0.007354062784850249,0.0,0.03271603424565194,10,0.025574275797344465,208.9009453625163
2020-09-30,EW,-0.027898944615128308,-0.02792891361897143,8.329516327321151e-05,0.03082910328838341,0.0,,10,,
2020-10-31,AIQ,-0.005605612664159698,-0.0056179929004578355,7.496908027748717e-05,0.012450026323384412,0.0,0.04626943661779816,10,,
2020-10-31,HC,-0.006535107587538643,-0.00654306477809985,7.496908027748717e-05,0.008009533725785008,0.0,0.007510331073948904,10,,
2020-10-31,LS1,-0.0066449378918591465,-0.006714449851632387,7.496908027748717e-05,0.06997695227498611,0.0,0.2431349320450098,10,,
2020-10-31,LS2,-0.005749674415965122,-0.005819648899139329,7.496908027748717e-05,0.07037914031674522,0.0,0.12361081241098801,10,,
2020-10-31,LS3,-0.004465243905005245,-0.004465243905005245,7.496908027748717e-05,0.0,0.0,0.3974377949632029,10,,
2020-10-31,LS4,-0.00630890515434727,-0.006330856550548214,7.496908027748717e-05,0.022090764740431496,0.0,0.26311562816727574,10,,
2020-10-31,LS5,-0.0039817490292115,-0.003995076271005815,7.496908027748717e-05,0.01338051966561897,0.0,0.0751622229063064,10,,
2020-10-31,NLS6,-0.007634438096190828,-0.007647552481146902,7.496908027748717e-05,0.01321527616398803,0.0,0.022643772971770164,10,,
2020-10-31,NLS7,-0.0076493634014002405,-0.0076649315866139656,7.496908027748717e-05,0.015688189879316125,0.0,0.02217898417247326,10,,
2020-10-31,NLS8,-0.00762746097540493,-0.007638453823172631,7.496908027748717e-05,0.011077339744367948,0.0,0.022998563908974028,10,,
2020-10-31,CRE,-0.0040635412620148555,-0.004081028338047021,7.496908027748717e-05,0.017558425418422754,0.0,0.2787137489000869,10,,
2020-10-31,SRE_STAR,-0.00398240554397831,-0.003995697686842603,7.496908027748717e-05,0.01334528921798777,0.0,0.0706019046208047,10,,
2020-10-31,GS_STAR,-0.006068054141801433,-0.006148057262357121,7.496908027748717e-05,0.080491547624605,0.0,0.0887391251248225,10,,
2020-10-31,ID_KAPPA,-0.006506712875296554,-0.006514030640877522,7.496908027748717e-05,0.0073656920240833534,0.0,0.049665160403289936,10,0.04247382179298179,134.40806743215293
2020-10-31,EW,-0.012343294412065433,-0.012355872755696717,7.496908027748717e-05,0.012735542178005266,0.0,,10,,
2020-11-30,AIQ,0.01650322587873267,0.016492850528765146,6.66422347088691e-05,0.010206903139571462,0.0,0.032993016785149695,10,,
2020-11-30,HC,0.016572107602944506,0.016554955775461844,6.66422347088691e-05,0.0168722192498623,0.0,0.007445716386816673,10,,
2020-11-30,LS1,0.02092181521712904,0.020879819055453552,6.66422347088691e-05,0.041135531682888304,0.0,0.2507672373524552,10,,
2020-11-30,LS2,0.019368786392220453,0.019342246044140365,6.66422347088691e-05,0.026036061172726804,0.0,0.12798835398005787,10,,
2020-11-30,LS3,0.009811796137846995,0.009811796137846995,6.66422347088691e-05,0.0,0.0,0.4047279803032167,10,,
2020-11-30,LS4,0.015911405523381175,0.015884581662692687,6.66422347088691e-05,0.026403740072768758,0.0,0.25411803430494084,10,,
2020-11-30,LS5,0.008952510891444753,0.008941163602692148,6.66422347088691e-05,0.011246603412971415,0.0,0.08412262609054125,10,,
2020-11-30,NLS6,0.020386173845033363,0.02036279137322361,6.66422347088691e-05,0.022915316190056906,0.0,0.025863153617057082,10,,
2020-11-30,NLS7,0.020191620590670135,0.0201636413824402,6.66422347088691e-05,0.02742544406874305,0.0,0.024578139296363884,10,,
2020-11-30,NLS8,0.02054587545341917,0.020525136128191956,6.66422347088691e-05,0.02032179613476251,0.0,0.027076218052845196,10,,
2020-11-30,CRE,0.009451928210650584,0.009423962094899263,6.66422347088691e-05,0.02770425710209515,0.0,0.28329693320021315,10,,
2020-11-30,SRE_STAR,0.008880206224710571,0.008863920702330441,6.66422347088691e-05,0.016142176523718035,0.0,0.08389760282530682,10,,
2020-11-30,GS_STAR,0.01666043831899463,0.016654811170373263,6.66422347088691e-05,0.005534934191693706,0.0,0.08873912512482303,10,,
2020-11-30,ID_KAPPA,0.01653709615027144,0.0165209985522643,6.66422347088691e-05,0.015835721163743523,0.0,0.0367257477389279,10,0.029499677584911004,183.229690645534
2020-11-30,EW,0.08651329638672695,0.08649154445021034,6.66422347088691e-05,0.020019945074795112,0.0,,10,,
2020-12-31,AIQ,0.004161604155870771,0.004131088880146239,7.496908027748717e-05,0.030388809528507976,0.0,0.0470852098337891,10,,
2020-12-31,HC,0.0027418821351256977,0.0026382093178882737,7.496908027748717e-05,0.10338933586445923,0.0,0.005393056469269237,10,,
2020-12-31,LS1,0.020071003709855696,0.019987039366266224,7.496908027748717e-05,0.08231225403328922,0.0,0.19184267883582407,10,,
2020-12-31,LS2,0.01249450370572051,0.012416241025407837,7.496908027748717e-05,0.07729689398428356,0.0,0.09936113980451272,10,,
2020-12-31,LS3,0.0013773009088511312,0.0013773009088511312,7.496908027748717e-05,0.0,0.0,0.2809748383443175,10,,
2020-12-31,LS4,0.002997544359045489,0.0029355152810399687,7.496908027748717e-05,0.06184369877513294,0.0,0.21421258750258923,10,,
2020-12-31,LS5,0.004380716728496407,0.0043635393790752985,7.496908027748717e-05,0.01710242852640141,0.0,0.07971249253009577,10,,
2020-12-31,NLS6,0.004465057324090754,0.004298218272297705,7.496908027748717e-05,0.16609741730334762,0.0,0.01815876408259726,10,,
2020-12-31,NLS7,0.004340601621449199,0.004177963019702746,7.496908027748717e-05,0.16193570336964838,0.0,0.016541628824577943,10,,
2020-12-31,NLS8,0.004596915314763976,0.004427560817339415,7.496908027748717e-05,0.1685795515024702,0.0,0.01992466540163731,10,,
2020-12-31,CRE,0.003694900557042213,0.003673659406718155,7.496908027748717e-05,0.021162955308600535,0.0,0.2819491490461911,10,,
2020-12-31,SRE_STAR,0.004494484616451745,0.004483287176831219,7.496908027748717e-05,0.011147338081161029,0.0,0.06963060820863741,10,,
2020-12-31,GS_STAR,0.0027756448278073633,0.0026585269694749947,7.496908027748717e-05,0.11679368055705405,0.0,0.08777720773436753,10,,
2020-12-31,ID_KAPPA,0.002795667634697689,0.0026985313042768855,7.496908027748717e-05,0.09686552660300345,0.0,0.05004038307478234,10,0.044889417770421616,132.17582554330184
2020-12-31,EW,0.046490831536803966,0.04643990267684295,7.496908027748717e-05,0.048666322175421065,0.0,,10,,
2021-01-31,AIQ,-0.0066488868620078485,-0.00672388756970399,4.99862552685304e-05,0.07550271671746434,0.0,0.02332822614128207,10,,
2021-01-31,HC,-0.006061936115838143,-0.0060709780545139536,4.99862552685304e-05,0.009097084621606688,0.0,0.005519233775253719,10,,
2021-01-31,LS1,-0.00820099982586947,-0.008252844547516736,4.99862552685304e-05,0.05227341592220384,0.0,0.18953103973576704,10,,
2021-01-31,LS2,-0.007055837097684009,-0.007086132641180409,4.99862552685304e-05,0.030510822892544538,0.0,0.10113976275909117,10,,
2021-01-31,LS3,-0.007169672494377166,-0.007169672494377166,4.99862552685304e-05,0.0,0.0,0.28599146379538976,10,,
2021-01-31,LS4,-0.006324767908946371,-0.0063311071146066045,4.99862552685304e-05,0.0063795548641466665,0.0,0.20935263745621993,10,,
2021-01-31,LS5,-0.007387794911793261,-0.00740027648999908,4.99862552685304e-05,0.01257447585449209,0.0,0.0802510340281415,10,,
2021-01-31,NLS6,-0.005487764061731698,-0.005497583659007876,4.99862552685304e-05,0.00987378226369225,0.0,0.018116399390311563,10,,
2021-01-31,NLS7,-0.005534168498112103,-0.005544913534808016,4.99862552685304e-05,0.010804832459388309,0.0,0.016453487446116317,10,,
2021-01-31,NLS8,-0.005439906372446742,-0.005449362841093985,4.99862552685304e-05,0.009508192323294681,0.0,0.019936480691253537,10,,
2021-01-31,CRE,-0.007395020687846032,-0.007408726349095507,4.99862552685304e-05,0.013807769994283414,0.0,0.28092709147961575,10,,
2021-01-31,SRE_STAR,-0.0074138359169555815,-0.0074267895477961865,4.99862552685304e-05,0.013050384248139792,0.0,0.07159830293692364,10,,
2021-01-31,GS_STAR,-0.006086893988015098,-0.006089861946521946,4.99862552685304e-05,0.0029861347928073602,0.0,0.12430269907454186,10,,
2021-01-31,ID_KAPPA,-0.006059534357908178,-0.006070321352109054,4.99862552685304e-05,0.010852756853891168,0.0,0.025840482078455587,10,0.020434028483371756,262.30822644791726
2021-01-31,EW,0.008180979468542982,0.008160746151952392,4.99862552685304e-05,0.02006913143845232,0.0,,10,,
2021-02-28,AIQ,-0.0110276315131165,-0.011096215010680588,3.3327223783574667e-05,0.06934824445009066,0.0,0.02514913312892822,10,,
2021-02-28,HC,-0.012535504910436705,-0.012562469859286995,3.3327223783574667e-05,0.02730725913115751,0.0,0.006060643689581995,10,,
2021-02-28,LS1,-0.015092002891940461,-0.015171644408940366,3.3327223783574667e-05,0.08086188479914971,0.0,0.23241321981252544,10,,
2021-02-28,LS2,-0.013931705415496268,-0.014010766110046147,3.3327223783574667e-05,0.08017770674104707,0.0,0.12410642149985943,10,,
2021-02-28,LS3,-0.014438685064866674,-0.014438685064866674,3.3327223783574667e-05,0.0,0.0,0.33838720734573124,10,,
2021-02-28,LS4,-0.012933496784954666,-0.012957917913307915,3.3327223783574667e-05,0.02474111751699224,0.0,0.2566317659806295,10,,
2021-02-28,LS5,-0.015452005881299264,-0.015490543901166443,3.3327223783574667e-05,0.03914285550060656,0.0,0.09303270079005245,10,,
2021-02-28,NLS6,-0.013360118864287377,-0.013372839155837757,3.3327223783574667e-05,0.012892537382371876,0.0,0.020182686759339815,10,,
2021-02-28,NLS7,-0.013359397517329518,-0.0133713428982698,3.3327223783574667e-05,0.012107124833783983,0.0,0.018298146056100528,10,,
2021-02-28,NLS8,-0.01335861097328469,-0.013372188751775371,3.3327223783574667e-05,0.01376161454570574,0.0,0.02224147195060769,10,,
2021-02-28,CRE,-0.015195155299116574,-0.015256594660165157,3.3327223783574667e-05,0.06238734646695947,0.0,0.2823719493580439,10,,
2021-02-28,SRE_STAR,-0.015556467238402108,-0.015601956532352967,3.3327223783574667e-05,0.046208129198821876,0.0,0.08469370244242787,10,,
2021-02-28,GS_STAR,-0.013128574152113132,-0.013151743666574789,3.3327223783574667e-05,0.02347774376153784,0.0,0.11736019125207768,10,,
2021-02-28,ID_KAPPA,-0.012547801793577076,-0.012575895531247272,3.3327223783574667e-05,0.028450731813940314,0.0,0.026390909308463918,10,0.020454231427508806,257.5860075685216
2021-02-28,EW,0.017637275317640862,0.017615524050841103,3.3327223783574667e-05,0.021374282691225155,0.0,,10,,
2021-03-31,AIQ,-0.012739599164882483,-0.012742823024199046,2.4996563158685703e-05,0.003265459967647086,0.0,0.04222644444381889,10,,
2021-03-31,HC,-0.012692137725408425,-0.012710449311604366,2.4996563158685703e-05,0.018546987110636536,0.0,0.007957236333823652,10,,
2021-03-31,LS1,-0.006206713298072916,-0.006283902754639081,2.4996563158685703e-05,0.07767154155603376,0.0,0.23770076263060633,10,,
2021-03-31,LS2,-0.008081963138464243,-0.008123912459810034,2.4996563158685703e-05,0.04229111659116665,0.0,0.1286941022249748,10,,
2021-03-31,LS3,-0.012488357586581067,-0.012488357586581067,2.4996563158685703e-05,0.0,0.0,0.3194982703399082,10,,
2021-03-31,LS4,-0.01250405179924666,-0.01252894994886633,2.4996563158685703e-05,0.025213419523411985,0.0,0.2656541011463802,10,,
2021-03-31,LS5,-0.011970918164473125,-0.01203121044020461,2.4996563158685703e-05,0.06102277436954449,0.0,0.09745057617574975,10,,
2021-03-31,NLS6,-0.012759482552547784,-0.012813431195463743,2.4996563158685703e-05,0.05464589627603052,0.0,0.024833167865192237,10,,
2021-03-31,NLS7,-0.012764083819404635,-0.012814393869414631,2.4996563158685703e-05,0.050960514285807924,0.0,0.022659922937205722,10,,
2021-03-31,NLS8,-0.01275534389995779,-0.012812950816134205,2.4996563158685703e-05,0.05835120587427028,0.0,0.02710596293086468,10,,
2021-03-31,CRE,-0.012184069182948913,-0.012266562954213578,2.4996563158685703e-05,0.08351127845894156,0.0,0.28993055337237955,10,,
2021-03-31,SRE_STAR,-0.011956187841258695,-0.012028032696765889,2.4996563158685703e-05,0.07271424062680082,0.0,0.08412859700923858,10,,
2021-03-31,GS_STAR,-0.01266103698019888,-0.01268412311803635,2.4996563158685703e-05,0.023382180489363087,9.999999999418552e-07,5.814502883103462e-17,9,,
2021-03-31,ID_KAPPA,-0.012687941533156992,-0.012705384438119527,2.4996563158685703e-05,0.01766706363296464,0.0,0.044731303162054176,10,0.037069033891572255,147.41822559973141
2021-03-31,EW,0.007554180354259876,0.007523609401339115,2.4996563158685703e-05,0.030341745900032163,0.0,,10,,
2021-04-30,AIQ,0.010521041082974412,0.010516268699415132,8.332951413336787e-06,0.004722695881884058,0.0,0.02609784723026938,10,,
2021-04-30,HC,0.009818354808811738,0.00981658613342562,8.332951413336787e-06,0.0017514787465171856,0.0,0.007978298713097543,10,,
2021-04-30,LS1,0.0165097790555429,0.016484088100106264,8.332951413336787e-06,0.02527369235967904,0.0,0.24200484362402544,10,,
2021-04-30,LS2,0.012572153475577908,0.01255899631499613,8.332951413336787e-06,0.012993800527292716,0.0,0.13357380488502651,10,,
2021-04-30,LS3,0.0079001449369418,0.0079001449369418,8.332951413336787e-06,0.0,0.0,0.3304467465743003,10,,
2021-04-30,LS4,0.009436082831476105,0.009412833588827496,8.332951413336787e-06,0.023031911622886012,0.0,0.269354847202928,10,,
2021-04-30,LS5,0.009136934788306378,0.00911604654541387,8.332951413336787e-06,0.020699116415538628,0.0,0.10508133052771852,10,,
2021-04-30,NLS6,0.010857653596488444,0.010782620459734105,8.332951413336787e-06,0.07422720349139114,0.0,0.02547569410749223,10,,
2021-04-30,NLS7,0.010805618133724253,0.010737114751223853,8.332951413336787e-06,0.06777107415243555,0.0,0.023119038475009145,10,,
2021-04-30,NLS8,0.010908436500914219,0.010826904269923388,8.332951413336787e-06,0.08065243898156023,0.0,0.02804352939826404,10,,
2021-04-30,CRE,0.008953359262819281,0.00892249699748593,8.332951413336787e-06,0.030588396430831402,0.0,0.2948196056016959,10,,
2021-04-30,SRE_STAR,0.00920587542830758,0.009178716271555087,8.332951413336787e-06,0.026911413630846003,0.0,0.08924370052732333,10,,
2021-04-30,GS_STAR,0.012830323539548423,0.012740595140479982,8.332951413336787e-06,0.08859173840181372,0.0,0.1258263602746167,10,,
2021-04-30,ID_KAPPA,0.00979944175100099,0.009798269020593775,8.332951413336787e-06,0.0011613498273480571,0.0,0.02781735063807333,10,0.019998606783741883,238.72997225889333
2021-04-30,EW,0.04009556298157347,0.04007469723022994,8.332951413336787e-06,0.02006137905615679,0.0,,10,,
2021-05-31,AIQ,0.0035719694907218966,0.003525008282173392,8.332951413336787e-06,0.04679406158822044,0.0,0.04812540481598094,10,,
2021-05-31,HC,0.0035684214705581628,0.0035390576619214187,8.332951413336787e-06,0.02925939877001612,0.0,0.009679292184055348,10,,
2021-05-31,LS1,0.01905740548053722,0.018999806686420095,8.332951413336787e-06,0.056521638337061995,0.0,0.2747590032266769,10,,
2021-05-31,LS2,0.014279443183431318,0.0142225641157403,8.332951413336787e-06,0.05607830078110203,0.0,0.15281738961900718,10,,
2021-05-31,LS3,0.003266641197453568,0.003266641197453568,8.332951413336787e-06,0.0,0.0,0.3903085688172091,10,,
2021-05-31,LS4,0.0036746060649531574,0.0036393291390826032,8.332951413336787e-06,0.03514777165549253,0.0,0.2921881511116694,10,,
2021-05-31,LS5,0.00559494669250365,0.005498144812372985,8.332951413336787e-06,0.09626329214260787,0.0,0.10874937615202966,10,,
2021-05-31,NLS6,0.0041351863525930874,0.004036454454671379,8.332951413336787e-06,0.09832530446461088,0.0,0.03169100158984007,10,,
2021-05-31,NLS7,0.0039299340782324756,0.003859647468352989,8.332951413336787e-06,0.07001146941983538,0.0,0.029041405216437742,10,,
2021-05-31,NLS8,0.004229425325966408,0.004113696084869556,8.332951413336787e-06,0.11524183436393293,0.0,0.03416507163385996,10,,
2021-05-31,CRE,0.0042528749916769405,0.004131544103899598,8.332951413336787e-06,0.12081706789094157,0.0,0.2896275303388157,10,,
2021-05-31,SRE_STAR,0.005635353351317766,0.005517352819774501,8.332951413336787e-06,0.11733928322048597,0.0,0.09820295461873922,10,,
2021-05-31,GS_STAR,0.0037761550600840885,0.0037073018981210737,8.332951413336787e-06,0.06859413985481583,0.0,0.15529861784990745,10,,
2021-05-31,ID_KAPPA,0.0035657003079080742,0.0035366470976816444,8.332951413336787e-06,0.028949983262344083,0.0,0.050092132805355225,10,0.04080783154623392,132.16063078459362
2021-05-31,EW,0.016287032282800932,0.016264711191602776,8.332951413336787e-06,0.021963373032722916,0.0,,10,,
2021-06-30,AIQ,0.007783117647399747,0.007752191910479267,4.165712110459907e-05,0.030686897189457517,0.0,0.023692204117432177,10,,
2021-06-30,HC,0.007346360071293704,0.007345149532310913,4.165712110459907e-05,0.0012017107827476513,0.0,0.010575066259979896,10,,
2021-06-30,LS1,-0.00556217751839994,-0.005623154024928967,4.165712110459907e-05,0.061317565714530106,0.0,0.27433399163087546,10,,
2021-06-30,LS2,-0.0023490088770738893,-0.0023880917633964938,4.165712110459907e-05,0.03917490853042971,0.0,0.15124413594220107,10,,
2021-06-30,LS3,0.007025440480570966,0.007025440480570966,4.165712110459907e-05,0.0,0.0,0.38369339312123507,10,,
2021-06-30,LS4,0.007200804626660531,0.0071950743153210706,4.165712110459907e-05,0.005689343488470709,0.0,0.29289319925435814,10,,
2021-06-30,LS5,0.004855347923058235,0.004844965394704248,4.165712110459907e-05,0.010332361145700665,0.0,0.11194999432908193,10,,
2021-06-30,NLS6,0.007708372438113571,0.007648532617338333,4.165712110459907e-05,0.059382081574177584,0.0,0.03418108385242743,10,,
2021-06-30,NLS7,0.007680213727844439,0.007639044828234853,4.165712110459907e-05,0.040855123528948746,0.0,0.031220231586095736,10,,
2021-06-30,NLS8,0.007737938445812227,0.007662499970937375,4.165712110459907e-05,0.0748592188473243,0.0,0.0373561265697896,10,,
2021-06-30,CRE,0.005989614749930684,0.005987528686025367,4.165712110459907e-05,0.002073643579345655,0.0,0.29176349202017743,10,,
2021-06-30,SRE_STAR,0.004750588644708159,0.004741370511323284,4.165712110459907e-05,0.009174548877214174,0.0,0.09936624510827664,10,,
2021-06-30,GS_STAR,0.007853527164034734,0.00785062734238795,4.165712110459907e-05,0.002877225279935055,0.0,0.1557561908597527,10,,
2021-06-30,ID_KAPPA,0.007345276617916127,0.007344221482995517,4.165712110459907e-05,0.0010474411755006432,0.0,0.025346397403938084,10,0.014929208513194266,266.1410628680713
2021-06-30,EW,0.009903676119540895,0.009885940435869545,4.165712110459907e-05,0.01756175771085608,0.0,,10,,
2021-07-31,AIQ,0.011138052327197098,0.011133419773013742,4.99862552685304e-05,0.0045815249191564315,0.0,0.025351200565180372,10,,
2021-07-31,HC,0.011163100198950601,0.011161999634819786,4.99862552685304e-05,0.0010884140556120907,0.0,0.010334637463780544,10,,
2021-07-31,LS1,0.012192548310728859,0.01216422388207472,4.99862552685304e-05,0.0279832416286032,0.0,0.2784281304615488,10,,
2021-07-31,LS2,0.010980056693914613,0.010960420799540627,4.99862552685304e-05,0.01942263276523514,0.0,0.15718412760234968,10,,
2021-07-31,LS3,0.011182678744412922,0.011182678744412922,4.99862552685304e-05,0.0,0.0,0.3600822005120314,10,,
2021-07-31,LS4,0.011139710988357502,0.011134829200488694,4.99862552685304e-05,0.004828005285338997,0.0,0.2924475265856637,10,,
2021-07-31,LS5,0.011408107872568825,0.011402481398541608,4.99862552685304e-05,0.005563010602059519,0.0,0.11219557126522664,10,,
2021-07-31,NLS6,0.011335311849619702,0.011297448611093719,4.99862552685304e-05,0.03743885740213247,0.0,0.03284937503676885,10,,
2021-07-31,NLS7,0.011229128555953854,0.011185934202877279,4.99862552685304e-05,0.042714704172038605,0.0,0.029892706914860234,10,,
2021-07-31,NLS8,0.011440682913111703,0.011407666626639168,4.99862552685304e-05,0.032642830202885775,0.0,0.03606046868335603,10,,
2021-07-31,CRE,0.011361271561438532,0.011359493236349882,4.99862552685304e-05,0.0017583480193787485,0.0,0.2935107421901161,10,,
2021-07-31,SRE_STAR,0.011460389902138364,0.011453525561695432,4.99862552685304e-05,0.006786563776027794,0.0,0.09804612682475305,10,,
2021-07-31,GS_STAR,0.011764978526313615,0.01176377161403308,4.99862552685304e-05,0.0011928780952633472,0.0,0.1573049739153608,10,,
2021-07-31,ID_KAPPA,0.01116316702166082,0.011162069211011483,4.99862552685304e-05,0.0010856909005695706,0.0,0.026784050816367425,10,0.01662118729752372,250.41570495221114
2021-07-31,EW,0.004381689364293195,0.004358236505704216,4.99862552685304e-05,0.02335054375984194,0.0,,10,,
2021-08-31,AIQ,-0.0024227068770697044,-0.0024353843598949876,3.3327223783574667e-05,0.012708271241447248,0.0,0.03976270486963684,10,,
2021-08-31,HC,-0.0022193808916346897,-0.002221295603452522,3.3327223783574667e-05,0.001918970744892421,0.0,0.008911520521168465,10,,
2021-08-31,LS1,0.0032009544178994184,0.003181412644214232,3.3327223783574667e-05,0.019479420946708747,0.0,0.27224124884492773,10,,
2021-08-31,LS2,0.0007575134719383509,0.0007477148354448904,3.3327223783574667e-05,0.009791219512840461,0.0,0.1534830588422917,10,,
2021-08-31,LS3,-0.001903393334341863,-0.001903393334341863,3.3327223783574667e-05,0.0,0.0,0.3751009331720856,10,,
2021-08-31,LS4,-0.0020219865887256445,-0.002023839574792241,3.3327223783574667e-05,0.0018567403706989827,0.0,0.2874932238558088,10,,
2021-08-31,LS5,-0.0017229244262280397,-0.0017368830321380369,3.3327223783574667e-05,0.013982697040286783,0.0,0.1103649009525017,10,,
2021-08-31,NLS6,-0.0008146819914815516,-0.0008392492498473514,3.3327223783574667e-05,0.024587289187463193,0.0,0.028775474250397465,10,,
2021-08-31,NLS7,-0.00115723568923898,-0.0011736357126345132,3.3327223783574667e-05,0.016419024076183647,0.0,0.02610288671089663,10,,
2021-08-31,NLS8,-0.00046631585047330926,-0.0004978115212307399,3.3327223783574667e-05,0.03151036453986276,0.0,0.031699123566733794,10,,
2021-08-31,CRE,-0.0018759872393316695,-0.001884079353206447,3.3327223783574667e-05,0.008107323109409606,0.0,0.29940079417190074,10,,
2021-08-31,SRE_STAR,-0.0017446587219131719,-0.0017592585219090573,3.3327223783574667e-05,0.014625316181264754,0.0,0.09667679600371189,10,,
2021-08-31,GS_STAR,-0.0018519441269888278,-0.0018534086585383358,3.3327223783574667e-05,0.0014672488123832622,0.0,0.16225929286437485,10,,
2021-08-31,ID_KAPPA,-0.002216919974839681,-0.002218710901291221,3.3327223783574667e-05,0.0017949056136496097,0.0,0.04110449293118699,10,0.03248244034371868,158.8393032728379
2021-08-31,EW,0.012965848305970598,0.012942395806658569,3.3327223783574667e-05,0.02315230997306919,0.0,,10,,
2021-09-30,AIQ,-0.007642177740410378,-0.007654469948541465,3.3327223783574667e-05,0.012386870799344557,0.0,0.019774296941779776,10,,
2021-09-30,HC,-0.007906135539846884,-0.007909580170895159,3.3327223783574667e-05,0.003472081797683973,0.0,0.009180595314744534,10,,
2021-09-30,LS1,-0.0148875471782618,-0.014904627643626212,3.3327223783574667e-05,0.01733859450811425,0.0,0.2647184813706478,10,,
2021-09-30,LS2,-0.010649302730798784,-0.010654707869458768,3.3327223783574667e-05,0.00546331920000976,0.0,0.14731439204517516,10,,
2021-09-30,LS3,-0.008659484809065976,-0.008659484809065976,3.3327223783574667e-05,0.0,0.0,0.3672298342032051,10,,
2021-09-30,LS4,-0.008322443824037391,-0.008325921693421834,3.3327223783574667e-05,0.003507056666649901,0.0,0.28637084889627823,10,,
2021-09-30,LS5,-0.00912006472312339,-0.009123405602231793,3.3327223783574667e-05,0.003371628579216239,0.0,0.10977176014845312,10,,
2021-09-30,NLS6,-0.010450061974599923,-0.010471765136599087,3.3327223783574667e-05,0.02193235648365419,0.0,0.03029344467245742,10,,
2021-09-30,NLS7,-0.009972932027276065,-0.009998533308658075,3.3327223783574667e-05,0.025859173158070882,0.0,0.02754603107892235,10,,
2021-09-30,NLS8,-0.010692799726614868,-0.010711036960502907,3.3327223783574667e-05,0.018434348686676105,0.0,0.03329357891520798,10,,
2021-09-30,CRE,-0.009062621503743892,-0.009063762441821166,3.3327223783574667e-05,0.0011513725306930324,0.0,0.29857994893152373,10,,
2021-09-30,SRE_STAR,-0.009186562058185063,-0.009188694082973847,3.3327223783574667e-05,0.0021517923629598822,0.0,0.09651065770180536,10,,
2021-09-30,GS_STAR,-0.008538014448053664,-0.008539025070380624,3.3327223783574667e-05,0.0010193253414767303,0.0,0.15723378970891091,10,,
2021-09-30,ID_KAPPA,-0.007907009158524127,-0.00791027719842341,3.3327223783574667e-05,0.003294086269525383,0.0,0.021095154907888446,10,0.01202495584644742,315.57216608776736
2021-09-30,EW,-0.025144074570830233,-0.025158390066209346,3.3327223783574667e-05,0.014684729307912106,0.0,,10,,
2021-10-31,AIQ,0.0004985165711250896,0.0004939349970964901,4.165712110459907e-05,0.0045792911759962775,0.0,0.01586558127980968,10,,
2021-10-31,HC,-0.00016698604059049572,-0.00018728129627065826,4.165712110459907e-05,0.020298645270534824,0.0,0.005847197728775074,10,,
2021-10-31,LS1,0.006256770610569952,0.0062111223264227355,4.165712110459907e-05,0.04536444919487371,0.0,0.26920713372512545,10,,
2021-10-31,LS2,0.0026962956861052234,0.0026359361729129116,4.165712110459907e-05,0.060197203731676335,0.0,0.15818146741053463,10,,
2021-10-31,LS3,-0.00027602490169276184,-0.00027602490169276184,4.165712110459907e-05,0.0,0.0,0.3895716342957031,10,,
2021-10-31,LS4,-3.400122183498774e-05,-5.887461204845401e-05,4.165712110459907e-05,0.024874235967928163,0.0,0.2860754760100053,10,,
2021-10-31,LS5,2.5105845779169473e-05,-2.5452726117758395e-05,4.165712110459907e-05,0.05055730261318917,0.0,0.10918790628406778,10,,
2021-10-31,NLS6,0.0003584637191889498,0.00027800649735509886,4.165712110459907e-05,0.0804283911736191,0.0,0.019645046699718907,10,,
2021-10-31,NLS7,0.0002511444521278738,0.00018377831131255462,4.165712110459907e-05,0.0673492264307033,0.0,0.017802880699356247,10,,
2021-10-31,NLS8,0.0005804087039145709,0.0004888113213463718,4.165712110459907e-05,0.09154424948900584,0.0,0.021650775024399032,10,,
2021-10-31,CRE,-0.00012928119484333827,-0.00016417325131046212,4.165712110459907e-05,0.03489656793710903,0.0,0.19683871876395978,10,,
2021-10-31,SRE_STAR,7.225935199404937e-05,-1.536040653482562e-05,4.165712110459907e-05,0.0876134276392862,0.0,0.07190293757004286,10,,
2021-10-31,GS_STAR,0.0006652114341148735,0.0006206294117203637,4.165712110459907e-05,0.04455238563803207,0.0,0.14542809751255403,10,,
2021-10-31,ID_KAPPA,-0.00016185238602886654,-0.0001819328854845148,4.165712110459907e-05,0.020083750058571943,0.0,0.016815564752969202,10,0.011032878445985442,400.08176464060807
2021-10-31,EW,0.03618752532590633,0.03616112391628379,4.165712110459907e-05,0.025479374126141652,0.0,,10,,
2021-11-30,AIQ,0.0029432375126303392,0.002913747977903558,4.165712110459907e-05,0.02940299472973999,0.0,0.022703308275685164,10,,
2021-11-30,HC,0.0029606534676174245,0.0029564562551291917,4.165712110459907e-05,0.004184822678393596,0.0,0.006996707304751731,10,,
2021-11-30,LS1,-0.006910944478065821,-0.0070949195698730705,4.165712110459907e-05,0.18525538146273873,0.0,0.3609852569739722,10,,
2021-11-30,LS2,-0.005637123953056931,-0.0058304804236166685,4.165712110459907e-05,0.19445262410481154,0.0,0.2142965843073752,10,,
2021-11-30,LS3,0.0029606534676174245,0.0029606534676174245,4.165712110459907e-05,0.0,0.0,0.3896958145236639,10,,
2021-11-30,LS4,0.0029606534676174245,0.0029508268132576454,4.165712110459907e-05,0.009797646922594883,0.0,0.3837745525331719,10,,
2021-11-30,LS5,0.0029220735566840355,0.0028918123172887444,4.165712110459907e-05,0.03017307146086129,0.0,0.12187818515968628,10,,
2021-11-30,NLS6,0.0029606534676174245,0.0028849934421093515,4.165712110459907e-05,0.07543668362916028,0.0,0.023862364331837027,10,,
2021-11-30,NLS7,0.0029606534676174245,0.0028882707011168574,4.165712110459907e-05,0.07216909880794808,0.0,0.021610945396842687,10,,
2021-11-30,NLS8,0.0028349773111801674,0.0027561045626851577,4.165712110459907e-05,0.0786497781585333,0.0,0.026335015487096027,10,,
2021-11-30,CRE,0.0029606534676174245,0.002955005102559749,4.165712110459907e-05,0.005631691570544934,0.0,0.29470756475545573,10,,
2021-11-30,SRE_STAR,0.0029333136769241633,0.0029199108088395764,4.165712110459907e-05,0.0133636682535439,0.0,0.11118421861355668,10,,
2021-11-30,GS_STAR,0.0016984501148925785,0.001685550957984061,4.165712110459907e-05,0.012877285481625655,0.0,0.2272694252628693,10,,
2021-11-30,ID_KAPPA,0.0029606534676174245,0.0029562586688893777,4.165712110459907e-05,0.004381825660638805,0.0,0.024413879288224565,10,0.017539893484339035,275.5688331112912
2021-11-30,EW,-0.025604179306199796,-0.025629533825614392,4.165712110459907e-05,0.026020759609208938,0.0,,10,,
2021-12-31,AIQ,-0.0013187898305740836,-0.0013894334207316117,4.99862552685304e-05,0.07073687723179081,0.0,0.07912458032081307,10,,
2021-12-31,HC,-0.001729016948056223,-0.0017505963161332794,4.99862552685304e-05,0.021616743793423203,0.0,0.010307601276230448,10,,
2021-12-31,LS1,0.01515298120998195,0.01456848699496227,4.99862552685304e-05,0.5757695892525013,0.0,0.23041285888710403,10,,
2021-12-31,LS2,0.017635712599387454,0.017236428333415432,4.99862552685304e-05,0.3923646360169617,0.0,0.22701704193068528,10,,
2021-12-31,LS3,-0.0025580430123920417,-0.0025580430123920417,4.99862552685304e-05,0.0,0.0,0.2818127958772167,10,,
2021-12-31,LS4,-0.0016183946818921478,-0.0016428562338672847,4.99862552685304e-05,0.02450120459434205,0.0,0.20923120214081947,10,,
2021-12-31,LS5,-0.001738568030622927,-0.0018153701024344882,4.99862552685304e-05,0.0769358299860386,0.0,0.18371064016534408,10,,
2021-12-31,NLS6,1.3186029448056651e-05,-0.00011911858997271096,4.99862552685304e-05,0.13230287487124698,0.0,0.033669422417440184,10,,
2021-12-31,NLS7,-0.00022600257505626343,-0.0003366136094932193,4.99862552685304e-05,0.11063603846663812,0.0,0.030448623927094375,10,,
2021-12-31,NLS8,0.0002621514667675256,0.00011014624350313973,4.99862552685304e-05,0.15196538531572484,0.0,0.037195694431849925,10,,
2021-12-31,CRE,-0.0025502422355860354,-0.0025509727382859726,4.99862552685304e-05,0.0007323704218647753,0.0,0.3695058977871484,10,,
2021-12-31,SRE_STAR,-0.0025580430123920417,-0.002564867548901284,4.99862552685304e-05,0.006842038738538215,0.0,0.16252897878520475,10,,
2021-12-31,GS_STAR,-7.0310879392849985e-06,-0.00018724187665142278,4.99862552685304e-05,0.1802120557988908,0.0,0.20835979378161587,10,,
2021-12-31,ID_KAPPA,-0.0016923760507296828,-0.0017149100004557605,4.99862552685304e-05,0.0225721502926187,0.0,0.07606610009820698,10,0.06644337059350375,73.54922495992655
2021-12-31,EW,0.0360003810445945,0.0359703065608965,4.99862552685304e-05,0.029029413741994456,0.0,,10,,
2022-01-31,AIQ,-0.02395541449472337,-0.024017238055408008,0.0001831487316386,0.06334091864524267,0.0,0.06004331858914119,10,,
2022-01-31,HC,-0.022463400419025326,-0.02248734499231897,0.0001831487316386,0.0244948100192654,0.0,0.0139805930441702,10,,
2022-01-31,LS1,-0.02965826096266217,-0.029838942785981204,0.0001831487316386,0.18620431962264933,0.0,0.2698616228180097,10,,
2022-01-31,LS2,-0.030583115384386843,-0.030778554487415177,0.0001831487316386,0.20160480607461695,0.0,0.25671595124005425,10,,
2022-01-31,LS3,-0.021609633650702575,-0.021631662758586634,0.0001831487316386,0.022515663115404684,0.0,0.3536233604159244,10,,
2022-01-31,LS4,-0.022415128903291125,-0.022528730669584385,0.0001831487316386,0.11620655111596623,0.0,0.243493370062558,10,,
2022-01-31,LS5,-0.02209590115710063,-0.022205184887711726,0.0001831487316386,0.11175301416617306,0.0,0.1927340362220291,10,,
2022-01-31,NLS6,-0.02362358566920193,-0.02384427068250128,0.0001831487316386,0.2260245229812457,0.0,0.045674213073496256,10,,
2022-01-31,NLS7,-0.023537894839595248,-0.023765257348136948,0.0001831487316386,0.23284314602702152,0.0,0.04139716642429065,10,,
2022-01-31,NLS8,-0.023633912987904994,-0.023849882039155834,0.0001831487316386,0.2211967971068691,0.0,0.050293237608659815,10,,
2022-01-31,CRE,-0.02193271717311078,-0.02206301971904534,0.0001831487316386,0.13322452168934412,0.0,0.3999507171657515,10,,
2022-01-31,SRE_STAR,-0.02196058065707554,-0.022111829311934117,0.0001831487316386,0.15464474321516822,0.0,0.17881818305241415,10,,
2022-01-31,GS_STAR,-0.023807418328261408,-0.023914940072046864,0.0001831487316386,0.11014398777881272,0.0,0.19851207736958312,10,,
2022-01-31,ID_KAPPA,-0.02250502038615889,-0.022530048263654567,0.0001831487316386,0.025604098248660955,0.0,0.05820167754276139,10,0.044848087356734644,91.3341242991722
2022-01-31,EW,-0.033644502122001325,-0.03366694975308948,0.0001831487316386,0.023229164771599337,0.0,,10,,
2022-02-28,AIQ,-0.006451563050836704,-0.006564170709835726,0.0002911998282955,0.11333887187698816,0.0,0.01884701432449956,10,,
2022-02-28,HC,-0.007291506114578514,-0.007376651441703963,0.0002911998282955,0.08577072489049305,0.0,0.014398701398781454,10,,
2022-02-28,LS1,0.0020774511645374025,0.001854227684909615,0.0002911998282955,0.22276070514153823,0.0,0.27780927122163707,10,,
2022-02-28,LS2,0.002433295108528975,0.002202352861921719,0.0002911998282955,0.23038166004081678,0.0,0.26885459574216497,10,,
2022-02-28,LS3,-0.011135464383701475,-0.011160994161938276,0.0002911998282955,0.025817265476995206,0.0,0.3255087558837168,10,,
2022-02-28,LS4,-0.0077627203581710465,-0.007844739921787136,0.0002911998282955,0.08266123970432517,0.0,0.25597706356838124,10,,
2022-02-28,LS5,-0.011062496406359467,-0.011085144510777578,0.0002911998282955,0.02290145164461624,0.0,0.1640058121567443,10,,
2022-02-28,NLS6,-0.006232851381047096,-0.006431035914274408,0.0002911998282955,0.1994275354167533,0.0,0.04703775611412357,10,,
2022-02-28,NLS7,-0.006216089383259987,-0.006427708866250659,0.0002911998282955,0.2129431566861568,0.0,0.042790197842041335,10,,
2022-02-28,NLS8,-0.006236991807947178,-0.006423286867473399,0.0002911998282955,0.18746427265913274,0.0,0.051636006508434695,10,,
2022-02-28,CRE,-0.011100913610362903,-0.011108232046942002,0.0002911998282955,0.007400589888137354,0.0,0.37859052297431467,10,,
2022-02-28,SRE_STAR,-0.010972414461800948,-0.011029231411316287,0.0002911998282955,0.05744728493533675,0.0,0.1625830989840494,10,,
2022-02-28,GS_STAR,-0.006476534667955651,-0.0065633822901920436,0.0002911998282955,0.08741376048675649,0.0,0.2522654071114348,10,,
2022-02-28,ID_KAPPA,-0.007299475771400129,-0.0073844448647882865,0.0002911998282955,0.08559388386963376,0.0,0.01975349207965421,10,0.005433019100596499,291.3363156536712
2022-02-28,EW,-0.0037267300698428547,-0.00376674809219002,0.0002911998282955,0.04016771658444075,0.0,,10,,
2022-03-31,AIQ,-0.021229319527879147,-0.02124198958370105,0.0004323039737159,0.012944866529771538,0.0,0.03800861089179612,10,,
2022-03-31,HC,-0.022577511376531467,-0.022584470809906665,0.0004323039737159,0.007120189535567305,0.0,0.007682909688008676,10,,
2022-03-31,LS1,-0.007113137465014749,-0.007142710662009222,0.0004323039737159,0.029785062236641176,0.0,0.27231589433503534,10,,
2022-03-31,LS2,-0.005437786966392662,-0.005481969785273377,0.0004323039737159,0.04442438924551577,0.0,0.2544698437244797,10,,
2022-03-31,LS3,-0.02776367624819726,-0.02780821699642999,0.0004323039737159,0.045812676552523676,0.0,0.2809119344006892,10,,
2022-03-31,LS4,-0.023175344163780344,-0.02320639443250372,0.0004323039737159,0.03178694204524833,0.0,0.25094470495220844,10,,
2022-03-31,LS5,-0.025990139605888415,-0.026015262375111647,0.0004323039737159,0.02579313644022284,0.0,0.15787402085191468,10,,
2022-03-31,NLS6,-0.020970637376403194,-0.02108282727212607,0.0004323039737159,0.11459298362852383,0.0,0.02570986382343557,10,,
2022-03-31,NLS7,-0.02118741336616387,-0.021271963433397545,0.0004323039737159,0.08638024110867382,0.0,0.023030814119203373,10,,
2022-03-31,NLS8,-0.020512007445220557,-0.020624875384753216,0.0004323039737159,0.11523157036181163,0.0,0.028677071808143433,10,,
2022-03-31,CRE,-0.026842177184729882,-0.026870873431690923,0.0004323039737159,0.02948776271249386,0.0,0.3735906854865338,10,,
2022-03-31,SRE_STAR,-0.0268058257688069,-0.026853967811784618,0.0004323039737159,0.04946807559322949,0.0,0.14474172706868133,10,,
2022-03-31,GS_STAR,-0.020446377651382262,-0.020474302583688986,0.0004323039737159,0.028507813834478778,0.0,0.18965445838098133,10,,
2022-03-31,ID_KAPPA,-0.022656309433523345,-0.022661971023694494,0.0004323039737159,0.005792834420229986,0.0,0.040061350621795215,10,0.0326291275741365,140.434785775723
2022-03-31,EW,0.01870009800448698,0.01866695696401055,0.0004323039737159,0.032532676242268535,0.0,,10,,
2022-04-30,AIQ,-0.03175199793796259,-0.03199611790138934,0.0007055886783371,0.2521254502017529,0.0,0.026098404372999384,10,,
2022-04-30,HC,-0.03208090228775275,-0.0321615193820336,0.0007055886783371,0.08328908322135381,0.0,0.010914561791618019,10,,
2022-04-30,LS1,-0.031151019357273265,-0.03132002931592448,0.0007055886783371,0.17444406922850522,0.0,0.27816673057118046,10,,
2022-04-30,LS2,-0.031077989157838888,-0.031224518150906766,0.0007055886783371,0.1512288826429648,0.0,0.23326556373670246,10,,
2022-04-30,LS3,-0.037453520458363164,-0.037849628384048706,0.0007055886783371,0.4115208294919862,0.0,0.32000478792952514,10,,
2022-04-30,LS4,-0.03337558601530973,-0.03377819716948838,0.0007055886783371,0.4165125030506238,0.0,0.26394642893190046,10,,
2022-04-30,LS5,-0.03680138644707772,-0.03719771729799326,0.0007055886783371,0.41147365178777895,0.0,0.13573394603901281,10,,
2022-04-30,NLS6,-0.030797892596156243,-0.031439652785562044,0.0007055886783371,0.6621531097624349,0.0,0.028318268074704927,10,,
2022-04-30,NLS7,-0.03102384087047189,-0.031636598066597355,0.0007055886783371,0.6323759262310666,0.0,0.028721219591004068,10,,
2022-04-30,NLS8,-0.030556251415417495,-0.031200777162419646,0.0007055886783371,0.6648407893116343,0.0,0.0278739702693575,10,,
2022-04-30,CRE,-0.0365421552612773,-0.03699325396496078,0.0007055886783371,0.4682080343700665,0.0,0.3800589076668793,10,,
2022-04-30,SRE_STAR,-0.03653730612289747,-0.037019549652320904,0.0007055886783371,0.5005316059335004,0.0,0.13078344062316166,10,,
2022-04-30,GS_STAR,-0.03385860013950994,-0.03424063165340929,0.0007055886783371,0.39541987741601015,0.0,0.19460425815540217,10,,
2022-04-30,ID_KAPPA,-0.032123813180778456,-0.03220567305905431,0.0007055886783371,0.08457680785064287,0.0,0.028541074586486092,10,0.0178210214345046,194.01774605199512
2022-04-30,EW,-0.053242114077888175,-0.053269963731544245,0.0007055886783371,0.029415813768500818,0.0,,10,,
2022-05-31,AIQ,0.009660842152480023,0.00943294926881344,0.0009615649919465,0.22571231264220937,0.0,0.03823888954911617,10,,
2022-05-31,HC,0.007413345436414024,0.007375196128287742,0.0009615649919465,0.0378685752965603,0.0,0.013139237018026077,10,,
2022-05-31,LS1,0.0023613111763035243,0.0022606827994917644,0.0009615649919465,0.10039132166186135,0.0,0.22731774829067963,10,,
2022-05-31,LS2,0.002576570035116625,0.0024615410185304665,0.0009615649919465,0.11473339795088378,0.0,0.1819412539986737,10,,
2022-05-31,LS3,0.005993158723030826,0.0059426533389543845,0.0009615649919465,0.05020450053619071,0.0,0.24789169286908833,10,,
2022-05-31,LS4,0.005902520745926053,0.0058273538273254655,0.0009615649919465,0.07472584773390369,0.0,0.22912439251030575,10,,
2022-05-31,LS5,0.0038294960275537682,0.0037910506609262207,0.0009615649919465,0.03829870190084739,0.0,0.1208052796164691,10,,
2022-05-31,NLS6,0.005606445262554987,0.005486769106397782,0.0009615649919465,0.1190089390546666,0.0,0.03540241403901886,10,,
2022-05-31,NLS7,0.0056555306852399565,0.005558450640773094,0.0009615649919465,0.096534092942116,0.0,0.03206219426426929,10,,
2022-05-31,NLS8,0.005534779807231044,0.005389566941592205,0.0009615649919465,0.1444135683368184,0.0,0.0390673435367507,10,,
2022-05-31,CRE,0.0034210090522630563,0.0033846691605992074,0.0009615649919465,0.036215996412207914,0.0,0.3497320558900613,10,,
2022-05-31,SRE_STAR,0.0032207476364831122,0.0031215344121726663,0.0009615649919465,0.09889470940886821,0.0,0.11848726620185919,10,,
2022-05-31,GS_STAR,0.0039607173131561875,0.003888531096997161,0.0009615649919465,0.07190143490085565,0.0,0.13339873377510175,10,,
2022-05-31,ID_KAPPA,0.0073354487064142635,0.007296529960650222,0.0009615649919465,0.03863533822233076,0.0,0.0420749071580287,10,0.029320924719479384,140.12293881349873
2022-05-31,EW,-0.004317379925771737,-0.004355285246143814,0.0009615649919465,0.038069681651463336,0.0,,10,,
2022-06-30,AIQ,-0.024475788902879242,-0.024563539843945437,0.0014221565206407,0.08995260196307206,0.0,0.06146748024908359,10,,
2022-06-30,HC,-0.022550141084610665,-0.02258409113097659,0.0014221565206407,0.03473328688552452,0.0,0.016090587239078493,10,,
2022-06-30,LS1,-0.04285110398091269,-0.04292136490763432,0.0014221565206407,0.07340647522427829,0.0,0.24831275155698745,10,,
2022-06-30,LS2,-0.04209693265240751,-0.04215312696410167,0.0014221565206407,0.058663881147911344,0.0,0.19635003076979593,10,,
2022-06-30,LS3,-0.027531729785373823,-0.02760937825055143,0.0014221565206407,0.07984678529454978,0.0,0.25151219985512924,10,,
2022-06-30,LS4,-0.029880809196338003,-0.029999415936408313,0.0014221565206407,0.12225996681104626,0.0,0.24781382311355496,10,,
2022-06-30,LS5,-0.030264115717849035,-0.03032635114893112,0.0014221565206407,0.06417771280906423,0.0,0.12460312931326953,10,,
2022-06-30,NLS6,-0.03171550306981026,-0.031791532588012705,0.0014221565206407,0.07851981359136335,0.0,0.047752065189915885,10,,
2022-06-30,NLS7,-0.03155061346506222,-0.03163257250738094,0.0014221565206407,0.08462914372014939,0.0,0.042949661111476314,10,,
2022-06-30,NLS8,-0.03195432869439169,-0.032024526555640254,0.0014221565206407,0.07251503036414386,0.0,0.05305596622697106,10,,
2022-06-30,CRE,-0.028538838567457755,-0.028625775942577203,0.0014221565206407,0.08949135443687778,0.0,0.3563564547073222,10,,
2022-06-30,SRE_STAR,-0.027071512287334554,-0.027153272321480126,0.0014221565206407,0.0840349883657134,0.0,0.12267738614626111,10,,
2022-06-30,GS_STAR,-0.0342336913475493,-0.03427545656944009,0.0014221565206407,0.043245681192794476,0.0,0.1332580419419379,10,,
2022-06-30,ID_KAPPA,-0.02240842690610831,-0.022441468737514514,0.0014221565206407,0.03379921872862426,0.0,0.06643318902386483,10,0.0511658910178742,85.8658344833189
2022-06-30,EW,-0.06917242527267133,-0.06918772292344622,0.0014221565206407,0.01643446239695688,0.0,,10,,
2022-07-31,AIQ,0.017787379289299948,0.01775403881531501,0.0019864852944315,0.032757798596626156,0.0,0.05078379227755706,10,,
2022-07-31,HC,0.019251410619676508,0.019201501003675903,0.0019864852944315,0.0489669334580124,0.0,0.011828716413801513,10,,
2022-07-31,LS1,0.02161108654278456,0.021427332578781932,0.0019864852944315,0.17986684602690375,0.0,0.2009029027074096,10,,
2022-07-31,LS2,0.022779189011330598,0.02257171975753325,0.0019864852944315,0.20284852881885312,0.0,0.1499018563206711,10,,
2022-07-31,LS3,0.02429323041953008,0.02384686083576626,0.0019864852944315,0.43578300676749737,0.0,0.2290196409432901,10,,
2022-07-31,LS4,0.01909149537755249,0.018724543509436087,0.0019864852944315,0.36007745112267575,0.0,0.20404640170150756,10,,
2022-07-31,LS5,0.023408186232850986,0.02296810063257171,0.0019864852944315,0.43001962090937235,0.0,0.102524696589539,10,,
2022-07-31,NLS6,0.017075899788795413,0.016782631872119813,0.0019864852944315,0.28834418034740883,0.0,0.04460259053763577,10,,
2022-07-31,NLS7,0.01707642194078013,0.016788627715787152,0.0019864852944315,0.2829622423494815,0.0,0.04290643493867454,10,,
2022-07-31,NLS8,0.017052242908777545,0.016750867063987318,0.0019864852944315,0.29632287514377587,0.0,0.04622212724419742,10,,
2022-07-31,CRE,0.02161664590594183,0.021151636645488026,0.0019864852944315,0.4551700114885324,0.0,0.32566475538497425,10,,
2022-07-31,SRE_STAR,0.020764165599444724,0.020338787331001473,0.0019864852944315,0.41672531499331317,0.0,0.09238273489035245,10,,
2022-07-31,GS_STAR,0.022842510974357397,0.02247441267615513,0.0019864852944315,0.3598777859275907,0.0,0.11114165711615702,10,,
2022-07-31,ID_KAPPA,0.019215630906123438,0.01916779849848682,0.0019864852944315,0.046930606425135794,0.0,0.05372853249936068,10,0.04240136986525202,113.27407935237652
2022-07-31,EW,0.048550616550698714,0.048526256043080584,0.0019864852944315,0.02323255285320619,0.0,,10,,
2022-08-31,AIQ,-0.02944627602304272,-0.029489832451921938,0.002433821722253,0.044877916392577176,0.0,0.03387807623368806,10,,
2022-08-31,HC,-0.0293420001811416,-0.029424920132630317,0.002433821722253,0.08542653695144287,0.0,0.005477941778216,10,,
2022-08-31,LS1,-0.027303367324710028,-0.027488840427181582,0.002433821722253,0.1906792891443085,0.0,0.17063127415798093,10,,
2022-08-31,LS2,-0.02771789093766316,-0.027918280220297187,0.002433821722253,0.2061019952606956,0.0,0.13646853805716394,10,,
2022-08-31,LS3,-0.028835653835640195,-0.028964891274055438,0.002433821722253,0.13307473541999415,0.0,0.1767397539736101,10,,
2022-08-31,LS4,-0.029292659734952868,-0.02936410034882142,0.002433821722253,0.07359644962515874,0.0,0.17913789370496605,10,,
2022-08-31,LS5,-0.028171493182675617,-0.02819870305019312,0.002433821722253,0.027998630752883297,0.0,0.09941342577549747,10,,
2022-08-31,NLS6,-0.029631010351337184,-0.029699899779411787,0.002433821722253,0.0709930230762238,0.0,0.019783617919990913,10,,
2022-08-31,NLS7,-0.029634641912387343,-0.029704573042475757,0.002433821722253,0.07206680401933391,0.0,0.017648504560825687,10,,
2022-08-31,NLS8,-0.029631390527902795,-0.02970026122239089,0.002433821722253,0.07097374525085552,0.0,0.022148388424763153,10,,
2022-08-31,CRE,-0.029213305662440965,-0.029374740278141687,0.002433821722253,0.16629257141902404,0.0,0.263668847206853,10,,
2022-08-31,SRE_STAR,-0.029340545548750936,-0.029521055314876588,0.002433821722253,0.18596611334478783,0.0,0.07323386980802529,10,,
2022-08-31,GS_STAR,-0.0280859940281214,-0.028277243055155776,0.002433821722253,0.1967756672495953,0.0,0.1652797840433351,10,,
2022-08-31,ID_KAPPA,-0.029333436954601333,-0.02941452262081501,0.002433821722253,0.08353606614331505,0.0,0.03582071793396811,10,0.030509907653536773,164.22484711506277
2022-08-31,EW,-0.034585823425092185,-0.034626872039744794,0.002433821722253,0.04251917534318217,0.0,,10,,
2022-09-30,AIQ,-0.0477309179327525,-0.04777950543152065,0.0027335263083605,0.05102286704777943,0.0,0.04087243062253318,10,,
2022-09-30,HC,-0.047627408074427204,-0.04773153919830786,0.0027335263083605,0.10933863990146575,0.0,0.005165614515065417,10,,
2022-09-30,LS1,-0.05357411092507824,-0.053784304198230215,0.0027335263083605,0.22209163504330418,0.0,0.1516412808258563,10,,
2022-09-30,LS2,-0.05318226821013657,-0.053403814106981806,0.0027335263083605,0.23399001667024713,0.0,0.12184099559167298,10,,
2022-09-30,LS3,-0.04709965244435321,-0.04722464257366643,0.0027335263083605,0.13116810129604392,0.0,0.16999015609169368,10,,
2022-09-30,LS4,-0.049565406755149796,-0.0497284735537169,0.0027335263083605,0.17157077375566893,0.0,0.16446781774926916,10,,
2022-09-30,LS5,-0.042956037020248874,-0.04304939867183555,0.0027335263083605,0.09755210334957731,0.0,0.09325163945156346,10,,
2022-09-30,NLS6,-0.05213821657512852,-0.05236554584647102,0.0027335263083605,0.23983377673592765,0.0,0.01802974508545899,10,,
2022-09-30,NLS7,-0.05201302442084429,-0.052239804217052876,0.0027335263083605,0.2392224809522645,0.0,0.01604181085991954,10,,
2022-09-30,NLS8,-0.05229456086169554,-0.05252293463948576,0.0027335263083605,0.24097548495423324,0.0,0.020246898331918704,10,,
2022-09-30,CRE,-0.04230224077653074,-0.04244421028832834,0.0027335263083605,0.1482404134606716,0.0,0.34304494681592046,10,,
2022-09-30,SRE_STAR,-0.04285991543818339,-0.04299323134283839,0.0027335263083605,0.13928567699274497,0.0,0.08405826632715145,10,,
2022-09-30,GS_STAR,-0.05436553157172178,-0.05458343532291421,0.0027335263083605,0.23043126965815697,0.0,0.11420469125189145,10,,
2022-09-30,ID_KAPPA,-0.048111346238084454,-0.048232202795778,0.0027335263083605,0.12696501551517317,0.0,0.04146768179800386,10,0.03649056346724756,140.59234195315466
2022-09-30,EW,-0.08398892474992825,-0.08400203098355263,0.0027335263083605,0.014307942314867678,0.0,,10,,
2022-10-31,AIQ,-0.008948273918461482,-0.009030875614831402,0.0034504276924163,0.08334751274424745,0.0,0.043267303744022996,10,,
2022-10-31,HC,-0.010718431286397647,-0.010826196337054061,0.0034504276924163,0.10893263764789625,0.0,0.004323552338876324,10,,
2022-10-31,LS1,-0.0031659790329407124,-0.0033765944467772924,0.0034504276924163,0.21128433561311633,0.0,0.12285665942252529,10,,
2022-10-31,LS2,-0.003444817126004238,-0.0036826185248747256,0.0034504276924163,0.2386234128899276,0.0,0.0894491597203061,10,,
2022-10-31,LS3,-0.013170705930482564,-0.013307075361382092,0.0034504276924163,0.13818948395533343,0.0,0.15993368750933679,10,,
2022-10-31,LS4,-0.010697844891512754,-0.010845669761226584,0.0034504276924163,0.14942337783310264,0.0,0.13461935205213402,10,,
2022-10-31,LS5,-0.011877426019130518,-0.011923554361942812,0.0034504276924163,0.046682814487736785,0.0,0.07176203408203592,10,,
2022-10-31,NLS6,-0.005606205980763285,-0.005983011457732057,0.0034504276924163,0.3789298356797663,0.0,0.015059323378807539,10,,
2022-10-31,NLS7,-0.005821113050743615,-0.006174105007026087,0.0034504276924163,0.35505879366005566,0.0,0.013464697890815199,10,,
2022-10-31,NLS8,-0.005397864346946012,-0.005797308625281938,0.0034504276924163,0.4016121261127878,0.0,0.016837237020789042,10,,
2022-10-31,CRE,-0.012322208839792606,-0.012347781005146441,0.0034504276924163,0.025891202153916472,0.0,0.3045434655382259,10,,
2022-10-31,SRE_STAR,-0.01334310143198631,-0.013387295462272797,0.0034504276924163,0.044791690354066875,0.0,0.06455492969776891,10,,
2022-10-31,GS_STAR,-0.011944453292181995,-0.012140434518287835,0.0034504276924163,0.198350413353654,0.0,0.13032456774836082,10,,
2022-10-31,ID_KAPPA,-0.010713672051473602,-0.010831297921475969,0.0034504276924163,0.11889972263779562,0.0,0.04350178852659788,10,0.03934836088545878,145.12729411789752
2022-10-31,EW,0.03290182572052363,0.0328703498879066,0.0034504276924163,0.030473208424213638,0.0,,10,,
2022-11-30,AIQ,0.035373170521079515,0.0353274555507459,0.0035707008042658,0.044153133995795034,0.0,0.022868115013044168,10,,
2022-11-30,HC,0.04030033308268646,0.04025720921614795,0.0035707008042658,0.041453285332230416,0.0,0.0046246592163212115,10,,
2022-11-30,LS1,0.04517360377070073,0.04510160647713013,0.0035707008042658,0.06888548783740822,0.0,0.11623493158388838,10,,
2022-11-30,LS2,0.042440464897852415,0.04235487946789984,0.0035707008042658,0.08210102431221783,0.0,0.08350680380348124,10,,
2022-11-30,LS3,0.04075457841711014,0.04070909505431408,0.0035707008042658,0.043702294219241114,0.0,0.1647662330459007,10,,
2022-11-30,LS4,0.04053693643646755,0.040497287351722644,0.0035707008042658,0.03810444719132906,0.0,0.12556957702225174,10,,
2022-11-30,LS5,0.04178874165563271,0.04173369784196668,0.0035707008042658,0.052835869178542764,0.0,0.07611883828797109,10,,
2022-11-30,NLS6,0.04307808276607328,0.043012061766035004,0.0035707008042658,0.06329439869281148,0.0,0.016095925724712915,10,,
2022-11-30,NLS7,0.04152172874292527,0.04145653665218507,0.0035707008042658,0.06259311634224599,0.0,0.01443990713933731,10,,
2022-11-30,NLS8,0.044685544136111525,0.04459077241046838,0.0035707008042658,0.09071794491199525,0.0,0.017934784730480127,10,,
2022-11-30,CRE,0.040716648582816026,0.04067877021876076,0.0035707008042658,0.03639642366339805,0.0,0.311303278941507,10,,
2022-11-30,SRE_STAR,0.04249078153907222,0.04247370930579275,0.0035707008042658,0.016376387764549638,0.0,0.06985939999369042,10,,
2022-11-30,GS_STAR,0.04838600580991737,0.048335308674593236,0.0035707008042658,0.04835731786125023,1.000000000082274e-06,-8.227392495571766e-17,9,,
2022-11-30,ID_KAPPA,0.04033776545555461,0.040298291775937134,0.0035707008042658,0.037943138207782126,0.0,0.02277075688583754,10,0.018230407089680895,278.79520775594733
2022-11-30,EW,0.05635687974221277,0.056322841302766324,0.0035707008042658,0.03222248096185708,0.0,,10,,
2022-12-31,AIQ,-0.0019058762928248988,-0.0020190968426745393,0.0036107566318024,0.11343674625503208,0.0,0.026717797800926795,10,,
2022-12-31,HC,-0.004605131079719897,-0.0047909446829121904,0.0036107566318024,0.18667325801452467,0.0,0.006032309144523374,10,,
2022-12-31,LS1,-0.0003281271664982858,-0.0005357987309557721,0.0036107566318024,0.20773972950625322,0.0,0.12743717655876752,10,,
2022-12-31,LS2,-0.00048167322355494946,-0.0007151344910849566,0.0036107566318024,0.23357377376252492,0.0,0.10694257780458169,10,,
2022-12-31,LS3,-0.0043961144941951635,-0.004563585167974837,0.0036107566318024,0.16821014483549862,0.0,0.16520268892296439,10,,
2022-12-31,LS4,-0.0034962364151526915,-0.00366767023407899,0.0036107566318024,0.17203529498938017,0.0,0.13227977401161073,10,,
2022-12-31,LS5,-0.0021155615823695365,-0.0022497446734017768,0.0036107566318024,0.13446756544776745,0.0,0.08911514518270779,10,,
2022-12-31,NLS6,-0.0023277504788312663,-0.0025638066299916717,0.0036107566318024,0.2366069130153748,0.0,0.022869923143979048,10,,
2022-12-31,NLS7,-0.0024270131888977256,-0.002642122778575895,0.0036107566318024,0.21563293365210814,0.0,0.020743717636330542,10,,
2022-12-31,NLS8,-0.002233489074639733,-0.0024987102765314795,0.0036107566318024,0.2658148965591318,0.0,0.025205345137688982,10,,
2022-12-31,CRE,-0.003966728464963514,-0.004174130055071168,0.0036107566318024,0.208227572346039,0.0,0.31129782050895927,10,,
2022-12-31,SRE_STAR,-0.0020002252495530484,-0.00210091241265431,0.0036107566318024,0.10088896375403542,0.0,0.07969913146526925,10,,
2022-12-31,GS_STAR,-0.0007712970479847858,-0.001203984454473117,0.0036107566318024,0.43302139461177996,9.999999996729438e-07,3.270565962522568e-16,9,,
2022-12-31,ID_KAPPA,-0.004422103186072798,-0.004600884156620855,0.0036107566318024,0.17957507003736856,0.0,0.027283344654664702,10,0.021380006317762306,233.2828563100688
2022-12-31,EW,-0.027926170050533276,-0.027958259623162784,0.0036107566318024,0.0330114561679791,0.0,,10,,
2023-01-31,AIQ,0.030752951460114513,0.030687623547589693,0.0038347448817659,0.06337882654846103,0.0,0.04655950564667301,10,,
2023-01-31,HC,0.028093941260361886,0.02804885023048187,0.0038347448817659,0.04385886159845222,0.0,0.006011930884652043,10,,
2023-01-31,LS1,0.033159726805181616,0.033129551447397265,0.0038347448817659,0.029206866084030406,0.0,0.12430463213617275,10,,
2023-01-31,LS2,0.03299205296589593,0.03296229007325757,0.0038347448817659,0.0288123152090132,0.0,0.10362366078171106,10,,
2023-01-31,LS3,0.02990600995103883,0.029850277787072388,0.0038347448817659,0.05411383507615288,0.0,0.15944149546030548,10,,
2023-01-31,LS4,0.0291808959159061,0.029144355702191538,0.0038347448817659,0.035504170218960074,0.0,0.13177918146109238,10,,
2023-01-31,LS5,0.03360200740746963,0.03355095205685488,0.0038347448817659,0.049395560621037754,0.0,0.10317666537200641,10,,
2023-01-31,NLS6,0.029998201856971166,0.029959873867057896,0.0038347448817659,0.037211705655532445,0.0,0.022626232795588008,10,,
2023-01-31,NLS7,0.029845558464785312,0.029804847834643544,0.0038347448817659,0.039530811010451736,0.0,0.02046673268542236,10,,
2023-01-31,NLS8,0.03014692401692164,0.03010910863516636,0.0038347448817659,0.03670872656483397,0.0,0.024999749138743168,10,,
2023-01-31,CRE,0.032614679010589585,0.032541942779809485,0.0038347448817659,0.07043888902478228,0.0,0.32582659785554735,10,,
2023-01-31,SRE_STAR,0.032102946578093,0.032047198492903384,0.0038347448817659,0.05401407424960826,0.0,0.09500325482327006,10,,
2023-01-31,GS_STAR,0.03288460861333621,0.032864556797209676,0.0038347448817659,0.01941341361794008,0.0,0.10491053069101637,10,,
2023-01-31,ID_KAPPA,0.028363935885579124,0.02831395567424888,0.0038347448817659,0.04860167649421016,0.0,0.047213033447651535,10,0.04145029889510555,129.15926826862636
2023-01-31,EW,0.06441212118856539,0.0643783947257246,0.0038347448817659,0.031685530603596135,0.0,,10,,
2023-02-28,AIQ,-0.029945226609367555,-0.02999034877162199,0.0039784475501516,0.04651506646030369,0.0,0.07748140594273366,10,,
2023-02-28,HC,-0.028740797850775626,-0.02878909421217002,0.0039784475501516,0.049725512291132125,0.0,0.006675867602303459,10,,
2023-02-28,LS1,-0.029495033911791705,-0.029573484387969695,0.0039784475501516,0.08083469834692043,0.0,0.10638439735159722,10,,
2023-02-28,LS2,-0.029437972796224145,-0.02955157140026632,0.0039784475501516,0.11704414644092559,0.0,0.0836529744974319,10,,
2023-02-28,LS3,-0.027748300795113666,-0.027818575974088433,0.0039784475501516,0.07228084973488823,0.0,0.13369283828542297,10,,
2023-02-28,LS4,-0.029412341048286515,-0.029467769609442862,0.0039784475501516,0.05710824843605751,0.0,0.11245828232457565,10,,
2023-02-28,LS5,-0.028716943292620804,-0.028800895832193585,0.0039784475501516,0.08643467935852783,0.0,0.09695021165108393,10,,
2023-02-28,NLS6,-0.029710549363240267,-0.02979961412127552,0.0039784475501516,0.09179194721405307,0.0,0.025290158335357627,10,,
2023-02-28,NLS7,-0.02978540981518099,-0.029874163935114884,0.0039784475501516,0.0914788551231275,0.0,0.023082627067653155,10,,
2023-02-28,NLS8,-0.029638069644376725,-0.029728594407786635,0.0039784475501516,0.0932896897311799,0.0,0.0276876526347342,10,,
2023-02-28,CRE,-0.026227829217094597,-0.026278148220439612,0.0039784475501516,0.051674308277418875,0.0,0.3069928593376363,10,,
2023-02-28,SRE_STAR,-0.029419212152778956,-0.029469933846502316,0.0039784475501516,0.05225911573616413,0.0,0.0918293171595027,10,,
2023-02-28,GS_STAR,-0.02890957549741523,-0.028954335381048746,0.0039784475501516,0.04609239521283101,0.0,0.08353969013760379,10,,
2023-02-28,ID_KAPPA,-0.02921810634345791,-0.029284596341465408,0.0039784475501516,0.0684911806059868,0.0,0.0804565635588991,10,0.07427655641316472,76.72104592040984
2023-02-28,EW,-0.032732097003829154,-0.03275769532520245,0.0039784475501516,0.026464561983327,0.0,,10,,
2023-03-31,AIQ,0.024791327183455628,0.024647479107422487,0.0039545128129423,0.14036816297857913,0.0,0.045957960171898994,10,,
2023-03-31,HC,0.02075423075377936,0.020665881114816376,0.0039545128129423,0.08655329196890973,0.0,0.014479270546977596,10,,
2023-03-31,LS1,0.02486024447143781,0.024791571408296686,0.0039545128129423,0.06700724660912646,0.0,0.10827894760576061,10,,
2023-03-31,LS2,0.024417595597570573,0.024349132377146532,0.0039545128129423,0.06683135931883173,0.0,0.08860231863324532,10,,
2023-03-31,LS3,0.022515649916505658,0.022443401373132055,0.0039545128129423,0.07065764067231245,0.0,0.1330922257669617,10,,
2023-03-31,LS4,0.02081372518085077,0.0206703816736149,0.0039545128129423,0.14042082673824757,0.0,0.11610971633364754,10,,
2023-03-31,LS5,0.028373530314279454,0.028326069531289688,0.0039545128129423,0.046151307468135526,0.0,0.09495623237992493,10,,
2023-03-31,NLS6,0.021972288643428234,0.02185024346984754,0.0039545128129423,0.11942121614913082,0.0,0.054940273248267904,10,,
2023-03-31,NLS7,0.02190250113758267,0.021753346560120512,0.0039545128129423,0.1459577379409321,0.0,0.05363296234865793,10,,
2023-03-31,NLS8,0.022060903244945602,0.021964644446408554,0.0039545128129423,0.09418107886871063,0.0,0.0559666366186833,10,,
2023-03-31,CRE,0.023048192979675617,0.02296190549314825,0.0039545128129423,0.08434352078367185,0.0,0.2975704387927269,10,,
2023-03-31,SRE_STAR,0.027331023514823513,0.02727589019287313,0.0039545128129423,0.05366655993862443,0.0,0.08675332173582692,10,,
2023-03-31,GS_STAR,0.025966688988144346,0.025874164137543065,0.0039545128129423,0.09018309424115452,0.0,0.085767050935377,10,,
2023-03-31,ID_KAPPA,0.020774074441199587,0.020646718239532236,0.0039545128129423,0.12476433802154335,0.0,0.04843267914209916,10,0.03445225207385148,134.4464909432021
2023-03-31,EW,0.020915902833726376,0.020897690086418397,0.0039545128129423,0.017839615640784193,0.0,,10,,
2023-04-30,AIQ,0.0032430245523523476,0.003122878224944836,0.0041537774426925,0.11975794943691852,0.0,0.055641044171443874,10,,
2023-04-30,HC,0.0031952672231613704,0.0031634729945615447,0.0041537774426925,0.03169296112000691,0.0,0.014022560539344663,10,,
2023-04-30,LS1,0.0045844751809752445,0.004486054182323507,0.0041537774426925,0.0979718491407158,0.0,0.10754877476861283,10,,
2023-04-30,LS2,0.004502736999626535,0.0044094038956943304,0.0041537774426925,0.092914733324534,0.0,0.09084226799794992,10,,
2023-04-30,LS3,0.00462286236287084,0.004530237409877236,0.0041537774426925,0.09219873095037005,0.0,0.1344743425566085,10,,
2023-04-30,LS4,0.003383721186097417,0.0033115505356637875,0.0041537774426925,0.07192726861103611,0.0,0.11498141927710738,10,,
2023-04-30,LS5,0.006081675910413339,0.005965492674534945,0.0041537774426925,0.11548091835920407,0.0,0.094062286123855,10,,
2023-04-30,NLS6,0.0034652732885079064,0.0033475370215449995,0.0041537774426925,0.11732968753078225,0.0,0.05013137726559154,10,,
2023-04-30,NLS7,0.0035387084489998926,0.003423440834848579,0.0041537774426925,0.1148611540151406,0.0,0.04864911271240597,10,,
2023-04-30,NLS8,0.003393642220509921,0.0032649035287923844,0.0041537774426925,0.1283032763019616,0.0,0.05136637987491951,10,,
2023-04-30,CRE,0.0059405147448238745,0.005840114476068914,0.0041537774426925,0.09980736165136128,0.0,0.29966129444157646,10,,
2023-04-30,SRE_STAR,0.004926442846360535,0.004854891173580178,0.0041537774426925,0.07120090558820966,0.0,0.08822723633899382,10,,
2023-04-30,GS_STAR,0.005384224770291512,0.005272794685774684,0.0041537774426925,0.1108333329402493,0.0,0.09155248951944274,10,,
2023-04-30,ID_KAPPA,0.0032149115266578193,0.0031839270636269124,0.0041537774426925,0.03088516994195227,0.0,0.059657085317041565,10,0.04628353849826386,107.61133155233016
2023-04-30,EW,0.0025863011983625396,0.0025557302697047923,0.0041537774426925,0.030492066988406577,0.0,,10,,
2023-05-31,AIQ,-0.018054808520073733,-0.01806685733137492,0.0044875659696987,0.012270350123161071,0.0,0.028882074863408762,10,,
2023-05-31,HC,-0.018159161274059706,-0.01816981307205434,0.0044875659696987,0.010848803160842913,0.0,0.014054070735066699,10,,
2023-05-31,LS1,-0.01799563475335182,-0.018011994843075474,0.0044875659696987,0.016659895111062223,0.0,0.11177889565219366,10,,
2023-05-31,LS2,-0.017967197756028775,-0.017989804086645855,0.0044875659696987,0.023019934329519307,0.0,0.09569314554108524,10,,
2023-05-31,LS3,-0.014799458517924795,-0.014811802858508694,0.0044875659696987,0.012529774461291714,0.0,0.14081868148490606,10,,
2023-05-31,LS4,-0.01786546324892837,-0.017875592471253365,0.0044875659696987,0.010313477376063102,0.0,0.11828596977043251,10,,
2023-05-31,LS5,-0.012377918145317607,-0.012392432837579959,0.0044875659696987,0.014696605643974667,0.0,0.0979747684679681,10,,
2023-05-31,NLS6,-0.01876032775360405,-0.0187917519460854,0.0044875659696987,0.032024991824288696,0.0,0.050299089540995975,10,,
2023-05-31,NLS7,-0.018582869890386353,-0.01861906355624865,0.0044875659696987,0.03687898320887267,0.0,0.04849524709997756,10,,
2023-05-31,NLS8,-0.01894690825762141,-0.018975015069783163,0.0044875659696987,0.028649634151623412,0.0,0.05193653493766552,10,,
2023-05-31,CRE,-0.012320488922326723,-0.012329076084516055,0.0044875659696987,0.008694279969383316,0.0,0.30082385537779577,10,,
2023-05-31,SRE_STAR,-0.014408598052390803,-0.014421534769523126,0.0044875659696987,0.013125842115447137,0.0,0.09027657693699478,10,,
2023-05-31,GS_STAR,-0.015811297709665967,-0.01582061041771987,0.0044875659696987,0.009462319606342695,0.0,0.0915524895194433,10,,
2023-05-31,ID_KAPPA,-0.01814107436363179,-0.01815280816441822,0.0044875659696987,0.01195059746369767,0.0,0.030668045021083584,10,0.016850796572995545,214.4627377649033
2023-05-31,EW,-0.013996834031324824,-0.014007746454749226,0.0044875659696987,0.01106733101984414,0.0,,10,,
2023-06-30,AIQ,-0.00021786371227341798,-0.00027321105923105993,0.0044161425104838,0.055359407763751776,0.0,0.06691732209240712,10,,
2023-06-30,HC,-0.00014910357072014908,-0.00014920757308900523,0.0044161425104838,0.000104017878333168,0.0,0.013260884778213753,10,,
2023-06-30,LS1,0.0030990846976219548,0.0030796079542261268,0.0044161425104838,0.01941656980146783,0.0,0.11843603553448016,10,,
2023-06-30,LS2,0.0031055564604939,0.0030735310930838367,0.0044161425104838,0.03192621873511879,0.0,0.10342083236899038,10,,
2023-06-30,LS3,-0.0002809725001789461,-0.0003384833801141074,0.0044161425104838,0.05752704345232157,0.0,0.15900037440111836,10,,
2023-06-30,LS4,0.0005006822367281177,0.00046763979602904016,0.0044161425104838,0.033025905215018525,0.0,0.12400864413459214,10,,
2023-06-30,LS5,-0.002306990670755522,-0.0023525598830242966,0.0044161425104838,0.045674583105882315,0.0,0.10658717634474273,10,,
2023-06-30,NLS6,0.002763571296484201,0.00273866281511026,0.0044161425104838,0.024839834719694445,0.0,0.05522926162103661,10,,
2023-06-30,NLS7,0.002620179296064239,0.002602766751165664,0.0044161425104838,0.017367040139652852,0.0,0.053665984172902075,10,,
2023-06-30,NLS8,0.002838485911537787,0.002804891659675901,0.0044161425104838,0.03349916495413216,0.0,0.05676849921935784,10,,
2023-06-30,CRE,0.0002627202567934592,0.0002306660145159345,0.0044161425104838,0.032045823190597615,0.0,0.3081256034201362,10,,
2023-06-30,SRE_STAR,-0.003299159978681112,-0.003365275382384403,0.0044161425104838,0.06633425100938434,0.0,0.10202725045985354,10,,
2023-06-30,GS_STAR,0.0020085126771038123,0.0019904522983549278,0.0044161425104838,0.018024176961017588,0.0,0.08157623116554706,10,,
2023-06-30,ID_KAPPA,-0.00017447896945909738,-0.00017563232722128674,0.0044161425104838,0.0011535590339862845,0.0,0.07120139916641437,10,0.05871918270431337,88.16071903616064
2023-06-30,EW,0.0353250525316308,0.035300296542139176,0.0044161425104838,0.02391132082746622,0.0,,10,,
2023-07-31,AIQ,0.010944984223974571,0.010881071067363912,0.0045113613804723,0.06322120155710868,0.0,0.04827179721158487,10,,
2023-07-31,HC,0.01246489234254827,0.012459829751658269,0.0045113613804723,0.005000263148306261,0.0,0.013240904810347794,10,,
2023-07-31,LS1,0.018293971502254588,0.018260712657588885,0.0045113613804723,0.03266133905974575,0.0,0.11809866843959649,10,,
2023-07-31,LS2,0.01798105052363055,0.017941166805320208,0.0045113613804723,0.03917923451527032,0.0,0.10084032763893258,10,,
2023-07-31,LS3,0.00700546274676485,0.006944332042561507,0.0045113613804723,0.06070543454311128,0.0,0.15257972536518116,10,,
2023-07-31,LS4,0.012316710114259076,0.012266783951491389,0.0045113613804723,0.049318718409824894,0.0,0.12224916051386531,10,,
2023-07-31,LS5,0.005045627265848345,0.004945097178280955,0.0045113613804723,0.10002539669856027,0.0,0.10031953409475657,10,,
2023-07-31,NLS6,0.015789420133265328,0.01573629668957599,0.0045113613804723,0.05229769343557426,0.0,0.05234308255615741,10,,
2023-07-31,NLS7,0.01545185702937914,0.015408033349296746,0.0045113613804723,0.04315682696237008,0.0,0.051056086309508975,10,,
2023-07-31,NLS8,0.016182143017323774,0.016118977155515024,0.0045113613804723,0.06215998012036314,0.0,0.05351798040796963,10,,
2023-07-31,CRE,0.004121467110874273,0.0040661219197302145,0.0045113613804723,0.05511802402078061,0.0,0.3081363368200988,10,,
2023-07-31,SRE_STAR,0.007017378944411046,0.006955283569554771,0.0045113613804723,0.061662664572276725,0.0,0.09617138414895864,10,,
2023-07-31,GS_STAR,0.014433538086386184,0.014372160288280922,0.0045113613804723,0.06050450404198099,0.0,0.07243925328059486,10,,
2023-07-31,ID_KAPPA,0.012394221447435764,0.01238864960536934,0.0045113613804723,0.005503628871370236,0.0,0.051804785775554904,10,0.03908135344604615,122.91517146589675
2023-07-31,EW,0.03744826092439718,0.037422185614713444,0.0045113613804723,0.025134082022054485,0.0,,10,,
2023-08-31,AIQ,-0.005776125630233992,-0.005840615713130992,0.0045192918063745,0.064864749840994,0.0,0.04706052985173224,10,,
2023-08-31,HC,-0.006001217124000549,-0.0060375490881815486,0.0045192918063745,0.036551316567840164,0.0,0.010856918745016153,10,,
2023-08-31,LS1,-0.004442942846717408,-0.004475808820298632,0.0045192918063745,0.033012646884521796,0.0,0.1131354931645518,10,,
2023-08-31,LS2,-0.004466276771860382,-0.00450480538564102,0.0045192918063745,0.03870146523593075,0.0,0.09539723653221452,10,,
2023-08-31,LS3,-0.0056238482919514525,-0.0056678523056870045,0.0045192918063745,0.044252885248517705,0.0,0.16254091707209298,10,,
2023-08-31,LS4,-0.005890351046366273,-0.005928933896502064,0.0045192918063745,0.038811463279130175,0.0,0.11756643636135325,10,,
2023-08-31,LS5,-0.006550788661293315,-0.006613429610010213,0.0045192918063745,0.06305400215925677,0.0,0.10070970033269999,10,,
2023-08-31,NLS6,-0.0053780837468031745,-0.005479603039496461,0.0045192918063745,0.10206822415076158,0.0,0.045900765699233244,10,,
2023-08-31,NLS7,-0.005480743554759111,-0.0055983638127421465,0.0045192918063745,0.11826845706683256,0.0,0.044435829009977855,10,,
2023-08-31,NLS8,-0.005284122518698906,-0.005370984032411208,0.0045192918063745,0.08732293881975059,0.0,0.047340024949371964,10,,
2023-08-31,CRE,-0.005113275773391531,-0.005175975543135758,0.0045192918063745,0.06302201870564458,0.0,0.3010444089667807,10,,
2023-08-31,SRE_STAR,-0.006697858194079675,-0.006737509228119887,0.0045192918063745,0.039918401835001706,0.0,0.08823658572772457,10,,
2023-08-31,GS_STAR,-0.004724230689355198,-0.004753149928870659,0.0045192918063745,0.029056509167719,0.0,0.06809090322047313,10,,
2023-08-31,ID_KAPPA,-0.006002102449034087,-0.006037486296985528,0.0045192918063745,0.03559750784044435,0.0,0.05234579831762626,10,0.04194426505007885,122.74281445710801
2023-08-31,EW,-0.024313303980836802,-0.024333027620267456,0.0045192918063745,0.020215136181630677,0.0,,10,,
2023-09-30,AIQ,-0.018942763685736625,-0.019002667955229646,0.0045113613804723,0.061060932304106204,0.0,0.048186379457375486,10,,
2023-09-30,HC,-0.017779500735672367,-0.017797155246592644,0.0045113613804723,0.017974081108586004,0.0,0.011440084408831375,10,,
2023-09-30,LS1,-0.016597092653717015,-0.01663574017336844,0.0045113613804723,0.03929978177077448,0.0,0.11391802182615075,10,,
2023-09-30,LS2,-0.01653360214796762,-0.01656600993988655,0.0045113613804723,0.03295261738441875,0.0,0.09453275946356512,10,,
2023-09-30,LS3,-0.020730745754898677,-0.020757896124579345,0.0045113613804723,0.027725132350534323,0.0,0.15633942202807088,10,,
2023-09-30,LS4,-0.017622473572000558,-0.017665485214456655,0.0045113613804723,0.04378321093370642,0.0,0.11909459517435178,10,,
2023-09-30,LS5,-0.024537529699647575,-0.024602876725604794,0.0045113613804723,0.06699081507154714,0.0,0.10450427737779736,10,,
2023-09-30,NLS6,-0.015494694037964215,-0.015569098950454996,0.0045113613804723,0.0755759385350609,0.0,0.047257908513347144,10,,
2023-09-30,NLS7,-0.015661078478032078,-0.01571831014102265,0.0045113613804723,0.05814223306546791,0.0,0.045736073881752624,10,,
2023-09-30,NLS8,-0.01534128615661125,-0.015428606261563615,0.0045113613804723,0.08868057909272577,0.0,0.0487131831096847,10,,
2023-09-30,CRE,-0.02175206859538862,-0.02180785764174864,0.0045113613804723,0.05702955720022946,0.0,0.3025473005723365,10,,
2023-09-30,SRE_STAR,-0.023333263177062757,-0.02337447049392205,0.0045113613804723,0.042191788975364186,0.0,0.09204369250921175,10,,
2023-09-30,GS_STAR,-0.01824542149994041,-0.018284660443408707,0.0045113613804723,0.039968179754484065,0.0,0.06265604920308515,10,,
2023-09-30,ID_KAPPA,-0.017800055820722818,-0.017817563123813995,0.0045113613804723,0.017824581639354187,0.0,0.052212982680514775,10,0.0412447415969733,122.96414481908391
2023-09-30,EW,-0.034875855211827844,-0.03489411531826514,0.0045113613804723,0.018919956086354925,0.0,,10,,
2023-10-31,AIQ,-0.02127479652528174,-0.021317934210193235,0.0045430789527656,0.044075379645240505,0.0,0.04559382276983786,10,,
2023-10-31,HC,-0.021382893753512613,-0.02139386520547326,0.0045430789527656,0.011211179418960215,0.0,0.01261283508792424,10,,
2023-10-31,LS1,-0.012776361426662133,-0.0128188023826592,0.0045430789527656,0.04299021451551144,0.0,0.11154455290876052,10,,
2023-10-31,LS2,-0.013568302762262644,-0.01360364330049224,0.0045430789527656,0.03582664499593824,0.0,0.09392800773326335,10,,
2023-10-31,LS3,-0.017181012805234076,-0.017284490424522403,0.0045430789527656,0.10528654883196553,0.0,0.17995870650354512,10,,
2023-10-31,LS4,-0.021170964135185294,-0.021183725064156778,0.0045430789527656,0.013036933421314432,0.0,0.11668839710073943,10,,
2023-10-31,LS5,-0.010284953399117766,-0.010382480900379965,0.0045430789527656,0.09854099076013546,0.0,0.10477161739548045,10,,
2023-10-31,NLS6,-0.02165438436096084,-0.02171329864607996,0.0045430789527656,0.06021827478700008,0.0,0.04984179773587873,10,,
2023-10-31,NLS7,-0.022350018140258048,-0.0224064821868859,0.0045430789527656,0.05775486899761579,0.0,0.04774637073128237,10,,
2023-10-31,NLS8,-0.020663030631978628,-0.020717705973735567,0.0045430789527656,0.055828936787913605,0.0,0.05190918165854921,10,,
2023-10-31,CRE,-0.01500064301920081,-0.015085463740450944,0.0045430789527656,0.0861124635757587,0.0,0.2984351672628845,10,,
2023-10-31,SRE_STAR,-0.012114230558944929,-0.012180764254164256,0.0045430789527656,0.06734958360321625,0.0,0.09347928429222835,10,,
2023-10-31,GS_STAR,-0.013920315531171958,-0.01401920896657638,0.0045430789527656,0.10028949684491731,0.0,0.16518414861729824,10,,
2023-10-31,ID_KAPPA,-0.021384846593312624,-0.02139666365026016,0.0045430789527656,0.012075285066148966,0.0,0.04621979095836006,10,0.034036249472037795,141.13687697590544
2023-10-31,EW,-0.023108752036592874,-0.023130009433025678,0.0045430789527656,0.02176024862241062,0.0,,10,,
2023-11-30,AIQ,0.03427192145461027,0.03425926457701434,0.0044320192189413,0.012237475786886998,0.0,0.0403997038022814,10,,
2023-11-30,HC,0.03305965329017768,0.033047500486292014,0.0044320192189413,0.011763893640676454,0.0,0.0150968646853639,10,,
2023-11-30,LS1,0.02996845782270246,0.029868224369217433,0.0044320192189413,0.0973170126944994,0.0,0.1087293198564051,10,,
2023-11-30,LS2,0.03020520946999467,0.030103436519876903,0.0044320192189413,0.09878900745427695,0.0,0.09015744840303878,10,,
2023-11-30,LS3,0.04127488772032775,0.04127147276944232,0.0044320192189413,0.0032795863279376225,0.0,0.18101833959979077,10,,
2023-11-30,LS4,0.03296780636001759,0.03293719283989005,0.0044320192189413,0.029636470700450453,0.0,0.11332912948010367,10,,
2023-11-30,LS5,0.04221147803526256,0.04218515356705854,0.0044320192189413,0.025258278918037756,0.0,0.09558815649611445,10,,
2023-11-30,NLS6,0.03202742751366491,0.031736620363867596,0.0044320192189413,0.28178238489057433,0.0,0.06763439675366535,10,,
2023-11-30,NLS7,0.032534366184846855,0.032149801460511496,0.0044320192189413,0.3724473847359175,0.0,0.07426388565280957,10,,
2023-11-30,NLS8,0.03151395252319973,0.0313248068149119,0.0044320192189413,0.18336708662561835,0.0,0.058706007254518335,10,,
2023-11-30,CRE,0.04528109968854346,0.04527806255700484,0.0044320192189413,0.002905564388095849,0.0,0.29601172685183497,10,,
2023-11-30,SRE_STAR,0.04030102107122592,0.04027394064270773,0.0044320192189413,0.026031338977712794,0.0,0.09030419978862445,10,,
2023-11-30,GS_STAR,0.03538195730799084,0.03532497983387772,0.0044320192189413,0.05503039116242159,0.0,0.13152133925226395,10,,
2023-11-30,ID_KAPPA,0.03303350077135973,0.03302079326806617,0.0044320192189413,0.012301153141857396,0.0,0.04082725923551605,10,0.026124797076549775,161.46708539027944
2023-11-30,EW,0.06525651323543083,0.0652306602635433,0.0044320192189413,0.024269245544369794,0.0,,10,,
2023-12-31,AIQ,0.024647695576325516,0.02449962542793549,0.0043923222705009,0.14450835055729333,0.0,0.03694967464771403,10,,
2023-12-31,HC,0.023853515493350744,0.023731254115937794,0.0043923222705009,0.11941295855593928,0.0,0.013528522819142061,10,,
2023-12-31,LS1,0.019323132843729853,0.019171704559800773,0.0043923222705009,0.14855768406484776,0.0,0.08975783189069192,10,,
2023-12-31,LS2,0.01976151331620237,0.01962389214506799,0.0043923222705009,0.13495427052041278,0.0,0.06819394137336875,10,,
2023-12-31,LS3,0.029185065844560206,0.02902825392735675,0.0043923222705009,0.15236513082793823,0.0,0.1369952384234912,10,,
2023-12-31,LS4,0.022766747337956562,0.022581176966174787,0.0043923222705009,0.18143958264647395,0.0,0.09493865018068055,10,,
2023-12-31,LS5,0.02850972302561175,0.028299766002076066,0.0043923222705009,0.20413713048629323,0.0,0.0807626781984585,10,,
2023-12-31,NLS6,0.021576699825908603,0.02141232691365058,0.0043923222705009,0.16090119546202442,0.0,0.04925219294697211,10,,
2023-12-31,NLS7,0.021636665268440814,0.02144811736000296,0.0043923222705009,0.18455475889573572,0.0,0.049190068944676986,10,,
2023-12-31,NLS8,0.02144047176237832,0.021299131808500515,0.0043923222705009,0.1383731678792207,0.0,0.046485136106027405,10,,
2023-12-31,CRE,0.034318952067135665,0.03420778851977557,0.0043923222705009,0.10747511407185804,0.0,0.2741833284280006,10,,
2023-12-31,SRE_STAR,0.027466936127969754,0.02728415168577558,0.0043923222705009,0.177898125737267,0.0,0.07776085306607573,10,,
2023-12-31,GS_STAR,0.02218859343291768,0.021938823860411683,0.0043923222705009,0.24434783767954874,0.0,0.08840262917496386,10,,
2023-12-31,ID_KAPPA,0.023463988508910454,0.02331585393877389,0.0043923222705009,0.14473842929489794,0.0,0.03987924042698557,10,0.026712092764352824,171.82700132282514
2023-12-31,EW,0.0450305903559604,0.04499513533009569,0.0043923222705009,0.03392726126093305,0.0,,10,,
2024-01-31,AIQ,0.005826028697895427,0.005601692427347427,0.0044082031209211,0.22303685145082314,0.0,0.03212919243295401,10,,
2024-01-31,HC,0.0043850486091920535,0.004307141974992712,0.0044082031209211,0.07756650132060994,0.0,0.01445292542705357,10,,
2024-01-31,LS1,0.004087517885770941,0.004052400982353044,0.0044082031209211,0.03497394678473956,0.0,0.09447854984164351,10,,
2024-01-31,LS2,0.004141078173285819,0.004117231392886556,0.0044082031209211,0.02374843626810641,0.0,0.068396931596681,10,,
2024-01-31,LS3,0.0015341982333635373,0.0014377884067529045,0.0044082031209211,0.0962621414032315,0.0,0.14483387287698463,10,,
2024-01-31,LS4,0.004268113792439802,0.004197726203498675,0.0044082031209211,0.07008844348886295,0.0,0.09395425552927131,10,,
2024-01-31,LS5,-0.0007482420308677127,-0.0008264904637118597,0.0044082031209211,0.07830702545182411,0.0,0.0844659206900869,10,,
2024-01-31,NLS6,0.0035695675662510426,0.003537558966009602,0.0044082031209211,0.03189474977704469,0.0,0.06780409885079247,10,,
2024-01-31,NLS7,0.0036504507964917493,0.0035930013721900966,0.0044082031209211,0.05724047077966203,0.0,0.06523095031501086,10,,
2024-01-31,NLS8,0.003497004696878103,0.0034059738065193024,0.0044082031209211,0.09071366424881945,0.0,0.06629463018350475,10,,
2024-01-31,CRE,-0.0020526279232971926,-0.0021608506306356468,0.0044082031209211,0.10844530520007545,0.0,0.2741083321696509,10,,
2024-01-31,SRE_STAR,-0.00011879941138960398,-0.00016831465932554135,0.0044082031209211,0.04952113101718636,0.0,0.0807539656122314,10,,
2024-01-31,GS_STAR,0.003188780009891016,0.00314990833686557,0.0044082031209211,0.03874811381468658,0.0,0.12447597956492082,10,,
2024-01-31,ID_KAPPA,0.004359558563997846,0.004289699839647776,0.0044082031209211,0.06955549310464303,0.0,0.03492820695673671,10,0.020775548989941106,197.4882168859326
2024-01-31,EW,-0.007287658297715383,-0.007313581300933625,0.0044082031209211,0.02611330808453441,0.0,,10,,
2024-02-29,AIQ,-0.008685757417135538,-0.00871280891953441,0.0044320192189413,0.027288523897743222,0.0,0.018116303729662765,10,,
2024-02-29,HC,-0.010163216153832368,-0.010211609787638132,0.0044320192189413,0.04889051871526988,0.0,0.010854226617533195,10,,
2024-02-29,LS1,-0.004910632905883577,-0.0049364213402797175,0.0044320192189413,0.025915696869990873,0.0,0.09020208481616931,10,,
2024-02-29,LS2,-0.005809956787124948,-0.005843997635051612,0.0044320192189413,0.03423977956637031,0.0,0.0680046061008244,10,,
2024-02-29,LS3,-0.010556309139318916,-0.01058442538120441,0.0044320192189413,0.02841621220602844,0.0,0.14415176966225984,10,,
2024-02-29,LS4,-0.009554444109357286,-0.009595007694761182,0.0044320192189413,0.040954886578756046,0.0,0.09030127265853584,10,,
2024-02-29,LS5,-0.010270797199579029,-0.010293808448975983,0.0044320192189413,0.02325004590336581,0.0,0.08752615964595718,10,,
2024-02-29,NLS6,-0.007426780355736068,-0.007451969258435831,0.0044320192189413,0.0253773748890099,0.0,0.047511079373722356,10,,
2024-02-29,NLS7,-0.007608927429258438,-0.007640704736296855,0.0044320192189413,0.03202095213945012,0.0,0.046132365334882644,10,,
2024-02-29,NLS8,-0.0072500627393631695,-0.007271042381739812,0.0044320192189413,0.02113285691521037,0.0,0.04891545528294049,10,,
2024-02-29,CRE,-0.009982260146903718,-0.00999776771832217,0.0044320192189413,0.015663932871331367,0.0,0.27431872818353104,10,,
2024-02-29,SRE_STAR,-0.01029911784632842,-0.010308467649722153,0.0044320192189413,0.00944710019185259,0.0,0.0803043049966202,10,,
2024-02-29,GS_STAR,-0.0042538932422835005,-0.004271189067963643,0.0044320192189413,0.01736971459169015,0.0,0.12447597956492135,10,,
2024-02-29,ID_KAPPA,-0.010086466258646723,-0.010143112747224015,0.0044320192189413,0.057223673226462025,0.0,0.01987131245014616,10,0.009116033324166177,350.44880137186317
2024-02-29,EW,0.023845035302241052,0.02382090387349045,0.0044320192189413,0.023569415212846306,0.0,,10,,
2024-03-31,AIQ,0.031043620045691757,0.030099132937281725,0.004439956538087,0.9160496123027957,0.0,0.02821132096372513,10,,
2024-03-31,HC,0.024031153206516147,0.023313063183791893,0.004439956538087,0.7012384540017902,0.0,0.011554956458439517,10,,
2024-03-31,LS1,0.02972999915382776,0.029394518702782868,0.004439956538087,0.3257945785017088,0.0,0.09880335249024627,10,,
2024-03-31,LS2,0.028618517782264444,0.028196902020851677,0.004439956538087,0.40988544744633726,0.0,0.07583831386149244,10,,
2024-03-31,LS3,0.01542986240500013,0.014712646027819964,0.004439956538087,0.7063179878141888,0.0,0.15980734251476444,10,,
2024-03-31,LS4,0.025210013130553675,0.024415025890790476,0.004439956538087,0.7754384268407111,0.0,0.10618216697552764,10,,
2024-03-31,LS5,0.02173373690346653,0.020834675105187994,0.004439956538087,0.8799374688391368,0.0,0.08564613233185576,10,,
2024-03-31,NLS6,0.02714833684934233,0.026497190612666754,0.004439956538087,0.6339359304937047,0.0,0.032724269187618366,10,,
2024-03-31,NLS7,0.02669885192408341,0.02603670246013201,0.004439956538087,0.6449305584696222,0.0,0.029827695517057932,10,,
2024-03-31,NLS8,0.027595902045200824,0.026955874190332185,0.004439956538087,0.6228400226146602,0.0,0.035883984112896394,10,,
2024-03-31,CRE,0.013508012675082344,0.012786524857283599,0.004439956538087,0.7118718439083079,0.0,0.28445909909042427,10,,
2024-03-31,SRE_STAR,0.022527663385067995,0.021589109827426123,0.004439956538087,0.9178759570520569,0.0,0.06954575170071561,10,,
2024-03-31,GS_STAR,0.02736336933439029,0.026904224878534277,0.004439956538087,0.44691534617735246,0.0,0.09933203358324462,10,,
2024-03-31,ID_KAPPA,0.02448815147664409,0.02372417153412698,0.004439956538087,0.745718670749071,0.0,0.030079907474607735,10,0.018741508328873974,223.8185858512707
2024-03-31,EW,0.029978670128761743,0.029956396117275297,0.004439956538087,0.021625701708465103,0.0,,10,,
2024-04-30,AIQ,-0.010629652555317155,-0.011193982815426717,0.004439956538087,0.5703933431673562,0.0,0.04272410798180577,10,,
2024-04-30,HC,-0.010016274712502984,-0.010931045118616645,0.004439956538087,0.9240257013800066,0.0,0.005033721092862618,10,,
2024-04-30,LS1,-0.010021065684158406,-0.01030304472940502,0.004439956538087,0.28483337924915914,0.0,0.11096657838261426,10,,
2024-04-30,LS2,-0.010841859542780934,-0.011143643514917811,0.004439956538087,0.3050917338630929,0.0,0.086409912743606,10,,
2024-04-30,LS3,-0.01290625986252238,-0.013550035248306114,0.004439956538087,0.6521927549597193,0.0,0.16851199716760557,10,,
2024-04-30,LS4,-0.011685551609272773,-0.01219953438991439,0.004439956538087,0.5200599682404097,0.0,0.10863043680888335,10,,
2024-04-30,LS5,-0.011534759202310552,-0.012230024517067228,0.004439956538087,0.703378617740336,0.0,0.08874056014137828,10,,
2024-04-30,NLS6,-0.00631272089305514,-0.007245451831908389,0.004439956538087,0.9386564148145168,0.0,0.01557950021470227,10,,
2024-04-30,NLS7,-0.006667156516875008,-0.007595933250175935,0.004439956538087,0.9350105952847128,0.0,0.013962597629740316,10,,
2024-04-30,NLS8,-0.005972932052507284,-0.006907237159382351,0.004439956538087,0.9399191802736966,0.0,0.017371712993679303,10,,
2024-04-30,CRE,-0.01372626046298067,-0.014166292348161358,0.004439956538087,0.4461559377899276,0.0,0.27441557046678455,10,,
2024-04-30,SRE_STAR,-0.00967957965721023,-0.01051031011050918,0.004439956538087,0.8388501703432927,0.0,0.06919964717994956,10,,
2024-04-30,GS_STAR,-0.008432351107612906,-0.008688700233638214,0.004439956538087,0.25852913445870873,1.000000000105183e-06,-1.051830601764395e-16,9,,
2024-04-30,ID_KAPPA,-0.011240228316204371,-0.011942258839997,0.004439956538087,0.7100112119215559,0.0,0.04515564305621424,10,0.04032490629473531,149.31763205026797
2024-04-30,EW,-0.026596139256563813,-0.02661122190633214,0.004439956538087,0.015494750305238308,0.0,,10,,
2024-05-31,AIQ,0.0084076884486,0.008176200120082688,0.004439956538087,0.22955827406799678,0.0,0.06474539026254687,10,,
2024-05-31,HC,0.008323756286139947,0.007985017290704999,0.004439956538087,0.3359426903543542,0.0,0.011751185216629078,10,,
2024-05-31,LS1,0.007443227490539382,0.007386330108924755,0.004439956538087,0.05647701037834332,0.0,0.10773882050347948,10,,
2024-05-31,LS2,0.0076660519896425295,0.007597967793946392,0.004439956538087,0.06756622946837129,0.0,0.08024688712818383,10,,
2024-05-31,LS3,0.01073445103280365,0.010637426900262259,0.004439956538087,0.09599369294487706,0.0,0.15861538293974758,10,,
2024-05-31,LS4,0.008430295314763539,0.008262587083192496,0.004439956538087,0.16630622101521872,0.0,0.11499289060277007,10,,
2024-05-31,LS5,0.00960403206374954,0.009484481680390289,0.004439956538087,0.11841313976810343,0.0,0.09315984673475805,10,,
2024-05-31,NLS6,0.008441102981209541,0.008353267190405411,0.004439956538087,0.08710056595719652,0.0,0.03287130582656083,10,,
2024-05-31,NLS7,0.008497931372522837,0.008429262999051002,0.004439956538087,0.06808975143695051,0.0,0.029815699223729404,10,,
2024-05-31,NLS8,0.008382499497796767,0.00827232734111627,0.004439956538087,0.10925631566923413,0.0,0.03622141935075064,10,,
2024-05-31,CRE,0.011068706928868006,0.01097012162661648,0.004439956538087,0.09750603650957634,0.0,0.2792791024628728,10,,
2024-05-31,SRE_STAR,0.008043490211544374,0.007891142372728588,0.004439956538087,0.1511322083770554,0.0,0.06930095485905371,10,,
2024-05-31,GS_STAR,0.009553236083506986,0.009457723657947836,0.004439956538087,0.09460860719897775,0.0,0.09109596985660601,10,,
2024-05-31,ID_KAPPA,0.008365214133611984,0.008177444117268617,0.004439956538087,0.18621231049162915,0.0,0.07002392735095551,10,0.05896565850888498,93.77260198335402
2024-05-31,EW,0.027222517106225964,0.027194537285198273,0.004439956538087,0.02723832525239471,0.0,,10,,
2024-06-30,AIQ,0.009020680824316082,0.008818601182058794,0.0044558291068397,0.20027304305808624,0.0,0.06037789351631617,10,,
2024-06-30,HC,0.008772819414474225,0.008558547766131408,0.0044558291068397,0.21240822930501185,0.0,0.01612279018802664,10,,
2024-06-30,LS1,0.008640755002529154,0.008556705749284577,0.0044558291068397,0.08332922581979149,0.0,0.10015184404952238,10,,
2024-06-30,LS2,0.008653458287518439,0.008548841182582922,0.0044558291068397,0.10371957194603651,0.0,0.09368861388848071,10,,
2024-06-30,LS3,0.009301473196348676,0.009117696171863532,0.0044558291068397,0.1820833807992459,0.0,0.1304485931414821,10,,
2024-06-30,LS4,0.008893093628209602,0.008795215909969789,0.0044558291068397,0.09701495516024067,0.0,0.10490262842773045,10,,
2024-06-30,LS5,0.009267371417192293,0.009144852270943193,0.0044558291068397,0.12139414165049135,0.0,0.11791923449457233,10,,
2024-06-30,NLS6,0.008757036800248877,0.008399944099184431,0.0044558291068397,0.3539927733214815,0.0,0.0403725338384653,10,,
2024-06-30,NLS7,0.008797046931518886,0.008419520849082929,0.0044558291068397,0.37423392899914926,0.0,0.03695073724740788,10,,
2024-06-30,NLS8,0.008715212067100804,0.008378832830462368,0.0044558291068397,0.333472949167765,0.0,0.04408862261431114,10,,
2024-06-30,CRE,0.009367425217651288,0.009138857539257472,0.0044558291068397,0.2264464581313828,0.0,0.3147977848530035,10,,
2024-06-30,SRE_STAR,0.009222681015157313,0.009086220192568328,0.0044558291068397,0.13521378894455743,0.0,0.08382963156601496,10,,
2024-06-30,GS_STAR,0.009363107099063477,0.009226454170148779,0.0044558291068397,0.1353853018339104,0.0,0.13001840896533215,10,,
2024-06-30,ID_KAPPA,0.008865011952856577,0.0087593544867699,0.0044558291068397,0.10472904187870773,0.0,0.06375284904702899,10,0.04841057236004569,96.94930365217247
2024-06-30,EW,0.015349826399296562,0.015328215550184376,0.0044558291068397,0.021284141239239107,0.0,,10,,
2024-07-31,AIQ,0.008454823640603593,0.008033787463653352,0.0044002630409687,0.41750623536145504,0.0,0.045814506368739974,10,,
2024-07-31,HC,0.00948354304013881,0.009345917707300533,0.0044002630409687,0.13633241847988792,0.0,0.01393949761261543,10,,
2024-07-31,LS1,0.0074615455602784625,0.007383606937298115,0.0044002630409687,0.07736138746315481,0.0,0.10333848945711083,10,,
2024-07-31,LS2,0.007459912311673743,0.007374274885458831,0.0044002630409687,0.0850033089836814,0.0,0.09477634041878821,10,,
2024-07-31,LS3,0.01086515672555273,0.010582463149106935,0.0044002630409687,0.27965508017051127,0.0,0.12219715011359067,10,,
2024-07-31,LS4,0.009820529813683752,0.009495758611174354,0.0044002630409687,0.32161279447270885,0.0,0.10226273054387998,10,,
2024-07-31,LS5,0.01008616458496968,0.009920149801184941,0.0044002630409687,0.16435705151244256,0.0,0.11784351025384912,10,,
2024-07-31,NLS6,0.011270055033571147,0.010987245238623933,0.0044002630409687,0.27965803351885143,0.0,0.03875552039296341,10,,
2024-07-31,NLS7,0.011414420423972867,0.011116523915080556,0.0044002630409687,0.2945345675093,0.0,0.035082309326917166,10,,
2024-07-31,NLS8,0.011126746604345296,0.01085445237959215,0.0044002630409687,0.2692978161910836,0.0,0.04278570157310541,10,,
2024-07-31,CRE,0.00865182006241822,0.008591638176821625,0.0044002630409687,0.059665668964767216,0.0,0.3029101607479693,10,,
2024-07-31,SRE_STAR,0.00807500852129588,0.008046783041520067,0.0044002630409687,0.02799938450752776,0.0,0.08341985309333123,10,,
2024-07-31,GS_STAR,0.007675986776754461,0.007570161007868448,0.0044002630409687,0.10501963952158269,0.0,0.14637025890828034,10,,
2024-07-31,ID_KAPPA,0.009625044321531658,0.00934960225765935,0.0044002630409687,0.2728161958951312,0.0,0.04910881201222305,10,0.03566648731437694,130.70244445014694
2024-07-31,EW,0.024344748960481437,0.024326028687013945,0.0044002630409687,0.018275364311136202,0.0,,10,,
2024-08-31,AIQ,0.009409712496215814,0.009233201399254876,0.0042413162664582,0.17486566136207748,0.0,0.06435419392190937,10,,
2024-08-31,HC,0.009624500375783506,0.009585921017386978,0.0042413162664582,0.03821159092531118,0.0,0.014207538968815669,10,,
2024-08-31,LS1,0.006892365258699724,0.0068418385268744775,0.0042413162664582,0.050180866961055004,0.0,0.099996260608939,10,,
2024-08-31,LS2,0.006982127261803934,0.006944911923827624,0.0042413162664582,0.03695729742245542,0.0,0.08781729358996618,10,,
2024-08-31,LS3,0.010835328562494638,0.010717173670698799,0.0042413162664582,0.11688836792420956,0.0,0.13267406736573367,10,,
2024-08-31,LS4,0.009356818279421027,0.009201538609795223,0.0042413162664582,0.1538402146929363,0.0,0.1120060069061961,10,,
2024-08-31,LS5,0.010910139965880259,0.010729233702019503,0.0042413162664582,0.17895385228480545,0.0,0.13152480722094748,10,,
2024-08-31,NLS6,0.009263235894875247,0.009206451860888087,0.0042413162664582,0.056262857862572235,0.0,0.041472027005943976,10,,
2024-08-31,NLS7,0.009952898045341559,0.009928992371970535,0.0042413162664582,0.02367008740430597,0.0,0.03687004865539761,10,,
2024-08-31,NLS8,0.008510422798433203,0.008407085914345469,0.0042413162664582,0.10246486476665376,0.0,0.04647007067433304,10,,
2024-08-31,CRE,0.009381849999785667,0.009297679906443479,0.0042413162664582,0.0833877618685916,0.0,0.309067239495074,10,,
2024-08-31,SRE_STAR,0.009678723255923347,0.009620210098748583,0.0042413162664582,0.05795225335271155,0.0,0.08323486392707043,10,,
2024-08-31,GS_STAR,0.007373790572666224,0.007300557817188746,0.0042413162664582,0.07269670519807163,0.0,0.15459462690671316,10,,
2024-08-31,ID_KAPPA,0.009687636498969435,0.009646822638807118,0.0042413162664582,0.04042226396276138,0.0,0.06812399930709694,10,0.05469352066446335,91.37866247538007
2024-08-31,EW,0.014473291648592101,0.014442356806537937,0.0042413162664582,0.03049350072468887,0.0,,10,,
2024-09-30,AIQ,0.013324360043032646,0.0131736764505348,0.0038587110455146,0.1487022304402,0.0,0.08389242444287814,10,,
2024-09-30,HC,0.013630870752963301,0.01359860111570943,0.0038587110455146,0.03183568909043209,0.0,0.017918243653396466,10,,
2024-09-30,LS1,0.012865840051718116,0.012845244085512908,0.0038587110455146,0.020334347739556835,0.0,0.12153549993119234,10,,
2024-09-30,LS2,0.012731627137173494,0.012708810084549382,0.0038587110455146,0.022530206436532696,0.0,0.10446049193827825,10,,
2024-09-30,LS3,0.013225365852615314,0.013168149541930685,0.0038587110455146,0.056469481137027294,0.0,0.14781502956895962,10,,
2024-09-30,LS4,0.013687409985434324,0.013651019444108181,0.0038587110455146,0.035899174605070534,0.0,0.1284750783669902,10,,
2024-09-30,LS5,0.013401982388552364,0.013303842550264067,0.0038587110455146,0.09684196399224022,0.0,0.13528521951141556,10,,
2024-09-30,NLS6,0.013519497569554187,0.013457074752709852,0.0038587110455146,0.06159014897510341,0.0,0.05200802581966148,10,,
2024-09-30,NLS7,0.013528964523298598,0.013471995873186149,0.0038587110455146,0.05620821121695973,0.0,0.04633656246685555,10,,
2024-09-30,NLS8,0.013517113241532808,0.013448368324569637,0.0038587110455146,0.06782807716324557,0.0,0.058193704612199776,10,,
2024-09-30,CRE,0.012039797099873416,0.011999696707859941,0.0038587110455146,0.039623335098359524,0.0,0.31074005085381784,10,,
2024-09-30,SRE_STAR,0.01283600475146914,0.012800095996382543,0.0038587110455146,0.03545367158947464,0.0,0.09618645630725156,10,,
2024-09-30,GS_STAR,0.011693559913528013,0.011668307502704867,0.0038587110455146,0.024960533331103023,0.0,0.08411434691602274,10,,
2024-09-30,ID_KAPPA,0.013973560765095252,0.013947080041484927,0.0038587110455146,0.026115792990016436,0.0,0.08705696396308854,10,0.07040016766719286,70.7251248494739
2024-09-30,EW,0.02277221064230967,0.02275687462889331,0.0038587110455146,0.014994554268146248,0.0,,10,,
2024-10-31,AIQ,-0.004568537777057304,-0.004648930295473197,0.0037867936638156,0.08076148028945697,0.0,0.040731631534352046,10,,
2024-10-31,HC,-0.0024276006577510136,-0.002460140459029536,0.0037867936638156,0.032618987153166405,0.0,0.010582528527220908,10,,
2024-10-31,LS1,-0.0051646606105777895,-0.005204926869810889,0.0037867936638156,0.04047530042294224,0.0,0.1478114074672784,10,,
2024-10-31,LS2,-0.005262582804835102,-0.005305526950446393,0.0037867936638156,0.043171338354216625,0.0,0.13329719257611336,10,,
2024-10-31,LS3,-0.004441583764343045,-0.004546318827774676,0.0037867936638156,0.10520232838535741,0.0,0.17067394142903808,10,,
2024-10-31,LS4,-0.002346908667109414,-0.0024552939972271037,0.0037867936638156,0.10864029897690802,0.0,0.15037739820685525,10,,
2024-10-31,LS5,-0.004174033355660297,-0.004250385587006411,0.0037867936638156,0.0766722639332859,0.0,0.146169963324733,10,,
2024-10-31,NLS6,-0.001035396213547641,-0.001072984536745536,0.0037867936638156,0.037627282343625806,0.0,0.027318424875147494,10,,
2024-10-31,NLS7,-0.0015956872147202903,-0.0016303851444954276,0.0037867936638156,0.034753385307820406,0.0,0.023872485234054917,10,,
2024-10-31,NLS8,-0.00042890051980560103,-0.000469221320910429,0.0037867936638156,0.04033810213782219,0.0,0.031162571094684025,10,,
2024-10-31,CRE,-0.006701012809934395,-0.006772156719151101,0.0037867936638156,0.07162386163094861,0.0,0.3327854990778946,10,,
2024-10-31,SRE_STAR,-0.0033725888769984484,-0.0034056851488101225,0.0037867936638156,0.03320826965258529,0.0,0.10726270225636868,10,,
2024-10-31,GS_STAR,-0.009322550668238238,-0.009356022351206361,0.0037867936638156,0.03378666082548932,0.0,0.09272467095809933,10,,
2024-10-31,ID_KAPPA,-0.0022676362931307557,-0.002306109727538863,0.0037867936638156,0.038560876451051225,0.0,0.04530674137845876,10,0.03509561317888363,134.06857684099884
2024-10-31,EW,-0.015444866906876822,-0.015460711996837406,0.0037867936638156,0.016093654309452726,0.0,,10,,
2024-11-30,AIQ,0.006326577775604009,0.006111468280488586,0.0037388172355212,0.21375714391931144,0.0,0.04062725483585397,10,,
2024-11-30,HC,0.005108759658555711,0.004952475523055888,0.0037388172355212,0.15548977560693658,0.0,0.010594322852636045,10,,
2024-11-30,LS1,0.0032043863381401535,0.003074422693893686,0.0037388172355212,0.12954852073642528,0.0,0.1486983949402385,10,,
2024-11-30,LS2,0.0031557933005128707,0.0030393049200820865,0.0037388172355212,0.11612192364216548,0.0,0.128007686003058,10,,
2024-11-30,LS3,0.007315244655039435,0.007154872035065152,0.0037388172355212,0.1592079746884854,0.0,0.1640036822265794,10,,
2024-11-30,LS4,0.004988684337161994,0.004857981225296681,0.0037388172355212,0.13005431195636286,0.0,0.1526526842181029,10,,
2024-11-30,LS5,0.0068982658696849514,0.0067535638368867446,0.0037388172355212,0.14371067833085263,0.0,0.15125699775009058,10,,
2024-11-30,NLS6,0.006346990286550428,0.006329076853742066,0.0037388172355212,0.017800453502823818,0.0,0.027903026854606557,10,,
2024-11-30,NLS7,0.006946972147227773,0.006924586960119328,0.0037388172355212,0.022230750702551573,0.0,0.024843871912716507,10,,
2024-11-30,NLS8,0.00570508870907563,0.005686359732154589,0.0037388172355212,0.018622732579793105,0.0,0.031252379791048106,10,,
2024-11-30,CRE,0.007094575540447534,0.006934428256096803,0.0037388172355212,0.15901911125348228,0.0,0.3399104024384338,10,,
2024-11-30,SRE_STAR,0.006448041439038531,0.006311756582431549,0.0037388172355212,0.1354117162492059,0.0,0.11161374326831185,10,,
2024-11-30,GS_STAR,0.007489902897662909,0.007349276464194032,0.0037388172355212,0.1395809854414866,0.0,0.15351389648680558,10,,
2024-11-30,ID_KAPPA,0.005074457450559918,0.004925142090671297,0.0037388172355212,0.14856149092404522,0.0,0.04455496357771134,10,0.03432428326365561,134.43491092738012
2024-11-30,EW,0.019792001150871128,0.019771713187890505,0.0037388172355212,0.019894216622413294,0.0,,10,,
2024-12-31,AIQ,-0.0004563604189426171,-0.000870298159500682,0.0035707008042658,0.41412673160684293,0.0,0.06294563101046326,10,,
2024-12-31,HC,0.0002205010045530973,0.00019730483483293426,0.0035707008042658,0.023191056068917096,0.0,0.017330798316273918,10,,
2024-12-31,LS1,-0.0009131605821413543,-0.0010171730046240057,0.0035707008042658,0.10410748933829451,0.0,0.14278852085510435,10,,
2024-12-31,LS2,-0.0010222339686042155,-0.001118923954132045,0.0035707008042658,0.09678892645624532,0.0,0.12083245798758069,10,,
2024-12-31,LS3,-0.0008814083635957086,-0.0009117193426971815,0.0035707008042658,0.030337719020741435,0.0,0.16316716893032515,10,,
2024-12-31,LS4,-0.0004068033236799154,-0.0005059283792501201,0.0035707008042658,0.09916539638304363,0.0,0.15165367588794193,10,,
2024-12-31,LS5,-0.0013153415800998033,-0.001395092047865032,0.0035707008042658,0.07985550503137698,0.0,0.15131738986652657,10,,
2024-12-31,NLS6,0.00020306818470157062,0.00010288452644968693,0.0035707008042658,0.10016331826865331,0.0,0.044461083066918185,10,,
2024-12-31,NLS7,-1.6880121217874606e-05,-0.0001185809182056019,0.0035707008042658,0.10170251373840065,0.0,0.0399547287336979,10,,
2024-12-31,NLS8,0.0004299565286813089,0.0003328309302483845,0.0035707008042658,0.09708385659507489,0.0,0.04941628448508787,10,,
2024-12-31,CRE,-0.0012424138648917714,-0.0013330662366549673,0.0035707008042658,0.09076513963109942,0.0,0.33463253813120675,10,,
2024-12-31,SRE_STAR,-5.884895179001614e-05,-0.0001082864952104412,0.0035707008042658,0.049440452939343946,0.0,0.08687722295930146,10,,
2024-12-31,GS_STAR,-0.002495716142250189,-0.002591040842268244,0.0035707008042658,0.09556319863545018,0.0,0.09258837375796336,10,,
2024-12-31,ID_KAPPA,0.00015560370595853675,0.00013169082892061645,0.0035707008042658,0.02390915668451961,0.0,0.0717847010788801,10,0.055414276410926354,81.75217789640408
2024-12-31,EW,-0.02129263402759188,-0.021326134934870566,0.0035707008042658,0.03422974879263345,0.0,,10,,
